Destination Port,Flow Duration,Total Fwd Packets,Total Backward Packets,Total Length of Fwd Packets,Total Length of Bwd Packets,Fwd Packet Length Max,Fwd Packet Length Mean,Bwd Packet Length Max,Bwd Packet Length Mean,Flow Bytes/s,Flow Packets/s,Flow IAT Mean,Flow IAT Std,Flow IAT Max,Flow IAT Min,Fwd IAT Mean,Fwd IAT Std,Bwd IAT Mean,Bwd IAT Std,Fwd Packets/s,Bwd Packets/s,Min Packet Length,Max Packet Length,Packet Length Mean,Packet Length Std,Packet Length Variance,FIN Flag Count,SYN Flag Count,RST Flag Count
22530,0.0,1,0,54,0,54.0,54.0,0.0,0.0,0.0,0.0,0.0,0.0,0.0,0.0,0.0,0.0,0.0,0.0,0.0,0.0,54.0,54.0,54.0,0.0,0.0,0,0,1
34370,0.0,1,0,54,0,54.0,54.0,0.0,0.0,0.0,0.0,0.0,0.0,0.0,0.0,0.0,0.0,0.0,0.0,0.0,0.0,54.0,54.0,54.0,0.0,0.0,0,0,1
12720,0.0,1,0,54,0,54.0,54.0,0.0,0.0,0.0,0.0,0.0,0.0,0.0,0.0,0.0,0.0,0.0,0.0,0.0,0.0,54.0,54.0,54.0,0.0,0.0,1,0,0
53,1.0578341484069824,1,1,92,215,92.0,92.0,215.0,215.0,290.215626393153,1.8906555465351988,1.0578341484069824,0.0,1.0578341484069824,1.0578341484069824,0.0,0.0,0.0,0.0,0.9453277732675994,0.9453277732675994,92.0,215.0,153.5,61.5,3782.25,0,0,0
53,1.0683979988098145,1,1,92,227,92.0,92.0,227.0,227.0,298.57787112608133,1.8719615744581903,1.0683979988098145,0.0,1.0683979988098145,1.0683979988098145,0.0,0.0,0.0,0.0,0.9359807872290952,0.9359807872290952,92.0,227.0,159.5,67.5,4556.25,0,0,0
443,2.3686869144439697,4,8,216,456,54.0,54.0,66.0,57.0,283.7014870569109,5.066097983159122,0.21533517404036087,0.2244882638958585,0.6744248867034912,3.3855438232421875e-05,0.2301036516825358,0.028341529932291123,0.29985128130231586,0.22752405560675903,1.6886993277197075,3.377398655439415,54.0,66.0,56.0,4.47213595499958,20.0,4,0,3
16663,5.6575798988342285,7,2,392,108,56.0,56.0,54.0,54.0,88.37701083161501,1.5907861949690703,0.7071974873542786,0.7518030650320091,2.3821959495544434,7.891654968261719e-05,0.9429299831390381,0.7292900285017972,0.37261390686035156,0.0,1.2372781516426101,0.3535080433264601,54.0,56.0,55.55555555555556,0.8314794192830981,0.6913580246913581,0,0,2
16657,5.66443395614624,7,2,392,108,56.0,56.0,54.0,54.0,88.2700732096048,1.5888613177728865,0.70805424451828,0.7502327654160634,2.374964952468872,3.504753112792969e-05,0.9440723260243734,0.7268891096076798,0.3656198978424072,0.0,1.2357810249344672,0.35308029283841924,54.0,56.0,55.55555555555556,0.8314794192830981,0.6913580246913581,0,0,2
16661,5.66443395614624,7,2,392,108,56.0,56.0,54.0,54.0,88.2700732096048,1.5888613177728865,0.70805424451828,0.7349498154271588,2.2993621826171875,0.0001838207244873047,0.9440723260243734,0.7057071898202595,0.3727149963378906,0.0,1.2357810249344672,0.35308029283841924,54.0,56.0,55.55555555555556,0.8314794192830981,0.6913580246913581,0,0,2
16656,4.565084934234619,5,1,280,54,56.0,56.0,54.0,54.0,73.16402757268706,1.3143238486111448,0.9130169868469238,0.7571435390261095,2.273707151412964,5.602836608886719e-05,1.1412712335586548,0.675349796968127,0.0,0.0,1.0952698738426208,0.21905397476852415,54.0,56.0,55.666666666666664,0.7453559924999298,0.5555555555555555,0,0,1
16659,4.565084934234619,5,1,280,54,56.0,56.0,54.0,54.0,73.16402757268706,1.3143238486111448,0.9130169868469238,0.747967881749098,2.2461981773376465,0.0001289844512939453,1.1412712335586548,0.6624599239649575,0.0,0.0,1.0952698738426208,0.21905397476852415,54.0,56.0,55.666666666666664,0.7453559924999298,0.5555555555555555,0,0,1
16660,4.931062936782837,6,1,334,54,56.0,55.666666666666664,54.0,54.0,78.6848606424687,1.4195722280857757,0.8218438227971395,0.7463183956675224,2.222644090652466,0.00013685226440429688,0.9862125873565674,0.7115526429422221,0.0,0.0,1.2167761955020935,0.20279603258368223,54.0,56.0,55.42857142857143,0.9035079029052513,0.8163265306122449,0,0,2
16662,4.445623874664307,6,1,336,54,56.0,56.0,54.0,54.0,87.72671980250449,1.5745821503013628,0.7409373124440511,0.6997521056442174,2.041440010070801,0.00016188621520996094,0.8891247749328614,0.6751670278206314,0.0,0.0,1.3496418431154538,0.22494030718590896,54.0,56.0,55.714285714285715,0.6998542122237652,0.4897959183673469,0,0,1
16658,4.416538953781128,5,1,280,54,56.0,56.0,54.0,54.0,75.62482828642389,1.3585298494567166,0.8833077907562256,0.7411816629823716,2.1414568424224854,6.604194641113281e-05,1.104134738445282,0.6654901486594297,0.0,0.0,1.132108207880597,0.2264216415761194,54.0,56.0,55.666666666666664,0.7453559924999298,0.5555555555555555,0,0,1
443,6.402390956878662,3,10,187,570,78.0,62.333333333333336,66.0,57.0,118.23707816322698,2.0304914347714016,0.5335325797398885,0.5509775901300136,1.6999790668487549,4.00543212890625e-05,0.4657100439071655,0.4340730905532837,0.6420358816782633,0.5770620593249091,0.468574946485708,1.5619164882856933,54.0,78.0,58.23076923076923,6.350697674015476,40.33136094674557,1,0,1
443,6.195521831512451,3,10,163,570,55.0,54.333333333333336,66.0,57.0,118.31126092909918,2.098289757269153,0.516293485959371,0.698847067853406,2.3758678436279297,0.00010418891906738281,0.39776599407196045,0.1540130376815796,0.6860041088528104,0.7321241453532187,0.4842207132159584,1.6140690440531946,54.0,66.0,56.38461538461539,2.86996278556579,8.236686390532547,0,0,2
443,4.621047019958496,1,3,66,198,66.0,66.0,66.0,66.0,57.129909922961815,0.8656046958024517,1.540349006652832,0.40492711847666313,1.9979000091552734,1.013355016708374,0.0,0.0,1.5056275129318237,0.4922724962234497,0.21640117395061292,0.6492035218518388,66.0,66.0,66.0,0.0,0.0,0,4,0
12295,0.0,1,0,54,0,54.0,54.0,0.0,0.0,0.0,0.0,0.0,0.0,0.0,0.0,0.0,0.0,0.0,0.0,0.0,0.0,54.0,54.0,54.0,0.0,0.0,0,0,1
1900,6.0379638671875,4,0,668,0,167.0,167.0,0.0,0.0,110.63332187695853,0.6624749812991529,2.0126546223958335,0.0012648605793602866,2.013817071914673,2.0108959674835205,2.0126546223958335,0.0012648605793602866,0.0,0.0,0.6624749812991529,0.0,167.0,167.0,167.0,0.0,0.0,0,0,0
5353,6.004359006881714,4,0,348,0,87.0,87.0,0.0,0.0,57.95789352387996,0.6661826841825282,2.0014530022939048,0.004287014472139152,2.0046041011810303,1.995391845703125,2.0014530022939048,0.004287014472139152,0.0,0.0,0.6661826841825282,0.0,87.0,87.0,87.0,0.0,0.0,0,0,0
443,6.7496490478515625,1,4,82,254,82.0,82.0,66.0,63.5,49.78036600391098,0.7407792560105799,1.6874122619628906,0.8439590196835347,2.8240180015563965,0.48833608627319336,0.0,0.0,1.5962196985880535,0.9573007720046831,0.148155851202116,0.592623404808464,56.0,82.0,67.2,8.352245207128439,69.75999999999999,0,0,0
443,9.0517098903656,5,10,270,546,54.0,54.0,56.0,54.6,90.14871332415643,1.6571454655175815,0.6465507064546857,0.7358655381472868,2.4024369716644287,0.0,1.1651037335395813,0.735153171730652,0.6455954445732964,0.5969664678924818,0.5523818218391938,1.1047636436783876,54.0,56.0,54.4,0.7999999999999999,0.6399999999999999,5,0,4
12298,10.537824153900146,17,12,1476,772,520.0,86.82352941176471,78.0,64.33333333333333,213.32677098886626,2.751991262756727,0.37635086263929096,0.3297980389934606,1.0990328788757324,0.000102996826171875,0.6586140096187592,0.5038508179286422,0.6714666323228315,0.48281810548812165,1.6132362574780812,1.1387550052786455,54.0,520.0,77.51724137931035,84.05770624158684,7065.697978596908,6,0,1
443,9.043879985809326,9,11,486,762,54.0,54.0,78.0,69.27272727272727,137.99387010422805,2.211440226029296,0.47599368346364873,0.6870108446130757,2.4020471572875977,4.506111145019531e-05,0.5938722491264343,0.8068040548246042,0.5241164922714233,0.5285899083561579,0.995148101713183,1.2162921243161127,54.0,78.0,62.4,10.11137972781163,102.24000000000001,8,0,6
443,6.250262022018433,1,3,66,198,66.0,66.0,66.0,66.0,42.238229224627766,0.6399731700701177,2.083420674006144,0.8811750952291447,3.1817729473114014,1.0244200229644775,0.0,0.0,1.5342445373535156,0.5098245143890381,0.15999329251752942,0.47997987755258825,66.0,66.0,66.0,0.0,0.0,0,4,0
53,5.582211971282959,3,1,303,260,101.0,101.0,260.0,260.0,100.85607692726255,0.7165618254157197,1.8607373237609863,0.38861520651050935,2.247335910797119,1.3291499614715576,1.66743803024292,0.3382880687713623,0.0,0.0,0.5374213690617897,0.17914045635392992,101.0,260.0,140.75,68.84901960086287,4740.1875,0,0,0
53,5.58175802230835,3,1,303,248,101.0,101.0,248.0,248.0,98.71441896940789,0.7166201014113095,1.8605860074361165,0.3888937529035159,2.247560977935791,1.32865309715271,1.6670985221862793,0.33844542503356934,0.0,0.0,0.5374650760584821,0.17915502535282737,101.0,248.0,137.75,63.65286717815624,4051.6875,0,0,0
443,5.021092176437378,1,3,66,198,66.0,66.0,66.0,66.0,52.57820225625021,0.7966394281250031,1.6736973921457927,0.46556990224516825,2.0101749897003174,1.015336036682129,0.0,0.0,1.5127555131912231,0.49741947650909424,0.19915985703125078,0.5974795710937524,66.0,66.0,66.0,0.0,0.0,0,4,0
443,0.0,1,0,66,0,66.0,66.0,0.0,0.0,0.0,0.0,0.0,0.0,0.0,0.0,0.0,0.0,0.0,0.0,0.0,0.0,66.0,66.0,66.0,0.0,0.0,0,1,0
443,0.0,1,0,66,0,66.0,66.0,0.0,0.0,0.0,0.0,0.0,0.0,0.0,0.0,0.0,0.0,0.0,0.0,0.0,0.0,66.0,66.0,66.0,0.0,0.0,0,1,0
443,10.705806016921997,15,15,877,2766,78.0,58.46666666666667,520.0,184.4,340.28264609331967,2.8022177828162476,0.36916572472144815,0.3876920293024284,1.011620044708252,0.00010085105895996094,0.7647004297801426,0.5928897570041918,0.6793995073863438,0.5749539938472914,1.4011088914081238,1.4011088914081238,54.0,520.0,121.43333333333334,156.44438486425634,24474.845555555556,5,0,2
43173,10.035591125488281,7,7,450,378,78.0,64.28571428571429,54.0,54.0,82.50635061217818,1.3950349137324813,0.7719685481144831,0.8877340682991128,3.221705913543701,0.0,1.6725985209147136,2.695896993231439,1.2972431580225627,1.01063165764569,0.6975174568662407,0.6975174568662407,54.0,78.0,59.142857142857146,7.472398188926868,55.83673469387754,6,0,2
27020,5.7211809158325195,6,5,648,320,108.0,108.0,66.0,64.0,169.19583810419343,1.9226799784567434,0.572118091583252,0.6919371337855686,2.4081737995147705,0.007117033004760742,0.96589035987854,0.791672384262731,0.14739751815795898,0.14519143096282644,1.0487345337036782,0.8739454447530651,56.0,108.0,88.0,22.07425485203809,487.27272727272725,0,0,0
5353,0.0,1,0,119,0,119.0,119.0,0.0,0.0,0.0,0.0,0.0,0.0,0.0,0.0,0.0,0.0,0.0,0.0,0.0,0.0,119.0,119.0,119.0,0.0,0.0,0,0,0
53,3.3303420543670654,3,0,276,0,92.0,92.0,0.0,0.0,82.87437010804406,0.9008083707396094,1.6651710271835327,0.33804595470428467,2.0032169818878174,1.327125072479248,1.6651710271835327,0.33804595470428467,0.0,0.0,0.9008083707396094,0.0,92.0,92.0,92.0,0.0,0.0,0,0,0
53,3.3300161361694336,3,0,276,0,92.0,92.0,0.0,0.0,82.88248125953133,0.9008965354296884,1.6650080680847168,0.3384270668029785,2.0034351348876953,1.3265810012817383,1.6650080680847168,0.3384270668029785,0.0,0.0,0.9008965354296884,0.0,92.0,92.0,92.0,0.0,0.0,0,0,0
53,3.3295769691467285,3,0,261,0,87.0,87.0,0.0,0.0,78.38833654201018,0.9010153625518411,1.6647884845733643,0.33957743644714355,2.004365921020508,1.3252110481262207,1.6647884845733643,0.33957743644714355,0.0,0.0,0.9010153625518411,0.0,87.0,87.0,87.0,0.0,0.0,0,0,0
53,1.6677658557891846,1,1,92,212,92.0,92.0,212.0,212.0,182.2797840264859,1.1992091054374072,1.6677658557891846,0.0,1.6677658557891846,1.6677658557891846,0.0,0.0,0.0,0.0,0.5996045527187036,0.5996045527187036,92.0,212.0,152.0,60.0,3600.0,0,0,0
53,1.6661269664764404,1,1,92,236,92.0,92.0,236.0,236.0,196.86374844148952,1.2003887100090824,1.6661269664764404,0.0,1.6661269664764404,1.6661269664764404,0.0,0.0,0.0,0.0,0.6001943550045412,0.6001943550045412,92.0,236.0,164.0,72.0,5184.0,0,0,0
53,1.104590892791748,1,1,87,315,87.0,87.0,315.0,315.0,363.93564587879536,1.8106251038746037,1.104590892791748,0.0,1.104590892791748,1.104590892791748,0.0,0.0,0.0,0.0,0.9053125519373019,0.9053125519373019,87.0,315.0,201.0,114.0,12996.0,0,0,0
20317,22.082327127456665,35,36,13227,9116,2614.0,377.9142857142857,1785.0,253.22222222222223,1011.8045924706558,3.2152408389838683,0.3154618161065238,0.33657446146376857,1.0125579833984375,0.0,0.6494802096310783,1.537248044265525,0.584908744267055,0.42886879485466617,1.5849778783723294,1.6302629606115389,54.0,2614.0,314.6901408450704,580.7595704206617,337281.67863519146,9,0,1
20324,22.020932912826538,31,33,11491,8897,2614.0,370.6774193548387,1764.0,269.6060606060606,925.8463336094447,2.906325551844441,0.3495386176639133,0.3374723995899961,1.0125930309295654,0.0,0.734031097094218,1.624826036294308,0.6393452808260918,0.4216501781178313,1.407751439174651,1.4985741126697898,54.0,2614.0,318.5625,593.2661680002914,351964.74609375,9,0,1
20323,22.058560132980347,31,34,11481,9379,2614.0,370.35483870967744,1773.0,275.8529411764706,945.664625172504,2.9467018521674384,0.3446650020778179,0.3365731304484898,1.0125820636749268,0.0,0.7352853377660116,1.6357727929866193,0.6277328476761327,0.43554031241328595,1.4053501141106244,1.5413517380568138,54.0,2614.0,320.9230769230769,589.3997287382192,347392.0402366864,9,0,1
20325,22.035829067230225,32,33,11547,8924,2614.0,360.84375,1791.0,270.42424242424244,928.9870572849331,2.9497415233022646,0.34430982917547226,0.3398179272020936,1.013063907623291,0.0,0.710833195717104,1.6102266411334794,0.6451373770833015,0.4303354427409857,1.4521804422411149,1.4975610810611497,54.0,2614.0,314.9384615384615,590.6008902783954,348809.41159763315,9,0,1
20326,21.932393074035645,32,34,11689,8921,2614.0,365.28125,1745.0,262.38235294117646,939.7059377163388,3.0092475443609104,0.3374214319082407,0.3399312067626466,1.016895055770874,0.0,0.7074965507753433,1.624646312923034,0.6161654284506133,0.41053115975996585,1.459029112417411,1.5502184319434993,54.0,2614.0,312.27272727272725,553.9406910998671,306850.2892561984,7,0,1
12299,21.684551000595093,26,26,2948,8560,520.0,113.38461538461539,2654.0,329.2307692307692,530.7004050802889,2.398020599945692,0.4251872745214724,0.397407012200896,1.014944076538086,0.0,0.8673820400238037,1.0828243564229978,0.8251383972167968,0.5535575278928425,1.199010299972846,1.199010299972846,54.0,2654.0,221.30769230769232,496.75870703768385,246769.21301775143,5,0,1
23752,3.5104000568389893,6,6,422,460,78.0,70.33333333333333,82.0,76.66666666666667,251.25341434566144,3.418413800621244,0.31912727789445355,0.5707597844338371,1.9265310764312744,8.988380432128906e-05,0.7020800113677979,0.8016817984307588,0.6747129917144775,0.6959941471884227,1.709206900310622,1.709206900310622,56.0,82.0,73.5,8.568352622684635,73.41666666666667,0,0,0
32808,2.9954609870910645,3,0,198,0,66.0,66.0,0.0,0.0,66.10000959895014,1.00151529695379,1.4977304935455322,0.5008094310760498,1.998539924621582,0.9969210624694824,1.4977304935455322,0.5008094310760498,0.0,0.0,1.00151529695379,0.0,66.0,66.0,66.0,0.0,0.0,0,3,0
32807,2.99367094039917,3,0,198,0,66.0,66.0,0.0,0.0,66.13953368355143,1.0021141467204764,1.496835470199585,0.5017044544219971,1.998539924621582,0.9951310157775879,1.496835470199585,0.5017044544219971,0.0,0.0,1.0021141467204764,0.0,66.0,66.0,66.0,0.0,0.0,0,3,0
443,12.52921986579895,14,10,948,686,78.0,67.71428571428571,78.0,68.6,130.41514296196004,1.915522295646904,0.5447486898173457,0.7200255970973866,2.4146018028259277,0.0,0.7146638356722318,0.6887083748183628,0.4419353273179796,0.7030770843002307,1.1173880057940273,0.7981342898528767,54.0,78.0,68.08333333333333,11.21723624111077,125.8263888888889,14,0,4
443,3.6899571418762207,2,2,120,132,66.0,60.0,66.0,66.0,68.29347613286001,1.0840234306803176,1.2299857139587402,0.9181219462040782,2.2058470249176025,0.00030517578125,1.4841101169586182,0.0,2.2061522006988525,0.0,0.5420117153401588,0.5420117153401588,54.0,66.0,63.0,5.196152422706632,27.0,0,3,1
20316,25.646910190582275,34,42,10787,14318,2614.0,317.2647058823529,1354.0,340.9047619047619,978.8703517673147,2.9633199256847607,0.341958802541097,0.3387521805116549,1.0167920589447021,0.0,0.7771781574596058,1.6144623903682354,0.613849855050808,0.35169847640738094,1.325695756227393,1.6376241694573677,54.0,2614.0,330.32894736842104,574.8086727030843,330405.0102146815,7,0,2
20321,25.62655997276306,33,40,10751,11582,2614.0,325.7878787878788,1354.0,289.55,871.4786543233431,2.8486070731923183,0.35592444406615364,0.34778891404274737,1.0169079303741455,0.0,0.8008267804980278,1.649580152792565,0.6451733540265988,0.3506016394937319,1.287726485141733,1.5608805880505854,54.0,2614.0,305.93150684931504,543.1991569174345,295065.3240758116,6,0,1
20315,25.632639169692993,36,42,11040,10622,2614.0,306.6666666666667,1354.0,252.9047619047619,845.0944070407031,3.0429952797144697,0.3328914177882207,0.33924668256823576,1.0126338005065918,4.506111145019531e-05,0.7323596341269357,1.231618878928831,0.6142461474348859,0.36773629820540976,1.4044593598682167,1.6385359198462528,54.0,2614.0,277.71794871794873,477.88494746243765,228374.02301117682,7,0,2
20320,25.535406827926636,34,41,10785,10807,2614.0,317.20588235294116,1354.0,263.5853658536585,845.5710200937956,2.937098300622206,0.34507306524225184,0.34581933848000085,1.0126700401306152,0.0,0.7737983934807054,1.4221690128648683,0.6274147510528565,0.3841668867087987,1.3314845629487335,1.6056137376734727,54.0,2614.0,287.8933333333333,487.2399976283647,237402.8152888888,7,0,1
20314,25.61355996131897,35,42,10853,11702,2614.0,310.0857142857143,1354.0,278.6190476190476,880.5882522406905,3.0062201473080545,0.33702052580682856,0.3372128021318734,1.012603998184204,0.0,0.753336885396172,1.5933971661755257,0.6131641225117009,0.3549634641328927,1.366463703321843,1.6397564439862116,54.0,2614.0,292.9220779220779,532.3990732044234,283448.77314892906,7,0,2
20319,25.523092031478882,32,41,10665,11654,2614.0,333.28125,1354.0,284.2439024390244,874.463014609393,2.8601550278455887,0.3544873893260956,0.3433420275793335,1.0131080150604248,0.0,0.8233233267261136,1.6585288614344416,0.6252635002136231,0.3589861760881238,1.2537665875487511,1.6063884402968374,54.0,2614.0,305.73972602739724,543.9914137969977,295926.6582848564,7,0,1
20322,25.576392889022827,33,40,10731,11336,2614.0,325.1818181818182,1354.0,283.4,862.7878096708066,2.854194503374672,0.35522767901420593,0.34121591416088315,1.016516923904419,0.0,0.7992512509226799,1.6182549335475869,0.6421361764272054,0.36047184718103076,1.2902523097447147,1.5639421936299573,54.0,2614.0,302.28767123287673,540.8202415624048,292486.53368361795,6,0,1
20318,25.501386880874634,34,41,10785,11371,2614.0,317.20588235294116,1354.0,277.3414634146341,868.8154924082351,2.9410165160957584,0.3446133362280356,0.34323428129585676,1.012634038925171,0.0,0.7727688442577015,1.4178734026824573,0.6248259246349335,0.39031682136122914,1.3332608206300773,1.6077556954656813,54.0,2614.0,295.41333333333336,492.5564629111626,242611.86915555553,7,0,1
20330,25.564421892166138,33,46,11886,13593,2614.0,360.1818181818182,1354.0,295.5,996.6585635096128,3.0902322115176974,0.3277489986175146,0.32837111914868794,1.0460360050201416,0.0,0.798877939581871,1.3188552125717754,0.5574581517113579,0.37950141012419825,1.290856493418785,1.7993757180989123,54.0,2614.0,322.5189873417722,522.5328978986073,273040.62938631634,7,0,2
20331,25.53617215156555,37,45,12150,11134,2614.0,328.3783783783784,1354.0,247.42222222222222,911.8046299892493,3.211131234286138,0.315261384587229,0.3277594490245386,1.0459480285644531,0.0,0.7093368106418185,1.26782599358468,0.569272821599787,0.3774235661448747,1.4489250691291111,1.762206165157027,54.0,2614.0,283.9512195121951,485.54005392132933,235749.14396192742,7,0,2
20327,25.531867027282715,35,43,12028,11019,2614.0,343.65714285714284,1354.0,256.25581395348837,902.6758589715571,3.0550057274170803,0.33158268866600926,0.32344252289717684,1.0459718704223633,0.0,0.7509272379033706,1.2836491413713387,0.5981923568816412,0.3604672989749978,1.3708359033281772,1.6841698240889034,54.0,2614.0,295.47435897435895,495.0057426333292,245030.68523997374,7,0,1
20329,25.503774166107178,36,44,12084,10533,2614.0,335.6666666666667,1354.0,239.38636363636363,886.8099228253241,3.136790636513504,0.3228325843811035,0.32463213325185136,1.0460069179534912,0.0,0.7286784035818917,1.2739607793196999,0.5829233956891436,0.36705846305302015,1.4115557864310768,1.7252348500824273,54.0,2614.0,282.7125,486.36321802100736,236549.17984374994,7,0,2
20328,25.499617099761963,35,44,12018,11079,2614.0,343.37142857142857,1354.0,251.79545454545453,905.778306773697,3.098085735598652,0.3269181679456662,0.32690188858948854,1.0459949970245361,0.0,0.7499868519165936,1.2882625204467433,0.5813280482624852,0.37032920986045925,1.3725696296956051,1.7255161059030466,54.0,2614.0,292.36708860759495,492.711566771843,242764.68803076432,7,0,2
443,4.472846984863281,2,3,120,198,66.0,60.0,66.0,66.0,71.09565810682882,1.1178562595413337,1.1182117462158203,0.9645175246419573,2.6545979976654053,4.506111145019531e-05,0.8020420074462891,0.0,1.8354250192642212,0.8191729784011841,0.4471425038165335,0.6707137557248002,54.0,66.0,63.6,4.8,23.04,0,4,1
443,4.640815019607544,6,2,2772,120,866.0,462.0,66.0,60.0,623.1664024058786,1.723835138052223,0.6629735742296491,0.606197156493593,1.8269760608673096,0.00016880035400390625,0.7016736030578613,0.6172675068849247,4.052397012710571,0.0,1.2928763535391672,0.43095878451305575,54.0,866.0,361.5,390.81165540449274,152733.75,3,2,1
443,4.466638088226318,6,2,336,120,66.0,56.0,66.0,60.0,102.09020542809985,1.791056235580699,0.6380911554609027,0.7986732747832676,2.3225209712982178,0.00013184547424316406,0.8933276176452637,0.8155681383699105,4.081668853759766,0.0,1.3432921766855244,0.44776405889517473,54.0,66.0,57.0,5.196152422706632,27.0,4,2,0
443,3.7262721061706543,2,3,120,198,66.0,60.0,66.0,66.0,85.33998348467264,1.3418236396961107,0.9315680265426636,0.9880112936315313,2.5059239864349365,7.200241088867188e-05,0.19083595275878906,0.0,1.767754077911377,0.7381699085235596,0.5367294558784443,0.8050941838176665,54.0,66.0,63.6,4.8,23.04,0,4,1
443,3.4312338829040527,12,12,2283,11534,531.0,190.25,3894.0,961.1666666666666,4026.8313007873044,6.994568373662539,0.1491840818653936,0.29879811903508524,1.2675960063934326,0.0,0.3119303529912775,0.3694832158031595,0.2873019955374978,0.4868168989565501,3.4972841868312696,3.4972841868312696,54.0,3894.0,575.7083333333334,917.0465491259912,840974.3732638889,0,3,0
53,0.4893341064453125,1,1,74,270,74.0,74.0,270.0,270.0,702.9961645202532,4.087187003024728,0.4893341064453125,0.0,0.4893341064453125,0.4893341064453125,0.0,0.0,0.0,0.0,2.043593501512364,2.043593501512364,74.0,270.0,172.0,98.0,9604.0,0,0,0
53,0.4875938892364502,1,1,74,246,74.0,74.0,246.0,246.0,656.2838605321847,4.101774128326155,0.4875938892364502,0.0,0.4875938892364502,0.4875938892364502,0.0,0.0,0.0,0.0,2.0508870641630774,2.0508870641630774,74.0,246.0,160.0,86.0,7396.0,0,0,0
443,4.31813907623291,1,3,66,198,66.0,66.0,66.0,66.0,61.13744725200242,0.926324958363673,1.4393796920776367,0.199024833517258,1.7177600860595703,1.2642090320587158,0.0,0.0,1.5269650220870972,0.19079506397247314,0.23158123959091825,0.6947437187727548,66.0,66.0,66.0,0.0,0.0,0,4,0
62393,27.565540075302124,59,56,12510,49856,1334.0,212.03389830508473,3954.0,890.2857142857143,2262.4624741482216,4.1718754534048275,0.2418029831166853,0.3080932262014496,1.015030860900879,0.0,0.47526793233279524,0.8791874403580487,0.4908011826601895,0.519273794878933,2.140353493485955,2.0315219599188725,54.0,3954.0,542.3130434782609,833.8354270448607,695281.5193950852,2,0,0
5353,0.0,1,0,119,0,119.0,119.0,0.0,0.0,0.0,0.0,0.0,0.0,0.0,0.0,0.0,0.0,0.0,0.0,0.0,0.0,119.0,119.0,119.0,0.0,0.0,0,0,0
53,0.07062101364135742,1,1,92,227,92.0,92.0,227.0,227.0,4517.069120814568,28.320182575639926,0.07062101364135742,0.0,0.07062101364135742,0.07062101364135742,0.0,0.0,0.0,0.0,14.160091287819963,14.160091287819963,92.0,227.0,159.5,67.5,4556.25,0,0,0
53,0.07531213760375977,1,1,92,215,92.0,92.0,215.0,215.0,4076.3681627949677,26.556144383029107,0.07531213760375977,0.0,0.07531213760375977,0.07531213760375977,0.0,0.0,0.0,0.0,13.278072191514553,13.278072191514553,92.0,215.0,153.5,61.5,3782.25,0,0,0
443,0.3082728385925293,2,1,120,66,66.0,60.0,66.0,66.0,603.3616222863286,9.731639069134332,0.15413641929626465,0.1540975570678711,0.30823397636413574,3.886222839355469e-05,0.3082728385925293,0.0,0.0,0.0,6.487759379422888,3.243879689711444,54.0,66.0,62.0,5.656854249492381,32.0,0,2,1
27020,0.17049098014831543,1,1,108,56,108.0,108.0,56.0,56.0,961.9277210872463,11.730825866917638,0.17049098014831543,0.0,0.17049098014831543,0.17049098014831543,0.0,0.0,0.0,0.0,5.865412933458819,5.865412933458819,56.0,108.0,82.0,26.0,676.0,0,0,0
443,0.29274702072143555,2,1,120,66,66.0,60.0,66.0,66.0,635.3608639351071,10.247755869921082,0.14637351036071777,0.1460585594177246,0.2924320697784424,0.00031495094299316406,0.29274702072143555,0.0,0.0,0.0,6.831837246614056,3.415918623307028,54.0,66.0,62.0,5.656854249492381,32.0,0,2,1
23752,1.0672478675842285,4,3,278,230,78.0,69.5,82.0,76.66666666666667,475.99064418829397,6.558926199444996,0.17787464459737143,0.17497885466179872,0.4525139331817627,0.000164031982421875,0.35574928919474286,0.08325321136513969,0.2167750597000122,0.14649498462677002,3.7479578282542834,2.8109683711907123,56.0,82.0,72.57142857142857,9.240549502169273,85.38775510204081,0,0,0
53,0.045144081115722656,1,1,71,103,71.0,71.0,103.0,103.0,3854.3258761645225,44.30259627775313,0.045144081115722656,0.0,0.045144081115722656,0.045144081115722656,0.0,0.0,0.0,0.0,22.151298138876566,22.151298138876566,71.0,103.0,87.0,16.0,256.0,0,0,0
53,0.756335973739624,1,1,71,132,71.0,71.0,132.0,132.0,268.39923929082437,2.644327480697777,0.756335973739624,0.0,0.756335973739624,0.756335973739624,0.0,0.0,0.0,0.0,1.3221637403488884,1.3221637403488884,71.0,132.0,101.5,30.5,930.25,0,0,0
53,0.7547578811645508,1,1,71,99,71.0,71.0,99.0,99.0,225.23779379116803,2.6498563975431533,0.7547578811645508,0.0,0.7547578811645508,0.7547578811645508,0.0,0.0,0.0,0.0,1.3249281987715766,1.3249281987715766,71.0,99.0,85.0,14.0,196.0,0,0,0
53,0.8951530456542969,1,1,79,129,79.0,79.0,129.0,129.0,232.36250047941908,2.2342548123021064,0.8951530456542969,0.0,0.8951530456542969,0.8951530456542969,0.0,0.0,0.0,0.0,1.1171274061510532,1.1171274061510532,79.0,129.0,104.0,25.0,625.0,0,0,0
53,0.8939330577850342,1,1,79,107,79.0,79.0,107.0,107.0,208.0692713846676,2.2373039933835224,0.8939330577850342,0.0,0.8939330577850342,0.8939330577850342,0.0,0.0,0.0,0.0,1.1186519966917612,1.1186519966917612,79.0,107.0,93.0,14.0,196.0,0,0,0
53,0.8986210823059082,1,1,79,95,79.0,79.0,95.0,95.0,193.6299998142788,2.225632181773319,0.8986210823059082,0.0,0.8986210823059082,0.8986210823059082,0.0,0.0,0.0,0.0,1.1128160908866596,1.1128160908866596,79.0,95.0,87.0,8.0,64.0,0,0,0
53,0.5657861232757568,1,1,94,158,94.0,94.0,158.0,158.0,445.39798632915296,3.534904653405976,0.5657861232757568,0.0,0.5657861232757568,0.5657861232757568,0.0,0.0,0.0,0.0,1.767452326702988,1.767452326702988,94.0,158.0,126.0,32.0,1024.0,0,0,0
443,0.3676259517669678,2,1,120,66,66.0,60.0,66.0,66.0,505.9490471388223,8.16046850223907,0.1838129758834839,0.18369996547698975,0.36751294136047363,0.00011301040649414062,0.3676259517669678,0.0,0.0,0.0,5.4403123348260465,2.7201561674130232,54.0,66.0,62.0,5.656854249492381,32.0,0,2,1
5353,0.0,1,0,119,0,119.0,119.0,0.0,0.0,0.0,0.0,0.0,0.0,0.0,0.0,0.0,0.0,0.0,0.0,0.0,0.0,119.0,119.0,119.0,0.0,0.0,0,0,0
27020,2.046126127243042,4,4,525,766,157.0,131.25,578.0,191.5,630.9483969785862,3.909827401881247,0.2923037324632917,0.11597488326906295,0.4796731472015381,0.0552670955657959,0.4145220120747884,0.1584867471771022,0.3734246889750163,0.0887452827668345,1.9549137009406234,1.9549137009406234,54.0,578.0,161.375,163.72991289010082,26807.484375,0,0,0
48144,0.00015282630920410156,1,1,56,54,56.0,56.0,54.0,54.0,719771.3572542901,13086.751950078004,0.00015282630920410156,0.0,0.00015282630920410156,0.00015282630920410156,0.0,0.0,0.0,0.0,6543.375975039002,6543.375975039002,54.0,56.0,55.0,1.0,1.0,0,0,0
23752,0.05004286766052246,2,1,134,82,78.0,67.0,82.0,82.0,4316.29940684628,59.948602872865,0.02502143383026123,0.022707581520080566,0.0477290153503418,0.002313852310180664,0.05004286766052246,0.0,0.0,0.0,39.96573524857667,19.982867624288335,56.0,82.0,72.0,11.430952132988164,130.66666666666666,0,0,0
27020,0.6074819564819336,2,2,216,122,108.0,108.0,66.0,61.0,556.3951264617554,6.584557709606572,0.20249398549397787,0.12036481083792364,0.3007948398590088,0.03299307823181152,0.3007948398590088,0.0,0.2736940383911133,0.0,3.292278854803286,3.292278854803286,56.0,108.0,84.5,23.76446927663229,564.75,0,0,0
5353,0.0,1,0,119,0,119.0,119.0,0.0,0.0,0.0,0.0,0.0,0.0,0.0,0.0,0.0,0.0,0.0,0.0,0.0,0.0,119.0,119.0,119.0,0.0,0.0,0,0,0
23752,0.10077404975891113,2,1,134,82,78.0,67.0,82.0,82.0,2143.4089482039476,29.769568725054828,0.050387024879455566,0.04902303218841553,0.0994100570678711,0.001363992691040039,0.10077404975891113,0.0,0.0,0.0,19.846379150036555,9.923189575018277,56.0,82.0,72.0,11.430952132988164,130.66666666666666,0,0,0
5353,0.0,1,0,119,0,119.0,119.0,0.0,0.0,0.0,0.0,0.0,0.0,0.0,0.0,0.0,0.0,0.0,0.0,0.0,0.0,119.0,119.0,119.0,0.0,0.0,0,0,0
27020,0.07068204879760742,1,1,108,56,108.0,108.0,56.0,56.0,2320.2496643751983,28.295727614331685,0.07068204879760742,0.0,0.07068204879760742,0.07068204879760742,0.0,0.0,0.0,0.0,14.147863807165843,14.147863807165843,56.0,108.0,82.0,26.0,676.0,0,0,0
53,0.0042459964752197266,1,1,73,73,73.0,73.0,73.0,73.0,34385.332360042674,471.0319501375709,0.0042459964752197266,0.0,0.0042459964752197266,0.0042459964752197266,0.0,0.0,0.0,0.0,235.51597506878545,235.51597506878545,73.0,73.0,73.0,0.0,0.0,0,0,0
53,0.07774901390075684,1,1,84,229,84.0,84.0,229.0,229.0,4025.774531359724,25.72379892242635,0.07774901390075684,0.0,0.07774901390075684,0.07774901390075684,0.0,0.0,0.0,0.0,12.861899461213175,12.861899461213175,84.0,229.0,156.5,72.5,5256.25,0,0,0
53,0.07725214958190918,1,1,84,224,84.0,84.0,224.0,224.0,3986.9440742672496,25.88924723550162,0.07725214958190918,0.0,0.07725214958190918,0.07725214958190918,0.0,0.0,0.0,0.0,12.94462361775081,12.94462361775081,84.0,224.0,154.0,70.0,4900.0,0,0,0
80,3.2014100551605225,8,3,550,325,136.0,68.75,205.0,108.33333333333333,273.3170649569058,3.435985959458245,0.32014100551605223,0.6371681557127574,2.012747049331665,7.104873657226562e-05,0.45734429359436035,0.7197299070380149,0.076712965965271,0.019523024559020996,2.498898879605996,0.9370870798522486,54.0,205.0,79.54545454545455,45.64958157005014,2083.884297520661,2,4,0
80,3.1937448978424072,8,4,550,381,136.0,68.75,205.0,95.25,291.50731501096226,3.757344554384046,0.29034044525840064,0.6145297018089376,2.0127627849578857,0.0,0.4562492711203439,0.7201295049438884,0.05063962936401367,0.03765847059913345,2.504896369589364,1.252448184794682,54.0,205.0,77.58333333333333,44.18796656205045,1952.5763888888887,2,4,0
53,0.043122053146362305,1,1,73,178,73.0,73.0,178.0,178.0,5820.687599175085,46.37998086992099,0.043122053146362305,0.0,0.043122053146362305,0.043122053146362305,0.0,0.0,0.0,0.0,23.189990434960496,23.189990434960496,73.0,178.0,125.5,52.5,2756.25,0,0,0
53,0.04308605194091797,1,1,73,202,73.0,73.0,202.0,202.0,6382.575975563868,46.41873436773722,0.04308605194091797,0.0,0.04308605194091797,0.04308605194091797,0.0,0.0,0.0,0.0,23.20936718386861,23.20936718386861,73.0,202.0,137.5,64.5,4160.25,0,0,0
80,0.20679306983947754,6,3,418,325,136.0,69.66666666666667,205.0,108.33333333333333,3592.96373218286,43.52176795376277,0.025849133729934692,0.02132410385482099,0.053739070892333984,0.00019598007202148438,0.04135861396789551,0.032597059123359765,0.08572399616241455,0.04012405872344971,29.01451196917518,14.50725598458759,54.0,205.0,82.55555555555556,49.971349816361126,2497.1358024691353,2,2,0
5353,0.0,1,0,119,0,119.0,119.0,0.0,0.0,0.0,0.0,0.0,0.0,0.0,0.0,0.0,0.0,0.0,0.0,0.0,0.0,119.0,119.0,119.0,0.0,0.0,0,0,0
443,0.6033511161804199,17,15,1820,6799,524.0,107.05882352941177,3898.0,453.26666666666665,14285.214311964019,53.03711079972718,0.01946293923162645,0.05030706357402563,0.2724909782409668,0.0,0.037709444761276245,0.0706662105668799,0.04000185217176165,0.07051819222218872,28.175965112355065,24.86114568737212,54.0,3898.0,269.34375,677.2397382655107,458653.6630859375,2,2,0
53,6.06306004524231,3,3,247,498,94.0,82.33333333333333,202.0,166.0,122.8752468952707,0.9895993038545292,1.212612009048462,1.1712438510974663,3.0478670597076416,0.03767704963684082,2.5756094455718994,0.5163264274597168,3.0126914978027344,0.947016716003418,0.4947996519272646,0.4947996519272646,73.0,202.0,124.16666666666667,46.319242461661894,2145.472222222222,0,0,0
53,4.0044591426849365,2,2,153,304,80.0,76.5,178.0,152.0,114.12277756281154,0.9988864556920047,1.3348197142283122,1.2662888082085197,3.053226947784424,0.039108991622924805,3.0923359394073486,0.0,3.9653501510620117,0.0,0.49944322784600237,0.49944322784600237,73.0,178.0,114.25,42.06171061666418,1769.1875,0,0,0
53,0.18206405639648438,1,1,92,219,92.0,92.0,219.0,219.0,1708.1899972761748,10.985144677017201,0.18206405639648438,0.0,0.18206405639648438,0.18206405639648438,0.0,0.0,0.0,0.0,5.492572338508601,5.492572338508601,92.0,219.0,155.5,63.5,4032.25,0,0,0
53,0.19338679313659668,1,1,92,231,92.0,92.0,231.0,231.0,1670.2278100855235,10.341967864306646,0.19338679313659668,0.0,0.19338679313659668,0.19338679313659668,0.0,0.0,0.0,0.0,5.170983932153323,5.170983932153323,92.0,231.0,161.5,69.5,4830.25,0,0,0
80,0.16492605209350586,6,3,418,325,136.0,69.66666666666667,205.0,108.33333333333333,4505.049327069028,54.56991109504879,0.020615756511688232,0.02116064324854922,0.0538640022277832,0.00011706352233886719,0.03298521041870117,0.030670556390944438,0.05932903289794922,0.029679059982299805,36.37994073003252,18.18997036501626,54.0,205.0,82.55555555555556,49.971349816361126,2497.1358024691353,2,2,0
80,0.12723493576049805,6,3,418,325,136.0,69.66666666666667,205.0,108.33333333333333,5839.591111977244,70.73528937792085,0.015904366970062256,0.018061881239495807,0.05435919761657715,0.0001990795135498047,0.025446987152099608,0.02871811310668624,0.0522080659866333,0.026211142539978027,47.15685958528057,23.578429792640286,54.0,205.0,82.55555555555556,49.971349816361126,2497.1358024691353,2,2,0
27020,0.0808720588684082,1,1,108,54,108.0,108.0,54.0,54.0,2003.1640379478895,24.730420221578882,0.0808720588684082,0.0,0.0808720588684082,0.0808720588684082,0.0,0.0,0.0,0.0,12.365210110789441,12.365210110789441,54.0,108.0,81.0,27.0,729.0,0,0,0
443,0.06621003150939941,1,1,55,54,55.0,55.0,54.0,54.0,1646.2762139680597,30.20690300858825,0.06621003150939941,0.0,0.06621003150939941,0.06621003150939941,0.0,0.0,0.0,0.0,15.103451504294124,15.103451504294124,54.0,55.0,54.5,0.5,0.25,0,0,1
5353,3.897716999053955,4,0,380,0,119.0,95.0,0.0,0.0,97.49296834332321,1.0262417720349812,1.2992389996846516,0.4651018794996102,1.849574089050293,0.7120969295501709,1.2992389996846516,0.4651018794996102,0.0,0.0,1.0262417720349812,0.0,87.0,119.0,95.0,13.856406460551018,192.0,0,0,0
1900,3.7295379638671875,3,0,501,0,167.0,167.0,0.0,0.0,134.3329937525315,0.8043891841468953,1.8647689819335938,0.18413615226745605,2.04890513420105,1.6806328296661377,1.8647689819335938,0.18413615226745605,0.0,0.0,0.8043891841468953,0.0,167.0,167.0,167.0,0.0,0.0,0,0,0
53,0.03471207618713379,1,1,73,178,73.0,73.0,178.0,178.0,7230.912914769254,57.61683597425701,0.03471207618713379,0.0,0.03471207618713379,0.03471207618713379,0.0,0.0,0.0,0.0,28.808417987128504,28.808417987128504,73.0,178.0,125.5,52.5,2756.25,0,0,0
53,0.03249192237854004,1,1,73,202,73.0,73.0,202.0,202.0,8463.642033739112,61.553760245375365,0.03249192237854004,0.0,0.03249192237854004,0.03249192237854004,0.0,0.0,0.0,0.0,30.776880122687682,30.776880122687682,73.0,202.0,137.5,64.5,4160.25,0,0,0
80,0.1429271697998047,6,4,418,381,136.0,69.66666666666667,205.0,95.25,5590.259718422633,69.96570360979516,0.015880796644422743,0.015061095067942662,0.050071001052856445,9.512901306152344e-05,0.028585433959960938,0.02884516002990574,0.03986962636311849,0.032265183145307165,41.9794221658771,27.986281443918063,54.0,205.0,79.9,48.07171725661566,2310.8900000000003,2,2,0
53,0.04513192176818848,1,1,108,193,108.0,108.0,193.0,193.0,6669.33709461851,44.31453219015621,0.04513192176818848,0.0,0.04513192176818848,0.04513192176818848,0.0,0.0,0.0,0.0,22.157266095078104,22.157266095078104,108.0,193.0,150.5,42.5,1806.25,0,0,0
53,0.043745994567871094,1,1,108,205,108.0,108.0,205.0,205.0,7154.9407686773775,45.71847136535066,0.043745994567871094,0.0,0.043745994567871094,0.043745994567871094,0.0,0.0,0.0,0.0,22.85923568267533,22.85923568267533,108.0,205.0,156.5,48.5,2352.25,0,0,0
27020,0.08191585540771484,1,1,108,56,108.0,108.0,56.0,56.0,2002.054415274463,24.41529774724955,0.08191585540771484,0.0,0.08191585540771484,0.08191585540771484,0.0,0.0,0.0,0.0,12.207648873624775,12.207648873624775,56.0,108.0,82.0,26.0,676.0,0,0,0
5353,0.0,1,0,119,0,119.0,119.0,0.0,0.0,0.0,0.0,0.0,0.0,0.0,0.0,0.0,0.0,0.0,0.0,0.0,0.0,119.0,119.0,119.0,0.0,0.0,0,0,0
5353,3.891357898712158,3,0,261,0,87.0,87.0,0.0,0.0,67.07170267899998,0.7709391112528734,1.945678949356079,0.10266590118408203,2.048344850540161,1.843013048171997,1.945678949356079,0.10266590118408203,0.0,0.0,0.7709391112528734,0.0,87.0,87.0,87.0,0.0,0.0,0,0,0
1900,3.8900179862976074,3,0,501,0,167.0,167.0,0.0,0.0,128.7911782836859,0.7712046603813527,1.9450089931488037,0.10283684730529785,2.0478458404541016,1.8421721458435059,1.9450089931488037,0.10283684730529785,0.0,0.0,0.7712046603813527,0.0,167.0,167.0,167.0,0.0,0.0,0,0,0
53,0.059628963470458984,1,1,94,158,94.0,94.0,158.0,158.0,4226.134169258942,33.54074737507097,0.059628963470458984,0.0,0.059628963470458984,0.059628963470458984,0.0,0.0,0.0,0.0,16.770373687535486,16.770373687535486,94.0,158.0,126.0,32.0,1024.0,0,0,0
5353,1.914499044418335,3,0,293,0,119.0,97.66666666666667,0.0,0.0,153.04264624954126,1.5669895520430845,0.9572495222091675,0.9514724016189575,1.908721923828125,0.005777120590209961,0.9572495222091675,0.9514724016189575,0.0,0.0,1.5669895520430845,0.0,87.0,119.0,97.66666666666667,15.084944665313014,227.55555555555557,0,0,0
1900,1.908721923828125,2,0,334,0,167.0,167.0,0.0,0.0,174.9862019346071,1.047821568470701,1.908721923828125,0.0,1.908721923828125,1.908721923828125,1.908721923828125,0.0,0.0,0.0,1.047821568470701,0.0,167.0,167.0,167.0,0.0,0.0,0,0,0
27020,0.0655210018157959,1,1,108,56,108.0,108.0,56.0,56.0,2503.0142313920273,30.52456379746375,0.0655210018157959,0.0,0.0655210018157959,0.0655210018157959,0.0,0.0,0.0,0.0,15.262281898731874,15.262281898731874,56.0,108.0,82.0,26.0,676.0,0,0,0
5353,3.891321897506714,4,0,380,0,119.0,95.0,0.0,0.0,97.65319087158463,1.0279283249640487,1.2971072991689045,0.6004238633673156,2.047945022583008,0.5782568454742432,1.2971072991689045,0.6004238633673156,0.0,0.0,1.0279283249640487,0.0,87.0,119.0,95.0,13.856406460551018,192.0,0,0,0
1900,3.802872896194458,3,0,501,0,167.0,167.0,0.0,0.0,131.7425045947109,0.7888772730222211,1.901436448097229,0.2577565908432007,2.1591930389404297,1.6436798572540283,1.901436448097229,0.2577565908432007,0.0,0.0,0.7888772730222211,0.0,167.0,167.0,167.0,0.0,0.0,0,0,0
27020,0.09001588821411133,1,1,108,56,108.0,108.0,56.0,56.0,1821.9005917034385,22.21829989882242,0.09001588821411133,0.0,0.09001588821411133,0.09001588821411133,0.0,0.0,0.0,0.0,11.10914994941121,11.10914994941121,56.0,108.0,82.0,26.0,676.0,0,0,0
5353,0.0,1,0,119,0,119.0,119.0,0.0,0.0,0.0,0.0,0.0,0.0,0.0,0.0,0.0,0.0,0.0,0.0,0.0,0.0,119.0,119.0,119.0,0.0,0.0,0,0,0
443,0.07679295539855957,3,2,186,108,78.0,62.0,54.0,54.0,3828.4761730307705,65.11013899712195,0.019198238849639893,0.020157746891495864,0.050167083740234375,9.298324584960938e-05,0.013312935829162598,0.01079094409942627,0.050260066986083984,0.0,39.06608339827317,26.04405559884878,54.0,78.0,58.8,9.6,92.16,1,0,2
53,0.0527949333190918,1,1,87,315,87.0,87.0,315.0,315.0,7614.367037274542,37.88242307101762,0.0527949333190918,0.0,0.0527949333190918,0.0527949333190918,0.0,0.0,0.0,0.0,18.94121153550881,18.94121153550881,87.0,315.0,201.0,114.0,12996.0,0,0,0
443,0.1092529296875,7,7,1394,2269,866.0,199.14285714285714,1334.0,324.14285714285717,33527.70502793296,128.14301675977654,0.008404071514423076,0.012481336043750643,0.03880190849304199,0.0,0.018208821614583332,0.01771895615006791,0.013116002082824707,0.014102178396924606,64.07150837988827,64.07150837988827,54.0,1334.0,261.64285714285717,367.0016751894148,134690.22959183675,0,2,0
53,0.05295395851135254,1,1,71,132,71.0,71.0,132.0,132.0,3833.5188852119495,37.76865896760541,0.05295395851135254,0.0,0.05295395851135254,0.05295395851135254,0.0,0.0,0.0,0.0,18.884329483802706,18.884329483802706,71.0,132.0,101.5,30.5,930.25,0,0,0
53,0.05394911766052246,1,1,71,99,71.0,71.0,99.0,99.0,3151.11733744625,37.071968675838235,0.05394911766052246,0.0,0.05394911766052246,0.05394911766052246,0.0,0.0,0.0,0.0,18.535984337919118,18.535984337919118,71.0,99.0,85.0,14.0,196.0,0,0,0
53,0.05063796043395996,1,1,71,103,71.0,71.0,103.0,103.0,3436.1573513001963,39.49606150919766,0.05063796043395996,0.0,0.05063796043395996,0.05063796043395996,0.0,0.0,0.0,0.0,19.74803075459883,19.74803075459883,71.0,103.0,87.0,16.0,256.0,0,0,0
53,0.02154684066772461,1,1,79,129,79.0,79.0,129.0,129.0,9653.387390178592,92.82103259787107,0.02154684066772461,0.0,0.02154684066772461,0.02154684066772461,0.0,0.0,0.0,0.0,46.41051629893553,46.41051629893553,79.0,129.0,104.0,25.0,625.0,0,0,0
53,0.006548166275024414,1,1,79,107,79.0,79.0,107.0,107.0,28404.898743855818,305.4290187511378,0.006548166275024414,0.0,0.006548166275024414,0.006548166275024414,0.0,0.0,0.0,0.0,152.7145093755689,152.7145093755689,79.0,107.0,93.0,14.0,196.0,0,0,0
53,0.0060520172119140625,1,1,79,95,79.0,79.0,95.0,95.0,28750.744405924994,330.46832650488494,0.0060520172119140625,0.0,0.0060520172119140625,0.0060520172119140625,0.0,0.0,0.0,0.0,165.23416325244247,165.23416325244247,79.0,95.0,87.0,8.0,64.0,0,0,0
53,0.032672882080078125,1,1,94,158,94.0,94.0,158.0,158.0,7712.818213660245,61.2128429655575,0.032672882080078125,0.0,0.032672882080078125,0.032672882080078125,0.0,0.0,0.0,0.0,30.60642148277875,30.60642148277875,94.0,158.0,126.0,32.0,1024.0,0,0,0
27020,0.06265401840209961,1,1,108,56,108.0,108.0,56.0,56.0,2617.5495871227977,31.9213364283268,0.06265401840209961,0.0,0.06265401840209961,0.06265401840209961,0.0,0.0,0.0,0.0,15.9606682141634,15.9606682141634,56.0,108.0,82.0,26.0,676.0,0,0,0
5353,0.0,1,0,119,0,119.0,119.0,0.0,0.0,0.0,0.0,0.0,0.0,0.0,0.0,0.0,0.0,0.0,0.0,0.0,0.0,119.0,119.0,119.0,0.0,0.0,0,0,0
53,1.041053056716919,3,3,270,903,92.0,90.0,359.0,301.0,1126.7437259145956,5.763395017465962,0.20821061134338378,0.25376090234153814,0.6931040287017822,0.029151201248168945,0.505950927734375,0.24625706672668457,0.4909745454788208,0.23129236698150635,2.881697508732981,2.881697508732981,86.0,359.0,195.5,112.47333017209013,12650.25,0,0,0
53,1.453416109085083,4,4,326,1358,86.0,81.5,455.0,339.5,1158.6496045238332,5.50427365569517,0.20763087272644043,0.23034081651310495,0.5834240913391113,0.020473003387451172,0.47764770189921063,0.19954011508958996,0.46602169672648114,0.18651214748172434,2.752136827847585,2.752136827847585,74.0,455.0,210.5,145.38741348548712,21137.5,0,0,0
53,1.0196409225463867,3,3,258,839,92.0,86.0,355.0,279.6666666666667,1075.8689414509,5.8844244746630805,0.20392818450927735,0.25748142477303854,0.6928579807281494,0.018407821655273438,0.5006165504455566,0.241302490234375,0.48528993129730225,0.22999393939971924,2.9422122373315402,2.9422122373315402,74.0,355.0,182.83333333333334,105.23531832147525,11074.472222222224,0,0,0
53,1.4453940391540527,4,4,314,1147,83.0,78.5,344.0,286.75,1010.7970286463067,5.53482288102016,0.20648486273629324,0.23137192546897675,0.5799999237060547,0.022418975830078125,0.4743250211079915,0.19673715759641758,0.465567668279012,0.18458984153326838,2.76741144051008,2.76741144051008,74.0,344.0,182.625,108.83351678136657,11844.734375,0,0,0
53,0.04027915000915527,1,1,83,199,83.0,83.0,199.0,199.0,7001.140787129387,49.65348075978289,0.04027915000915527,0.0,0.04027915000915527,0.04027915000915527,0.0,0.0,0.0,0.0,24.826740379891444,24.826740379891444,83.0,199.0,141.0,58.0,3364.0,0,0,0
5353,0.0,1,0,119,0,119.0,119.0,0.0,0.0,0.0,0.0,0.0,0.0,0.0,0.0,0.0,0.0,0.0,0.0,0.0,0.0,119.0,119.0,119.0,0.0,0.0,0,0,0
53,0.038884878158569336,1,1,98,212,98.0,98.0,212.0,212.0,7972.250774088721,51.43387596186272,0.038884878158569336,0.0,0.038884878158569336,0.038884878158569336,0.0,0.0,0.0,0.0,25.71693798093136,25.71693798093136,98.0,212.0,155.0,57.0,3249.0,0,0,0
53,0.04203009605407715,1,1,98,224,98.0,98.0,224.0,224.0,7661.176876343689,47.58494954250739,0.04203009605407715,0.0,0.04203009605407715,0.04203009605407715,0.0,0.0,0.0,0.0,23.792474771253694,23.792474771253694,98.0,224.0,161.0,63.0,3969.0,0,0,0
443,0.28174805641174316,2,1,120,66,66.0,60.0,66.0,66.0,660.1642700533198,10.64781080731161,0.14087402820587158,0.1407989263534546,0.28167295455932617,7.510185241699219e-05,0.28174805641174316,0.0,0.0,0.0,7.09854053820774,3.54927026910387,54.0,66.0,62.0,5.656854249492381,32.0,0,2,1
53,0.028712034225463867,1,1,80,267,80.0,80.0,267.0,267.0,12085.52474112948,69.6572031189019,0.028712034225463867,0.0,0.028712034225463867,0.028712034225463867,0.0,0.0,0.0,0.0,34.82860155945095,34.82860155945095,80.0,267.0,173.5,93.5,8742.25,0,0,0
53,0.030546903610229492,1,1,80,255,80.0,80.0,255.0,255.0,10966.741646698876,65.47308445790374,0.030546903610229492,0.0,0.030546903610229492,0.030546903610229492,0.0,0.0,0.0,0.0,32.73654222895187,32.73654222895187,80.0,255.0,167.5,87.5,7656.25,0,0,0
53,0.060150146484375,1,1,92,224,92.0,92.0,224.0,224.0,5253.520040588533,33.25012683916793,0.060150146484375,0.0,0.060150146484375,0.060150146484375,0.0,0.0,0.0,0.0,16.625063419583967,16.625063419583967,92.0,224.0,158.0,66.0,4356.0,0,0,0
53,0.06274008750915527,1,1,92,236,92.0,92.0,236.0,236.0,5227.917477037899,31.877545591694503,0.06274008750915527,0.0,0.06274008750915527,0.06274008750915527,0.0,0.0,0.0,0.0,15.938772795847251,15.938772795847251,92.0,236.0,164.0,72.0,5184.0,0,0,0
27020,0.07580399513244629,1,1,108,56,108.0,108.0,56.0,56.0,2163.4743619179417,26.38383368192612,0.07580399513244629,0.0,0.07580399513244629,0.07580399513244629,0.0,0.0,0.0,0.0,13.19191684096306,13.19191684096306,56.0,108.0,82.0,26.0,676.0,0,0,0
53,0.02882218360900879,1,1,80,255,80.0,80.0,255.0,255.0,11622.991670044421,69.39099504504132,0.02882218360900879,0.0,0.02882218360900879,0.02882218360900879,0.0,0.0,0.0,0.0,34.69549752252066,34.69549752252066,80.0,255.0,167.5,87.5,7656.25,0,0,0
53,0.02861618995666504,1,1,80,267,80.0,80.0,267.0,267.0,12126.002816079983,69.89050614455321,0.02861618995666504,0.0,0.02861618995666504,0.02861618995666504,0.0,0.0,0.0,0.0,34.94525307227661,34.94525307227661,80.0,267.0,173.5,93.5,8742.25,0,0,0
53,0.03742694854736328,1,1,91,229,91.0,91.0,229.0,229.0,8549.989043190215,53.43743151993885,0.03742694854736328,0.0,0.03742694854736328,0.03742694854736328,0.0,0.0,0.0,0.0,26.718715759969424,26.718715759969424,91.0,229.0,160.0,69.0,4761.0,0,0,0
53,0.03742694854736328,1,1,91,240,91.0,91.0,240.0,240.0,8843.89491654988,53.43743151993885,0.03742694854736328,0.0,0.03742694854736328,0.03742694854736328,0.0,0.0,0.0,0.0,26.718715759969424,26.718715759969424,91.0,240.0,165.5,74.5,5550.25,0,0,0
443,2.382143974304199,13,12,3095,4986,1938.0,238.07692307692307,1334.0,415.5,3392.3222471724785,10.494747701931935,0.09925599892934163,0.15797527421256558,0.3941810131072998,0.0,0.19851199785868326,0.1829991857462049,0.1821520978754217,0.19969051452234446,5.457268805004606,5.037478896927329,54.0,1938.0,323.24,516.6174817018874,266893.6224,2,2,1
53,0.07446002960205078,1,1,86,172,86.0,86.0,172.0,172.0,3464.946245373157,26.860048413745407,0.07446002960205078,0.0,0.07446002960205078,0.07446002960205078,0.0,0.0,0.0,0.0,13.430024206872703,13.430024206872703,86.0,172.0,129.0,43.0,1849.0,0,0,0
53,0.02991795539855957,1,1,92,120,92.0,92.0,120.0,120.0,7086.045726580866,66.84948798661195,0.02991795539855957,0.0,0.02991795539855957,0.02991795539855957,0.0,0.0,0.0,0.0,33.424743993305974,33.424743993305974,92.0,120.0,106.0,14.0,196.0,0,0,0
53,0.02985405921936035,1,1,92,108,92.0,92.0,108.0,108.0,6699.256490732089,66.9925649073209,0.02985405921936035,0.0,0.02985405921936035,0.02985405921936035,0.0,0.0,0.0,0.0,33.49628245366045,33.49628245366045,92.0,108.0,100.0,8.0,64.0,0,0,0
53,3.5989890098571777,2,2,177,435,91.0,88.5,239.0,217.5,170.04775461214498,1.1114232327591176,1.1996630032857258,1.6287057928153754,3.5028719902038574,0.02696084976196289,3.572028160095215,0.0,3.5298328399658203,0.0,0.5557116163795588,0.5557116163795588,86.0,239.0,153.0,66.29102503355941,4394.5,0,0,0
443,2.2685129642486572,13,14,2167,5096,791.0,166.69230769230768,1274.0,364.0,3201.6568185694905,11.902069957507399,0.08725049862494835,0.18016110184242692,0.6118559837341309,0.0,0.13805474837621054,0.19154936338529777,0.15011022641108587,0.22984839470540327,5.7306262758368955,6.171443681670503,54.0,1274.0,269.0,379.95896464594017,144368.8148148148,2,2,0
443,1.7160539627075195,15,13,3758,18592,2481.0,250.53333333333333,7734.0,1430.1538461538462,13024.065959287835,16.316503215215185,0.06355755417435258,0.1206110684324123,0.37546491622924805,0.0,0.12257528305053711,0.15066981709591973,0.1151611606280009,0.14355807278334082,8.740983865293849,7.575519349921335,54.0,7734.0,798.2142857142857,1742.262022223303,3035476.9540816327,2,2,0
53,0.9647490978240967,2,2,179,450,90.0,89.5,245.0,225.0,651.9829885497193,4.146155730045909,0.3215830326080322,0.4102194785438261,0.9017128944396973,0.02886509895324707,0.9358839988708496,0.0,0.9305779933929443,0.0,2.0730778650229547,2.0730778650229547,89.0,245.0,157.25,69.21118045518368,4790.1875,0,0,0
53,0.9646589756011963,2,2,179,446,90.0,89.5,229.0,223.0,647.8973562760731,4.146543080166868,0.32155299186706543,0.40460774686442186,0.8937029838562012,0.028812170028686523,0.9358468055725098,0.0,0.9225151538848877,0.0,2.073271540083434,2.073271540083434,89.0,229.0,156.25,66.88562999628545,4473.6875,0,0,0
53,0.03860807418823242,1,1,87,171,87.0,87.0,171.0,171.0,6682.539997776872,51.80263564168118,0.03860807418823242,0.0,0.03860807418823242,0.03860807418823242,0.0,0.0,0.0,0.0,25.90131782084059,25.90131782084059,87.0,171.0,129.0,42.0,1764.0,0,0,0
53,2.168313980102539,2,2,178,369,91.0,89.0,234.0,184.5,252.26973815578705,1.8447512845030132,0.7227713267008463,0.9685952863593061,2.0925471782684326,0.03075385093688965,2.1233010292053223,0.0,2.1375601291656494,0.0,0.9223756422515066,0.9223756422515066,87.0,234.0,136.75,59.22151213874904,3507.1875,0,0,0
5353,10.000142812728882,7,0,641,0,119.0,91.57142857142857,0.0,0.0,64.09908458348119,0.6999900032517445,1.666690468788147,0.7495358167574107,2.137665033340454,0.0,1.666690468788147,0.7495358167574107,0.0,0.0,0.6999900032517445,0.0,87.0,119.0,91.57142857142857,11.197667395580245,125.38775510204086,0,0,0
1900,10.030761957168579,6,0,1002,0,167.0,167.0,0.0,0.0,99.89271047190101,0.598159942945515,2.006152391433716,0.06606504733479963,2.114675998687744,1.907655954360962,2.006152391433716,0.06606504733479963,0.0,0.0,0.598159942945515,0.0,167.0,167.0,167.0,0.0,0.0,0,0,0
53,0.06240677833557129,1,1,91,191,91.0,91.0,191.0,191.0,4518.739911290415,32.047800789293724,0.06240677833557129,0.0,0.06240677833557129,0.06240677833557129,0.0,0.0,0.0,0.0,16.023900394646862,16.023900394646862,91.0,191.0,141.0,50.0,2500.0,0,0,0
53,0.04474020004272461,1,1,91,179,91.0,91.0,179.0,179.0,6034.84114380722,44.70252699116459,0.04474020004272461,0.0,0.04474020004272461,0.04474020004272461,0.0,0.0,0.0,0.0,22.351263495582295,22.351263495582295,91.0,179.0,135.0,44.0,1936.0,0,0,0
53,0.04455399513244629,1,1,93,214,93.0,93.0,214.0,214.0,6890.515633612133,44.88935266196829,0.04455399513244629,0.0,0.04455399513244629,0.04455399513244629,0.0,0.0,0.0,0.0,22.444676330984144,22.444676330984144,93.0,214.0,153.5,60.5,3660.25,0,0,0
53,0.04685401916503906,1,1,93,226,93.0,93.0,226.0,226.0,6808.38070425402,42.68577244046408,0.04685401916503906,0.0,0.04685401916503906,0.04685401916503906,0.0,0.0,0.0,0.0,21.34288622023204,21.34288622023204,93.0,226.0,159.5,66.5,4422.25,0,0,0
443,2.5974581241607666,49,121,120930,301829,26564.0,2467.9591836734694,41014.0,2494.4545454545455,162758.73557599416,65.44860085277665,0.015369574699176134,0.04980036464072795,0.30812692642211914,0.0,0.05411371092001597,0.09684659527303209,0.019635740915934244,0.05545834746429743,18.864596716388565,46.58400413638809,54.0,41014.0,2486.8176470588237,5763.618278042249,33219295.654982697,0,2,0
27020,0.05089902877807617,1,1,108,56,108.0,108.0,56.0,56.0,3222.0654094413685,39.29348060294352,0.05089902877807617,0.0,0.05089902877807617,0.05089902877807617,0.0,0.0,0.0,0.0,19.64674030147176,19.64674030147176,56.0,108.0,82.0,26.0,676.0,0,0,0
53,0.04771780967712402,1,1,79,215,79.0,79.0,215.0,215.0,6161.221606551316,41.91307215341031,0.04771780967712402,0.0,0.04771780967712402,0.04771780967712402,0.0,0.0,0.0,0.0,20.956536076705156,20.956536076705156,79.0,215.0,147.0,68.0,4624.0,0,0,0
53,0.04339790344238281,1,1,79,164,79.0,79.0,164.0,164.0,5599.348833120907,46.085175581242034,0.04339790344238281,0.0,0.04339790344238281,0.04339790344238281,0.0,0.0,0.0,0.0,23.042587790621017,23.042587790621017,79.0,164.0,121.5,42.5,1806.25,0,0,0
53,0.04611682891845703,1,1,79,176,79.0,79.0,176.0,176.0,5529.434828463304,43.36811630167298,0.04611682891845703,0.0,0.04611682891845703,0.04611682891845703,0.0,0.0,0.0,0.0,21.68405815083649,21.68405815083649,79.0,176.0,127.5,48.5,2352.25,0,0,0
53,0.024775028228759766,1,1,94,158,94.0,94.0,158.0,158.0,10171.532305560368,80.72644686952673,0.024775028228759766,0.0,0.024775028228759766,0.024775028228759766,0.0,0.0,0.0,0.0,40.36322343476336,40.36322343476336,94.0,158.0,126.0,32.0,1024.0,0,0,0
53,0.03755807876586914,1,1,89,226,89.0,89.0,226.0,226.0,8387.010474195391,53.25086015362153,0.03755807876586914,0.0,0.03755807876586914,0.03755807876586914,0.0,0.0,0.0,0.0,26.625430076810765,26.625430076810765,89.0,226.0,157.5,68.5,4692.25,0,0,0
53,0.051956892013549805,1,1,89,241,89.0,89.0,241.0,241.0,6351.4191709915885,38.493449521161146,0.051956892013549805,0.0,0.051956892013549805,0.051956892013549805,0.0,0.0,0.0,0.0,19.246724760580573,19.246724760580573,89.0,241.0,165.0,76.0,5776.0,0,0,0
443,2.220205068588257,14,14,5903,5555,3155.0,421.64285714285717,3894.0,396.7857142857143,5160.784542882655,12.611447652357683,0.08222981735512062,0.14801079220455168,0.40462398529052734,0.0,0.17078500527601975,0.18250165213857852,0.1417839160332313,0.18180160222657446,6.305723826178841,6.305723826178841,54.0,3894.0,409.2142857142857,917.541137931111,841881.7397959182,2,2,1
27020,0.4761929512023926,2,2,170,315,116.0,85.0,259.0,157.5,1018.4947063482765,8.399956341016713,0.15873098373413086,0.1367042961059309,0.35155510902404785,0.05022597312927246,0.4761929512023926,0.0,0.35155510902404785,0.0,4.1999781705083565,4.1999781705083565,54.0,259.0,121.25,83.34079133293612,6945.6875,0,0,0
5353,17.581674098968506,15,0,1433,0,119.0,95.53333333333333,0.0,0.0,81.50532150314811,0.8531610764460724,1.2558338642120361,0.8751858905663336,2.0483720302581787,0.0,1.2558338642120361,0.8751858905663336,0.0,0.0,0.8531610764460724,0.0,87.0,119.0,95.53333333333333,12.888582371834213,166.1155555555556,0,0,0
1900,18.424551010131836,10,0,1670,0,167.0,167.0,0.0,0.0,90.63992924884037,0.5427540673583255,2.047172334459093,0.10410720712377533,2.2408158779144287,1.8351612091064453,2.047172334459093,0.10410720712377533,0.0,0.0,0.5427540673583255,0.0,167.0,167.0,167.0,0.0,0.0,0,0,0
5353,0.0,1,0,119,0,119.0,119.0,0.0,0.0,0.0,0.0,0.0,0.0,0.0,0.0,0.0,0.0,0.0,0.0,0.0,0.0,119.0,119.0,119.0,0.0,0.0,0,0,0
27020,0.08129596710205078,1,1,108,56,108.0,108.0,56.0,56.0,2017.3202416564022,24.60146636166344,0.08129596710205078,0.0,0.08129596710205078,0.08129596710205078,0.0,0.0,0.0,0.0,12.30073318083172,12.30073318083172,56.0,108.0,82.0,26.0,676.0,0,0,0
5353,0.0,1,0,119,0,119.0,119.0,0.0,0.0,0.0,0.0,0.0,0.0,0.0,0.0,0.0,0.0,0.0,0.0,0.0,0.0,119.0,119.0,119.0,0.0,0.0,0,0,0
53,0.8361220359802246,1,1,95,152,95.0,95.0,152.0,152.0,295.4114224611129,2.3919953235717646,0.8361220359802246,0.0,0.8361220359802246,0.8361220359802246,0.0,0.0,0.0,0.0,1.1959976617858823,1.1959976617858823,95.0,152.0,123.5,28.5,812.25,0,0,0
53,0.8353469371795654,1,1,95,319,95.0,95.0,319.0,319.0,495.60246356778936,2.3942147998443932,0.8353469371795654,0.0,0.8353469371795654,0.8353469371795654,0.0,0.0,0.0,0.0,1.1971073999221966,1.1971073999221966,95.0,319.0,207.0,112.0,12544.0,0,0,0
53,0.83449387550354,1,1,95,223,95.0,95.0,223.0,223.0,381.0693036040754,2.3966622868180845,0.83449387550354,0.0,0.83449387550354,0.83449387550354,0.0,0.0,0.0,0.0,1.1983311434090422,1.1983311434090422,95.0,223.0,159.0,64.0,4096.0,0,0,0
53,0.17533612251281738,1,1,91,233,91.0,91.0,233.0,233.0,1847.8793494267848,11.406662650782621,0.17533612251281738,0.0,0.17533612251281738,0.17533612251281738,0.0,0.0,0.0,0.0,5.703331325391311,5.703331325391311,91.0,233.0,162.0,71.0,5041.0,0,0,0
53,0.17520999908447266,1,1,91,248,91.0,91.0,248.0,248.0,1934.8210819666776,11.414873639921403,0.17520999908447266,0.0,0.17520999908447266,0.17520999908447266,0.0,0.0,0.0,0.0,5.7074368199607015,5.7074368199607015,91.0,248.0,169.5,78.5,6162.25,0,0,0
443,0.49413394927978516,13,12,2624,4958,1467.0,201.84615384615384,2614.0,413.1666666666667,15344.017570642514,50.593568882361225,0.020588914553324383,0.02968296415259906,0.08857202529907227,0.0,0.041177829106648765,0.039795986921712406,0.03824472427368164,0.039248330384502754,26.308655818827837,24.28491306353339,54.0,2614.0,303.28,587.4561784507846,345104.7616,2,2,1
27020,0.09435892105102539,1,1,108,56,108.0,108.0,56.0,56.0,1738.0444601662582,21.195664148369,0.09435892105102539,0.0,0.09435892105102539,0.09435892105102539,0.0,0.0,0.0,0.0,10.5978320741845,10.5978320741845,56.0,108.0,82.0,26.0,676.0,0,0,0
53,0.09682989120483398,1,1,94,158,94.0,94.0,158.0,158.0,2602.5021495368524,20.654778964578192,0.09682989120483398,0.0,0.09682989120483398,0.09682989120483398,0.0,0.0,0.0,0.0,10.327389482289096,10.327389482289096,94.0,158.0,126.0,32.0,1024.0,0,0,0
5353,0.0,1,0,119,0,119.0,119.0,0.0,0.0,0.0,0.0,0.0,0.0,0.0,0.0,0.0,0.0,0.0,0.0,0.0,0.0,119.0,119.0,119.0,0.0,0.0,0,0,0
53,0.1978449821472168,1,1,83,132,83.0,83.0,132.0,132.0,1086.7093906886055,10.108924564545168,0.1978449821472168,0.0,0.1978449821472168,0.1978449821472168,0.0,0.0,0.0,0.0,5.054462282272584,5.054462282272584,83.0,132.0,107.5,24.5,600.25,0,0,0
53,0.19738507270812988,1,1,83,144,83.0,83.0,144.0,144.0,1150.0363066241653,10.132478472459605,0.19738507270812988,0.0,0.19738507270812988,0.19738507270812988,0.0,0.0,0.0,0.0,5.066239236229802,5.066239236229802,83.0,144.0,113.5,30.5,930.25,0,0,0
443,0.20437097549438477,2,1,108,54,54.0,54.0,54.0,54.0,792.6761596558072,14.679188141774208,0.10218548774719238,0.10207557678222656,0.20426106452941895,0.00010991096496582031,0.20437097549438477,0.0,0.0,0.0,9.786125427849472,4.893062713924736,54.0,54.0,54.0,0.0,0.0,2,0,0
53,0.09319710731506348,1,1,89,229,89.0,89.0,229.0,229.0,3412.123070783352,21.45989352693932,0.09319710731506348,0.0,0.09319710731506348,0.09319710731506348,0.0,0.0,0.0,0.0,10.72994676346966,10.72994676346966,89.0,229.0,159.0,70.0,4900.0,0,0,0
53,0.09313511848449707,1,1,89,241,89.0,89.0,241.0,241.0,3543.2391708926702,21.474176793288912,0.09313511848449707,0.0,0.09313511848449707,0.09313511848449707,0.0,0.0,0.0,0.0,10.737088396644456,10.737088396644456,89.0,241.0,165.0,76.0,5776.0,0,0,0
443,2.7162561416625977,15,17,8140,5719,5338.0,542.6666666666666,1334.0,336.4117647058824,5102.243410489639,11.780921360536002,0.0876211658600838,0.17529220990810468,0.6246201992034912,0.0,0.1940182958330427,0.22660248860267523,0.14068792760372162,0.20810208703816924,5.522306887751251,6.258614472784751,54.0,5338.0,433.09375,983.9480855009259,968153.8349609375,2,2,1
27020,1.2067320346832275,5,7,620,2925,263.0,124.0,1334.0,417.85714285714283,2937.6861623886352,9.944212679453772,0.10970291224392978,0.0820668248531933,0.22170186042785645,0.0,0.3016830086708069,0.12021721867285343,0.17112517356872559,0.0771301841792267,4.143421949772405,5.800790729681367,54.0,1334.0,295.4166666666667,379.71841723688993,144186.07638888885,0,0,0
443,0.1403188705444336,6,5,348,298,78.0,58.0,78.0,59.6,4603.79988445985,78.39287728956401,0.01403188705444336,0.02755155413614063,0.07387590408325195,0.0,0.02806377410888672,0.03360468225265036,0.018933475017547607,0.03174714237447736,42.75975124885309,35.63312604071091,54.0,78.0,58.72727272727273,9.116328099433945,83.10743801652892,3,0,4
53,0.038954973220825195,1,1,87,315,87.0,87.0,315.0,315.0,10319.606632025412,51.34132652748961,0.038954973220825195,0.0,0.038954973220825195,0.038954973220825195,0.0,0.0,0.0,0.0,25.670663263744807,25.670663263744807,87.0,315.0,201.0,114.0,12996.0,0,0,0
443,0.21203279495239258,7,7,1382,3094,866.0,197.42857142857142,1334.0,442.0,21109.94198329079,66.02752184228576,0.01631021499633789,0.022653844556137642,0.05860400199890137,0.0,0.035338799158732094,0.02462542807739068,0.020279685656229656,0.02628148443569811,33.01376092114288,33.01376092114288,54.0,1334.0,319.7142857142857,394.1378345871673,155344.6326530612,0,2,0
5353,0.0,1,0,119,0,119.0,119.0,0.0,0.0,0.0,0.0,0.0,0.0,0.0,0.0,0.0,0.0,0.0,0.0,0.0,0.0,119.0,119.0,119.0,0.0,0.0,0,0,0
27020,0.17955994606018066,1,1,108,56,108.0,108.0,56.0,56.0,913.3440034841309,11.138341505904036,0.17955994606018066,0.0,0.17955994606018066,0.17955994606018066,0.0,0.0,0.0,0.0,5.569170752952018,5.569170752952018,56.0,108.0,82.0,26.0,676.0,0,0,0
53,0.0644218921661377,1,1,76,128,76.0,76.0,128.0,128.0,3166.625399233915,31.04534705131289,0.0644218921661377,0.0,0.0644218921661377,0.0644218921661377,0.0,0.0,0.0,0.0,15.522673525656446,15.522673525656446,76.0,128.0,102.0,26.0,676.0,0,0,0
53,0.0633540153503418,1,1,76,128,76.0,76.0,128.0,128.0,3220.001113929386,31.568638371856725,0.0633540153503418,0.0,0.0633540153503418,0.0633540153503418,0.0,0.0,0.0,0.0,15.784319185928362,15.784319185928362,76.0,128.0,102.0,26.0,676.0,0,0,0
53,0.0,1,0,76,0,76.0,76.0,0.0,0.0,0.0,0.0,0.0,0.0,0.0,0.0,0.0,0.0,0.0,0.0,0.0,0.0,76.0,76.0,76.0,0.0,0.0,0,0,0
53,0.09768390655517578,1,1,76,128,76.0,76.0,128.0,128.0,2088.3685674955336,20.474201642113073,0.09768390655517578,0.0,0.09768390655517578,0.09768390655517578,0.0,0.0,0.0,0.0,10.237100821056536,10.237100821056536,76.0,128.0,102.0,26.0,676.0,0,0,0
53,0.0052869319915771484,1,1,76,76,76.0,76.0,76.0,76.0,28750.133393461107,378.29122886133035,0.0052869319915771484,0.0,0.0052869319915771484,0.0052869319915771484,0.0,0.0,0.0,0.0,189.14561443066518,189.14561443066518,76.0,76.0,76.0,0.0,0.0,0,0,0
53,0.0073049068450927734,1,1,76,76,76.0,76.0,76.0,76.0,20807.93132935148,273.7885701230458,0.0073049068450927734,0.0,0.0073049068450927734,0.0073049068450927734,0.0,0.0,0.0,0.0,136.8942850615229,136.8942850615229,76.0,76.0,76.0,0.0,0.0,0,0,0
5353,0.0,1,0,119,0,119.0,119.0,0.0,0.0,0.0,0.0,0.0,0.0,0.0,0.0,0.0,0.0,0.0,0.0,0.0,0.0,119.0,119.0,119.0,0.0,0.0,0,0,0
27020,0.10171699523925781,1,1,108,56,108.0,108.0,56.0,56.0,1612.3166007238087,19.662397569802547,0.10171699523925781,0.0,0.10171699523925781,0.10171699523925781,0.0,0.0,0.0,0.0,9.831198784901273,9.831198784901273,56.0,108.0,82.0,26.0,676.0,0,0,0
53,0.05244302749633789,1,1,94,158,94.0,94.0,158.0,158.0,4805.2145734263195,38.13662359862158,0.05244302749633789,0.0,0.05244302749633789,0.05244302749633789,0.0,0.0,0.0,0.0,19.06831179931079,19.06831179931079,94.0,158.0,126.0,32.0,1024.0,0,0,0
5353,0.0,1,0,119,0,119.0,119.0,0.0,0.0,0.0,0.0,0.0,0.0,0.0,0.0,0.0,0.0,0.0,0.0,0.0,0.0,119.0,119.0,119.0,0.0,0.0,0,0,0
5353,5.939496040344238,4,0,348,0,87.0,87.0,0.0,0.0,58.59082953102378,0.6734578107014227,1.9798320134480794,0.09644564616310061,2.050400972366333,1.8434650897979736,1.9798320134480794,0.09644564616310061,0.0,0.0,0.6734578107014227,0.0,87.0,87.0,87.0,0.0,0.0,0,0,0
1900,5.737979888916016,4,0,668,0,167.0,167.0,0.0,0.0,116.41727801980751,0.6971094492204043,1.9126599629720051,0.09739357381697185,2.0503928661346436,1.843087911605835,1.9126599629720051,0.09739357381697185,0.0,0.0,0.6971094492204043,0.0,167.0,167.0,167.0,0.0,0.0,0,0,0
53,0.2519969940185547,1,1,89,226,89.0,89.0,226.0,226.0,1250.014910800112,7.936602608254679,0.2519969940185547,0.0,0.2519969940185547,0.2519969940185547,0.0,0.0,0.0,0.0,3.9683013041273396,3.9683013041273396,89.0,226.0,157.5,68.5,4692.25,0,0,0
53,0.05198812484741211,1,1,89,245,89.0,89.0,245.0,245.0,6424.544085410036,38.47032386473075,0.05198812484741211,0.0,0.05198812484741211,0.05198812484741211,0.0,0.0,0.0,0.0,19.235161932365376,19.235161932365376,89.0,245.0,167.0,78.0,6084.0,0,0,0
27020,1.0178921222686768,3,2,324,132,108.0,108.0,66.0,66.0,447.9846046786056,4.912111893405763,0.2544730305671692,0.11855130362253789,0.334230899810791,0.050391197204589844,0.33316850662231445,0.0010623931884765625,0.050391197204589844,0.0,2.9472671360434575,1.9648447573623051,66.0,108.0,91.2,20.575713839378697,423.36,0,0,0
443,4.305998086929321,17,17,12137,5823,3954.0,713.9411764705883,3894.0,342.52941176470586,4170.926144746055,7.8959626348199246,0.13048479051300974,0.24952500955773368,1.0152051448822021,0.0,0.2691248804330826,0.30365832377219076,0.19358962774276733,0.24778292162095075,3.9479813174099623,3.9479813174099623,54.0,3954.0,528.2352941176471,1082.6766140076322,1172188.6505190313,2,3,0
53,0.2395339012145996,1,1,89,226,89.0,89.0,226.0,226.0,1315.0539376795352,8.349548810663714,0.2395339012145996,0.0,0.2395339012145996,0.2395339012145996,0.0,0.0,0.0,0.0,4.174774405331857,4.174774405331857,89.0,226.0,157.5,68.5,4692.25,0,0,0
53,0.23917889595031738,1,1,89,241,89.0,89.0,241.0,241.0,1379.7203916709614,8.361941767702795,0.23917889595031738,0.0,0.23917889595031738,0.23917889595031738,0.0,0.0,0.0,0.0,4.180970883851398,4.180970883851398,89.0,241.0,165.0,76.0,5776.0,0,0,0
5353,7.168115139007568,7,0,641,0,119.0,91.57142857142857,0.0,0.0,89.42378680718946,0.9765468138070611,1.1946858565012615,0.87018340447112,2.2227017879486084,0.0,1.1946858565012615,0.87018340447112,0.0,0.0,0.9765468138070611,0.0,87.0,119.0,91.57142857142857,11.197667395580245,125.38775510204086,0,0,0
443,2.4545371532440186,14,14,5882,5555,3134.0,420.14285714285717,3894.0,396.7857142857143,4659.534277117942,11.407445987523161,0.09090878345348218,0.17010917449244697,0.6068189144134521,0.0,0.18881055024953988,0.21160397935291095,0.1656207671532264,0.21841977328411463,5.7037229937615805,5.7037229937615805,54.0,3894.0,408.4642857142857,915.3022717793777,837778.2487244898,2,2,1
53,0.0,1,0,86,0,86.0,86.0,0.0,0.0,0.0,0.0,0.0,0.0,0.0,0.0,0.0,0.0,0.0,0.0,0.0,0.0,86.0,86.0,86.0,0.0,0.0,0,0,0
53,0.06242799758911133,1,1,86,110,86.0,86.0,110.0,110.0,3139.616959846014,32.036907753530755,0.06242799758911133,0.0,0.06242799758911133,0.06242799758911133,0.0,0.0,0.0,0.0,16.018453876765378,16.018453876765378,86.0,110.0,98.0,12.0,144.0,0,0,0
53,0.0,1,0,86,0,86.0,86.0,0.0,0.0,0.0,0.0,0.0,0.0,0.0,0.0,0.0,0.0,0.0,0.0,0.0,0.0,86.0,86.0,86.0,0.0,0.0,0,0,0
53,0.502953052520752,6,6,382,854,100.0,63.666666666666664,571.0,142.33333333333334,2457.4858305467833,23.859085733463914,0.045723004774613815,0.10330316816534396,0.3629419803619385,8.20159912109375e-05,0.10059061050415039,0.15317903714648745,0.09988899230957031,0.13520997109880234,11.929542866731957,11.929542866731957,54.0,571.0,103.0,141.68097966911438,20073.5,2,2,0
53,0.08466696739196777,1,1,86,160,86.0,86.0,160.0,160.0,2905.5014910494792,23.621963341865683,0.08466696739196777,0.0,0.08466696739196777,0.08466696739196777,0.0,0.0,0.0,0.0,11.810981670932842,11.810981670932842,86.0,160.0,123.0,37.0,1369.0,0,0,0
53,0.05862784385681152,1,1,86,366,86.0,86.0,366.0,366.0,7709.64733248476,34.11348377205646,0.05862784385681152,0.0,0.05862784385681152,0.05862784385681152,0.0,0.0,0.0,0.0,17.05674188602823,17.05674188602823,86.0,366.0,226.0,140.0,19600.0,0,0,0
53,0.0623011589050293,1,1,82,157,82.0,82.0,157.0,157.0,3836.204722360415,32.10213156786958,0.0623011589050293,0.0,0.0623011589050293,0.0623011589050293,0.0,0.0,0.0,0.0,16.05106578393479,16.05106578393479,82.0,157.0,119.5,37.5,1406.25,0,0,0
53,2.9278571605682373,2,2,166,306,84.0,83.0,161.0,153.0,161.21005025682143,1.3661868665832324,0.9759523868560791,1.2922938732485936,2.8035318851470947,0.061907052993774414,2.865950107574463,0.0,2.865438938140869,0.0,0.6830934332916162,0.6830934332916162,82.0,161.0,118.0,35.46124645299429,1257.5,0,0,0
53,0.06193804740905762,1,1,84,149,84.0,84.0,149.0,149.0,3761.8234630678207,32.29033015508859,0.06193804740905762,0.0,0.06193804740905762,0.06193804740905762,0.0,0.0,0.0,0.0,16.145165077544295,16.145165077544295,84.0,149.0,116.5,32.5,1056.25,0,0,0
443,2.873565912246704,17,16,4183,12309,2294.0,246.05882352941177,3894.0,769.3125,5739.210619708978,11.483989234198173,0.0897989347577095,0.17433661485347793,0.7289841175079346,0.0,0.179597869515419,0.21611862464276171,0.16873079935709637,0.2749496957761204,5.915994453980876,5.567994780217296,54.0,3894.0,499.75757575757575,823.3217284289381,677858.668503214,0,2,0
5353,16.179924964904785,11,0,989,0,119.0,89.9090909090909,0.0,0.0,61.12512895734681,0.6798548215680635,1.6179924964904786,0.6278715534067609,2.049099922180176,0.20304393768310547,1.6179924964904786,0.6278715534067609,0.0,0.0,0.6798548215680635,0.0,87.0,119.0,89.9090909090909,9.199353193217103,84.62809917355371,0,0,0
27020,2.356470823287964,4,4,432,254,108.0,108.0,66.0,63.5,291.11330096709196,3.394907299907778,0.3366386890411377,0.315613786975845,0.9460489749908447,0.0,0.4221196174621582,0.1263665397205995,0.04802099863688151,0.045374563308977385,1.697453649953889,1.697453649953889,56.0,108.0,85.75,22.459686106444142,504.4375,0,0,0
53,0.07395005226135254,1,1,82,157,82.0,82.0,157.0,157.0,3231.9111710067737,27.04528176574706,0.07395005226135254,0.0,0.07395005226135254,0.07395005226135254,0.0,0.0,0.0,0.0,13.52264088287353,13.52264088287353,82.0,157.0,119.5,37.5,1406.25,0,0,0
53,0.06573009490966797,1,1,82,145,82.0,82.0,145.0,145.0,3453.5169972287918,30.427462530650146,0.06573009490966797,0.0,0.06573009490966797,0.06573009490966797,0.0,0.0,0.0,0.0,15.213731265325073,15.213731265325073,82.0,145.0,113.5,31.5,992.25,0,0,0
1900,31.06167197227478,16,0,2672,0,167.0,167.0,0.0,0.0,86.02241380905028,0.5151042743056903,2.0707781314849854,0.2828492731313819,3.0764241218566895,1.843322992324829,2.0707781314849854,0.2828492731313819,0.0,0.0,0.5151042743056903,0.0,167.0,167.0,167.0,0.0,0.0,0,0,0
443,3.6493520736694336,16,19,13164,15747,5756.0,822.75,6454.0,828.7894736842105,7922.228224729743,9.590743587753485,0.10733388451968923,0.19541624153728354,0.6744260787963867,0.0,0.24329013824462892,0.2872233967557631,0.1822725534439087,0.28139528543204373,4.384339925830164,5.20640366192332,54.0,6454.0,826.0285714285715,1697.5517073667224,2881681.799183674,0,2,0
53,0.16239714622497559,1,1,81,246,81.0,81.0,246.0,246.0,2013.5821817151464,12.315487349939733,0.16239714622497559,0.0,0.16239714622497559,0.16239714622497559,0.0,0.0,0.0,0.0,6.157743674969867,6.157743674969867,81.0,246.0,163.5,82.5,6806.25,0,0,0
53,0.16237401962280273,1,1,81,234,81.0,81.0,234.0,234.0,1939.9655236210183,12.31724141981599,0.16237401962280273,0.0,0.16237401962280273,0.16237401962280273,0.0,0.0,0.0,0.0,6.158620709907995,6.158620709907995,81.0,234.0,157.5,76.5,5852.25,0,0,0
443,2.318513870239258,11,12,4163,11516,3055.0,378.45454545454544,5174.0,959.6666666666666,6762.521545054209,9.920147683924155,0.10538699410178444,0.22071143226790116,1.0151309967041016,0.0,0.23185138702392577,0.29273126489496193,0.09501418200406161,0.12256850374598253,4.744418457528943,5.175729226395211,54.0,5174.0,681.695652173913,1189.4695724961357,1414837.8638941399,0,4,0
27020,0.7592170238494873,3,4,504,440,225.0,168.0,164.0,110.0,1243.386239172563,9.220025078610107,0.1265361706415812,0.10833498860293404,0.32149195671081543,0.0126190185546875,0.37960851192474365,0.06332147121429443,0.2105290095011393,0.0938719144549793,3.951439319404331,5.2685857592057745,54.0,225.0,134.85714285714286,72.6290547359439,5274.979591836735,0,0,0
53,0.08383703231811523,1,1,131,318,131.0,131.0,318.0,318.0,5355.628504314096,23.855806255296642,0.08383703231811523,0.0,0.08383703231811523,0.08383703231811523,0.0,0.0,0.0,0.0,11.927903127648321,11.927903127648321,131.0,318.0,224.5,93.5,8742.25,0,0,0
53,0.08383703231811523,1,1,131,330,131.0,131.0,330.0,330.0,5498.763341845875,23.855806255296642,0.08383703231811523,0.0,0.08383703231811523,0.08383703231811523,0.0,0.0,0.0,0.0,11.927903127648321,11.927903127648321,131.0,330.0,230.5,99.5,9900.25,0,0,0
53,0.04873013496398926,1,1,94,158,94.0,94.0,158.0,158.0,5171.338026997539,41.04236529363126,0.04873013496398926,0.0,0.04873013496398926,0.04873013496398926,0.0,0.0,0.0,0.0,20.52118264681563,20.52118264681563,94.0,158.0,126.0,32.0,1024.0,0,0,0
5353,0.0,1,0,119,0,119.0,119.0,0.0,0.0,0.0,0.0,0.0,0.0,0.0,0.0,0.0,0.0,0.0,0.0,0.0,0.0,119.0,119.0,119.0,0.0,0.0,0,0,0
53,0.03974485397338867,1,1,93,226,93.0,93.0,226.0,226.0,8026.196302383894,50.32097995225012,0.03974485397338867,0.0,0.03974485397338867,0.03974485397338867,0.0,0.0,0.0,0.0,25.16048997612506,25.16048997612506,93.0,226.0,159.5,66.5,4422.25,0,0,0
53,0.0643160343170166,1,1,93,214,93.0,93.0,214.0,214.0,4773.304250799782,31.096444630617473,0.0643160343170166,0.0,0.0643160343170166,0.0643160343170166,0.0,0.0,0.0,0.0,15.548222315308736,15.548222315308736,93.0,214.0,153.5,60.5,3660.25,0,0,0
443,4.294028997421265,36,65,119692,7647,13054.0,3324.777777777778,1334.0,117.64615384615385,29654.8998799198,23.521033523680096,0.04294028997421265,0.08045466908966864,0.4070160388946533,0.0,0.1226865427834647,0.27396919075240783,0.060867421329021454,0.08693431793095364,8.383734721311718,15.13729880236838,54.0,13054.0,1260.7821782178219,2370.6006783758507,5619747.576316044,0,2,0
27020,0.4608430862426758,2,2,216,122,108.0,108.0,66.0,61.0,733.4383656610013,8.679743972319542,0.15361436208089194,0.11131839401728832,0.30251598358154297,0.03490400314331055,0.30251598358154297,0.0,0.03490400314331055,0.0,4.339871986159771,4.339871986159771,56.0,108.0,84.5,23.76446927663229,564.75,0,0,0
5353,0.0,1,0,119,0,119.0,119.0,0.0,0.0,0.0,0.0,0.0,0.0,0.0,0.0,0.0,0.0,0.0,0.0,0.0,0.0,119.0,119.0,119.0,0.0,0.0,0,0,0
53,0.17459893226623535,1,1,95,152,95.0,95.0,152.0,152.0,1414.6707359204502,11.454823772635224,0.17459893226623535,0.0,0.17459893226623535,0.17459893226623535,0.0,0.0,0.0,0.0,5.727411886317612,5.727411886317612,95.0,152.0,123.5,28.5,812.25,0,0,0
53,0.01248311996459961,1,1,95,319,95.0,95.0,319.0,319.0,33164.78582069598,160.2163566217197,0.01248311996459961,0.0,0.01248311996459961,0.01248311996459961,0.0,0.0,0.0,0.0,80.10817831085986,80.10817831085986,95.0,319.0,207.0,112.0,12544.0,0,0,0
53,0.17334294319152832,1,1,95,223,95.0,95.0,223.0,223.0,1834.5136764444958,11.537821864430791,0.17334294319152832,0.0,0.17334294319152832,0.17334294319152832,0.0,0.0,0.0,0.0,5.7689109322153955,5.7689109322153955,95.0,223.0,159.0,64.0,4096.0,0,0,0
5353,0.0,1,0,119,0,119.0,119.0,0.0,0.0,0.0,0.0,0.0,0.0,0.0,0.0,0.0,0.0,0.0,0.0,0.0,0.0,119.0,119.0,119.0,0.0,0.0,0,0,0
27020,0.08127903938293457,1,1,108,56,108.0,108.0,56.0,56.0,2017.7403823307686,24.60659002842401,0.08127903938293457,0.0,0.08127903938293457,0.08127903938293457,0.0,0.0,0.0,0.0,12.303295014212004,12.303295014212004,56.0,108.0,82.0,26.0,676.0,0,0,0
53,0.08144998550415039,1,1,79,129,79.0,79.0,129.0,129.0,2553.714389420009,24.554946052115472,0.08144998550415039,0.0,0.08144998550415039,0.08144998550415039,0.0,0.0,0.0,0.0,12.277473026057736,12.277473026057736,79.0,129.0,104.0,25.0,625.0,0,0,0
53,0.08651900291442871,1,1,79,95,79.0,79.0,95.0,95.0,2011.118877226244,23.11630893363499,0.08651900291442871,0.0,0.08651900291442871,0.08651900291442871,0.0,0.0,0.0,0.0,11.558154466817495,11.558154466817495,79.0,95.0,87.0,8.0,64.0,0,0,0
53,0.05002903938293457,1,1,79,107,79.0,79.0,107.0,107.0,3717.840723990526,39.97678197839275,0.05002903938293457,0.0,0.05002903938293457,0.05002903938293457,0.0,0.0,0.0,0.0,19.988390989196375,19.988390989196375,79.0,107.0,93.0,14.0,196.0,0,0,0
53,0.045477867126464844,1,1,94,158,94.0,94.0,158.0,158.0,5541.156961016629,43.97743619854468,0.045477867126464844,0.0,0.045477867126464844,0.045477867126464844,0.0,0.0,0.0,0.0,21.98871809927234,21.98871809927234,94.0,158.0,126.0,32.0,1024.0,0,0,0
5353,0.0,1,0,119,0,119.0,119.0,0.0,0.0,0.0,0.0,0.0,0.0,0.0,0.0,0.0,0.0,0.0,0.0,0.0,0.0,119.0,119.0,119.0,0.0,0.0,0,0,0
27020,0.055004119873046875,1,1,108,56,108.0,108.0,56.0,56.0,2981.59484014148,36.36091268465219,0.055004119873046875,0.0,0.055004119873046875,0.055004119873046875,0.0,0.0,0.0,0.0,18.180456342326096,18.180456342326096,56.0,108.0,82.0,26.0,676.0,0,0,0
53,0.05159115791320801,1,1,92,215,92.0,92.0,215.0,215.0,5950.632093128579,38.76633285425784,0.05159115791320801,0.0,0.05159115791320801,0.05159115791320801,0.0,0.0,0.0,0.0,19.38316642712892,19.38316642712892,92.0,215.0,153.5,61.5,3782.25,0,0,0
53,0.043396949768066406,1,1,92,236,92.0,92.0,236.0,236.0,7558.134886276233,46.086188330952645,0.043396949768066406,0.0,0.043396949768066406,0.043396949768066406,0.0,0.0,0.0,0.0,23.043094165476322,23.043094165476322,92.0,236.0,164.0,72.0,5184.0,0,0,0
443,0.0974130630493164,3,3,186,188,78.0,62.0,78.0,62.666666666666664,3839.320808654364,61.59338195702188,0.01948261260986328,0.038429892418563,0.09634089469909668,0.0,0.0487065315246582,0.04814434051513672,0.0,0.0,30.79669097851094,30.79669097851094,54.0,78.0,62.333333333333336,11.100550536897808,123.22222222222223,1,0,2
53,0.08379507064819336,1,1,87,315,87.0,87.0,315.0,315.0,4797.418235826348,23.867752417046507,0.08379507064819336,0.0,0.08379507064819336,0.08379507064819336,0.0,0.0,0.0,0.0,11.933876208523253,11.933876208523253,87.0,315.0,201.0,114.0,12996.0,0,0,0
443,0.1054229736328125,6,7,1328,2453,866.0,221.33333333333334,1334.0,350.42857142857144,35865.04790852511,123.31278043132147,0.008785247802734375,0.01351147036502867,0.03573298454284668,0.0,0.0210845947265625,0.014742255989577702,0.013512174288431803,0.018714828171494512,56.913590968302216,66.39918946301925,54.0,1334.0,290.84615384615387,371.31695897665196,137876.28402366865,0,2,0
443,0.3618900775909424,2,1,108,54,54.0,54.0,54.0,54.0,447.64974237042924,8.289810043896837,0.1809450387954712,0.18081700801849365,0.36176204681396484,0.00012803077697753906,0.3618900775909424,0.0,0.0,0.0,5.526540029264559,2.7632700146322793,54.0,54.0,54.0,0.0,0.0,2,0,0
5353,0.0,1,0,119,0,119.0,119.0,0.0,0.0,0.0,0.0,0.0,0.0,0.0,0.0,0.0,0.0,0.0,0.0,0.0,0.0,119.0,119.0,119.0,0.0,0.0,0,0,0
53,0.3435499668121338,2,2,183,433,94.0,91.5,229.0,216.5,1793.0433983620562,11.643138950402962,0.1145166556040446,0.11563900918090274,0.27776598930358887,0.024477005004882812,0.319072961807251,0.0,0.3022429943084717,0.0,5.821569475201481,5.821569475201481,89.0,229.0,154.0,63.14665470157544,3987.5,0,0,0
53,1.620948076248169,4,4,370,907,95.0,92.5,271.0,226.75,787.810552794345,4.93538325947906,0.23156401089259557,0.3136759799954141,0.8469910621643066,0.02576589584350586,0.5291890303293864,0.3179782932404227,0.5317273934682211,0.3280287632382665,2.46769162973953,2.46769162973953,89.0,271.0,159.625,71.25997737159338,5077.984375,0,0,0
53,1.6208422183990479,4,4,375,906,95.0,93.75,295.0,226.5,790.3298578101453,4.93570559132019,0.2315488883427211,0.31550047211799587,0.9425201416015625,0.016131162643432617,0.5291537443796793,0.32634415555203944,0.5281917254130045,0.31838312815447845,2.467852795660095,2.467852795660095,92.0,295.0,160.125,72.3004797701924,5227.359375,0,0,0
80,0.17670893669128418,4,4,524,1531,350.0,131.0,1334.0,382.75,11629.292997162598,45.27218685026802,0.0252441338130406,0.030213817745088307,0.08065509796142578,0.0,0.05890297889709473,0.051674551753028965,0.027853647867838543,0.039391006576261704,22.63609342513401,22.63609342513401,54.0,1334.0,256.875,417.9537766009538,174685.359375,0,2,0
80,1.9754889011383057,70,172,5149,828391,539.0,73.55714285714286,52054.0,4816.226744186047,421941.12025620695,122.50132099479579,0.00819704938231662,0.01514016505805451,0.07271909713745117,0.0,0.02863027392954066,0.025548817924710268,0.011261847981235437,0.02080722508388763,35.43426640345333,87.06705459134247,66.0,52054.0,3444.380165289256,6434.817775012989,41406879.79762311,2,2,0
80,0.17579007148742676,4,3,524,1166,350.0,131.0,1044.0,388.6666666666667,9613.739761866334,39.820223865718546,0.02929834524790446,0.027508905191916528,0.06286215782165527,0.0001728534698486328,0.05859669049580892,0.043427460334846416,0.03056192398071289,0.028059005737304688,22.754413637553455,17.06581022816509,54.0,1044.0,241.42857142857142,342.6997257670574,117443.10204081633,0,2,0
443,0.17100310325622559,2,1,108,54,54.0,54.0,54.0,54.0,947.3512288093648,17.543541274247495,0.08550155162811279,0.08513343334197998,0.17063498497009277,0.0003681182861328125,0.17100310325622559,0.0,0.0,0.0,11.695694182831664,5.847847091415832,54.0,54.0,54.0,0.0,0.0,2,0,0
443,0.8349120616912842,8,8,3977,11288,3055.0,497.125,9014.0,1411.0,18283.362644297697,19.163694877744067,0.05566080411275228,0.07491643041841087,0.19497108459472656,0.0,0.11927315167018346,0.10816117954431571,0.08900158745901925,0.08654979126066387,9.581847438872034,9.581847438872034,54.0,9014.0,954.0625,2205.009650453655,4862067.55859375,0,2,0
53,0.004107952117919922,1,1,95,311,95.0,95.0,311.0,311.0,98832.70017411491,486.8605919907139,0.004107952117919922,0.0,0.004107952117919922,0.004107952117919922,0.0,0.0,0.0,0.0,243.43029599535694,243.43029599535694,95.0,311.0,203.0,108.0,11664.0,0,0,0
53,1.5053329467773438,2,2,183,430,94.0,91.5,226.0,215.0,407.21888224948935,2.6572194600292947,0.5017776489257812,0.6726351044409791,1.4530179500579834,0.022497892379760742,1.482835054397583,0.0,1.4755158424377441,0.0,1.3286097300146473,1.3286097300146473,89.0,226.0,153.25,62.26305084076751,3876.6875,0,0,0
53,0.957813024520874,2,2,184,525,95.0,92.0,287.0,262.5,740.2279796254206,4.176180421017888,0.3192710081736247,0.4300672272150405,0.9273421764373779,0.004107952117919922,0.9314501285552979,0.0,0.9537050724029541,0.0,2.088090210508944,2.088090210508944,89.0,287.0,177.25,87.0183170372767,7572.1875,0,0,0
80,0.8362388610839844,26,44,2207,164654,537.0,84.88461538461539,15282.0,3742.1363636363635,199537.48595670916,83.70814041009967,0.012119403783825861,0.018227930664091722,0.061933040618896484,0.0,0.033449554443359376,0.027513534656454723,0.018357210381086484,0.026792008613944377,31.091595009465593,52.61654540063408,66.0,15282.0,2383.7285714285713,3533.068762912688,12482574.88346939,2,2,0
443,1.8264760971069336,13,12,5737,5403,3043.0,441.3076923076923,3894.0,450.25,6099.176451115523,13.68755936067218,0.0761031707127889,0.12616211275294745,0.3351759910583496,0.0,0.1522063414255778,0.15108568820088933,0.1355613578449596,0.14899835652068968,7.117530867549534,6.5700284931226465,54.0,3894.0,445.6,950.5374900549689,903521.52,2,2,0
443,0.2565450668334961,2,1,108,54,54.0,54.0,54.0,54.0,631.4679989740044,11.693851832851934,0.12827253341674805,0.12809467315673828,0.25636720657348633,0.00017786026000976562,0.2565450668334961,0.0,0.0,0.0,7.795901221901289,3.8979506109506445,54.0,54.0,54.0,0.0,0.0,2,0,0
443,0.2639930248260498,2,2,108,110,54.0,54.0,56.0,55.0,825.7793937686213,15.15191548199305,0.0879976749420166,0.12435007457303038,0.2638552188873291,0.0,0.2639930248260498,0.0,0.0,0.0,7.575957740996525,7.575957740996525,54.0,56.0,54.5,0.8660254037844386,0.75,2,0,0
52932,0.052911996841430664,2,4,110,216,56.0,55.0,54.0,54.0,6161.173636613512,113.39583380270267,0.010582399368286134,0.019765496891710553,0.050096988677978516,6.008148193359375e-05,0.05285191535949707,0.0,0.017328341801961262,0.023221085652282095,37.79861126756756,75.59722253513512,54.0,56.0,54.333333333333336,0.7453559924999298,0.5555555555555554,2,0,2
52935,0.061399221420288086,2,4,110,216,56.0,55.0,54.0,54.0,5309.513581100234,97.72110885460553,0.012279844284057618,0.023508750966460514,0.05929112434387207,7.605552673339844e-05,0.06132316589355469,0.0,0.02017370859781901,0.027716372814066484,32.57370295153518,65.14740590307036,54.0,56.0,54.333333333333336,0.7453559924999298,0.5555555555555554,2,0,2
27020,0.09737491607666016,1,1,108,56,108.0,108.0,56.0,56.0,1684.2119778659223,20.53917046177954,0.09737491607666016,0.0,0.09737491607666016,0.09737491607666016,0.0,0.0,0.0,0.0,10.26958523088977,10.26958523088977,56.0,108.0,82.0,26.0,676.0,0,0,0
5353,0.0,1,0,119,0,119.0,119.0,0.0,0.0,0.0,0.0,0.0,0.0,0.0,0.0,0.0,0.0,0.0,0.0,0.0,0.0,119.0,119.0,119.0,0.0,0.0,0,0,0
53,0.09365606307983398,1,1,79,215,79.0,79.0,215.0,215.0,3139.145404279801,21.35473064135919,0.09365606307983398,0.0,0.09365606307983398,0.09365606307983398,0.0,0.0,0.0,0.0,10.677365320679595,10.677365320679595,79.0,215.0,147.0,68.0,4624.0,0,0,0
53,0.09320306777954102,1,1,79,164,79.0,79.0,164.0,164.0,2607.2103181708885,21.458521137208958,0.09320306777954102,0.0,0.09320306777954102,0.09320306777954102,0.0,0.0,0.0,0.0,10.729260568604479,10.729260568604479,79.0,164.0,121.5,42.5,1806.25,0,0,0
53,0.09206295013427734,1,1,79,176,79.0,79.0,176.0,176.0,2769.8438908168023,21.72426581032786,0.09206295013427734,0.0,0.09206295013427734,0.09206295013427734,0.0,0.0,0.0,0.0,10.86213290516393,10.86213290516393,79.0,176.0,127.5,48.5,2352.25,0,0,0
53,0.06221318244934082,1,1,94,158,94.0,94.0,158.0,158.0,4050.588477855147,32.14752760202498,0.06221318244934082,0.0,0.06221318244934082,0.06221318244934082,0.0,0.0,0.0,0.0,16.07376380101249,16.07376380101249,94.0,158.0,126.0,32.0,1024.0,0,0,0
27020,0.23835110664367676,1,1,108,56,108.0,108.0,56.0,56.0,688.0605771433316,8.390982648089409,0.23835110664367676,0.0,0.23835110664367676,0.23835110664367676,0.0,0.0,0.0,0.0,4.1954913240447045,4.1954913240447045,56.0,108.0,82.0,26.0,676.0,0,0,0
5353,17.80986499786377,15,0,1412,0,119.0,94.13333333333334,0.0,0.0,79.28190360619602,0.8422298541734705,1.2721332141331263,0.8865246443295907,2.051974058151245,0.0,1.2721332141331263,0.8865246443295907,0.0,0.0,0.8422298541734705,0.0,82.0,119.0,94.13333333333334,13.139592417152398,172.64888888888882,0,0,0
1900,18.01690983772278,10,0,1670,0,167.0,167.0,0.0,0.0,92.69070084945695,0.5550341368230955,2.0018788708580866,0.12856199866161572,2.251044988632202,1.8399889469146729,2.0018788708580866,0.12856199866161572,0.0,0.0,0.5550341368230955,0.0,167.0,167.0,167.0,0.0,0.0,0,0,0
5353,0.0,1,0,119,0,119.0,119.0,0.0,0.0,0.0,0.0,0.0,0.0,0.0,0.0,0.0,0.0,0.0,0.0,0.0,0.0,119.0,119.0,119.0,0.0,0.0,0,0,0
27020,0.09743189811706543,1,1,108,56,108.0,108.0,56.0,56.0,1683.2269838667446,20.527158339838348,0.09743189811706543,0.0,0.09743189811706543,0.09743189811706543,0.0,0.0,0.0,0.0,10.263579169919174,10.263579169919174,56.0,108.0,82.0,26.0,676.0,0,0,0
5353,0.0,1,0,119,0,119.0,119.0,0.0,0.0,0.0,0.0,0.0,0.0,0.0,0.0,0.0,0.0,0.0,0.0,0.0,0.0,119.0,119.0,119.0,0.0,0.0,0,0,0
53,0.1960139274597168,1,1,79,111,79.0,79.0,111.0,111.0,969.3188767877082,10.20335659776535,0.1960139274597168,0.0,0.1960139274597168,0.1960139274597168,0.0,0.0,0.0,0.0,5.101678298882675,5.101678298882675,79.0,111.0,95.0,16.0,256.0,0,0,0
5353,6.075746059417725,4,0,348,0,87.0,87.0,0.0,0.0,57.276916546007016,0.6583553625977818,2.0252486864725747,0.07887086443076118,2.1103689670562744,1.9202640056610107,2.0252486864725747,0.07887086443076118,0.0,0.0,0.6583553625977818,0.0,87.0,87.0,87.0,0.0,0.0,0,0,0
1900,6.075746059417725,4,0,668,0,167.0,167.0,0.0,0.0,109.94534555382955,0.6583553625977818,2.0252486864725747,0.21092406191361174,2.251469135284424,1.7437589168548584,2.0252486864725747,0.21092406191361174,0.0,0.0,0.6583553625977818,0.0,167.0,167.0,167.0,0.0,0.0,0,0,0
5353,1.9491679668426514,3,0,293,0,119.0,97.66666666666667,0.0,0.0,150.320549580247,1.5391182550878533,0.9745839834213257,0.7175940275192261,1.6921780109405518,0.2569899559020996,0.9745839834213257,0.7175940275192261,0.0,0.0,1.5391182550878533,0.0,87.0,119.0,97.66666666666667,15.084944665313014,227.55555555555557,0,0,0
1900,1.742898941040039,2,0,334,0,167.0,167.0,0.0,0.0,191.63474836968595,1.1475134632915327,1.742898941040039,0.0,1.742898941040039,1.742898941040039,1.742898941040039,0.0,0.0,0.0,1.1475134632915327,0.0,167.0,167.0,167.0,0.0,0.0,0,0,0
53,3.4421629905700684,3,1,282,158,94.0,94.0,158.0,158.0,127.82660240244175,1.1620600218403796,1.1473876635233562,0.7471961434918677,2.01528000831604,0.19140195846557617,1.625380516052246,0.38989949226379395,0.0,0.0,0.8715450163802847,0.2905150054600949,94.0,158.0,110.0,27.712812921102035,768.0,0,0,0
27020,5.234316825866699,5,5,540,320,108.0,108.0,66.0,64.0,164.3003334742927,1.9104689938871244,0.5815907584296333,0.6230667308147482,2.061981201171875,0.01626300811767578,0.6265179514884949,0.3505491255029501,0.16656595468521118,0.1686405773461121,0.9552344969435622,0.9552344969435622,56.0,108.0,86.0,22.181073012818835,492.0,0,0,0
80,0.7700400352478027,5,4,389,532,161.0,77.8,356.0,133.0,1196.041709316604,11.687703999836522,0.09625500440597534,0.13970676839780405,0.3944990634918213,0.0,0.19251000881195068,0.1438964906784708,0.17822631200154623,0.16354805336901418,6.493168888798068,5.194535111038454,54.0,356.0,102.33333333333333,95.40556703999103,9102.222222222223,2,2,0
443,17.551510095596313,32,35,4407,35048,586.0,137.71875,3894.0,1001.3714285714286,2247.954722135236,3.817335353771659,0.2659319711453987,0.45310835684930395,1.8562049865722656,0.0,0.5661777450192359,0.6231155169691938,0.5072200578801772,0.6265630088696769,1.8232049450849714,1.9941304086866876,54.0,3894.0,588.8805970149253,862.7118562631193,744271.7469369571,4,4,0
53,0.23328804969787598,1,1,92,215,92.0,92.0,215.0,215.0,1315.9696795338898,8.573092374813614,0.23328804969787598,0.0,0.23328804969787598,0.23328804969787598,0.0,0.0,0.0,0.0,4.286546187406807,4.286546187406807,92.0,215.0,153.5,61.5,3782.25,0,0,0
53,0.23263812065124512,1,1,92,224,92.0,92.0,224.0,224.0,1358.3328437978796,8.597043315176453,0.23263812065124512,0.0,0.23263812065124512,0.23263812065124512,0.0,0.0,0.0,0.0,4.298521657588227,4.298521657588227,92.0,224.0,158.0,66.0,4356.0,0,0,0
443,0.27129411697387695,2,1,108,54,54.0,54.0,54.0,54.0,597.1379026092153,11.05810930757806,0.13564705848693848,0.135545015335083,0.2711920738220215,0.00010204315185546875,0.27129411697387695,0.0,0.0,0.0,7.372072871718707,3.6860364358593536,54.0,54.0,54.0,0.0,0.0,2,0,0
5353,0.0,1,0,119,0,119.0,119.0,0.0,0.0,0.0,0.0,0.0,0.0,0.0,0.0,0.0,0.0,0.0,0.0,0.0,0.0,119.0,119.0,119.0,0.0,0.0,0,0,0
27020,0.08840513229370117,1,1,108,56,108.0,108.0,56.0,56.0,1855.095917453708,22.623120944557414,0.08840513229370117,0.0,0.08840513229370117,0.08840513229370117,0.0,0.0,0.0,0.0,11.311560472278707,11.311560472278707,56.0,108.0,82.0,26.0,676.0,0,0,0
5353,0.0,1,0,119,0,119.0,119.0,0.0,0.0,0.0,0.0,0.0,0.0,0.0,0.0,0.0,0.0,0.0,0.0,0.0,0.0,119.0,119.0,119.0,0.0,0.0,0,0,0
27020,0.08521199226379395,1,1,108,56,108.0,108.0,56.0,56.0,1924.611731788867,23.47087477791301,0.08521199226379395,0.0,0.08521199226379395,0.08521199226379395,0.0,0.0,0.0,0.0,11.735437388956505,11.735437388956505,56.0,108.0,82.0,26.0,676.0,0,0,0
5353,2.25296688079834,3,0,293,0,119.0,97.66666666666667,0.0,0.0,130.0507355421822,1.3315774970189302,1.12648344039917,0.7168095111846924,1.8432929515838623,0.40967392921447754,1.12648344039917,0.7168095111846924,0.0,0.0,1.3315774970189302,0.0,87.0,119.0,97.66666666666667,15.084944665313014,227.55555555555557,0,0,0
1900,2.0469019412994385,2,0,334,0,167.0,167.0,0.0,0.0,163.17342480410477,0.9770863760724836,2.0469019412994385,0.0,2.0469019412994385,2.0469019412994385,2.0469019412994385,0.0,0.0,0.0,0.9770863760724836,0.0,167.0,167.0,167.0,0.0,0.0,0,0,0
53,2.3689160346984863,2,2,167,336,94.0,83.5,178.0,168.0,212.33340170455702,1.6885359976505527,0.7896386782328287,1.048538987406292,2.2724859714508057,0.043322086334228516,2.325593948364258,0.0,2.315808057785034,0.0,0.8442679988252764,0.8442679988252764,73.0,178.0,125.75,43.476286639960406,1890.1875,0,0,0
53,0.0454249382019043,1,1,73,202,73.0,73.0,202.0,202.0,6053.943293828664,44.0286785005721,0.0454249382019043,0.0,0.0454249382019043,0.0454249382019043,0.0,0.0,0.0,0.0,22.01433925028605,22.01433925028605,73.0,202.0,137.5,64.5,4160.25,0,0,0
80,0.1657400131225586,7,5,484,447,136.0,69.14285714285714,205.0,89.4,5617.231364109764,72.40255249121071,0.0150672739202326,0.013732751794785713,0.042713165283203125,5.1975250244140625e-05,0.027623335520426433,0.012575150516786236,0.03502023220062256,0.03548213436539246,42.23482228653958,30.167730204671127,54.0,205.0,77.58333333333333,44.18796656205045,1952.5763888888887,2,3,0
5353,3.845360040664673,3,0,261,0,87.0,87.0,0.0,0.0,67.87400847773047,0.7801610169854077,1.9226800203323364,0.12557590007781982,2.0482559204101562,1.7971041202545166,1.9226800203323364,0.12557590007781982,0.0,0.0,0.7801610169854077,0.0,87.0,87.0,87.0,0.0,0.0,0,0,0
1900,3.646656036376953,3,0,501,0,167.0,167.0,0.0,0.0,137.38614089245345,0.8226715023500207,1.8233280181884766,0.22467303276062012,2.0480010509490967,1.5986549854278564,1.8233280181884766,0.22467303276062012,0.0,0.0,0.8226715023500207,0.0,167.0,167.0,167.0,0.0,0.0,0,0,0
443,2.2633988857269287,14,20,14718,5312,13054.0,1051.2857142857142,2614.0,265.6,8849.522780235455,15.021656242037217,0.06858784502202814,0.14125628449746394,0.40813493728637695,0.0,0.17410760659437913,0.17981739892942458,0.10173810155768144,0.17157062887272104,6.185387864368265,8.83626837766895,54.0,13054.0,589.1176470588235,2220.744109059816,4931704.397923876,2,2,0
53,0.062484025955200195,1,1,94,204,94.0,94.0,204.0,204.0,4769.218939471987,32.00818080182542,0.062484025955200195,0.0,0.062484025955200195,0.062484025955200195,0.0,0.0,0.0,0.0,16.00409040091271,16.00409040091271,94.0,204.0,149.0,55.0,3025.0,0,0,0
53,0.0620570182800293,1,1,94,216,94.0,94.0,216.0,216.0,4995.40597650277,32.22842565485658,0.0620570182800293,0.0,0.0620570182800293,0.0620570182800293,0.0,0.0,0.0,0.0,16.11421282742829,16.11421282742829,94.0,216.0,155.0,61.0,3721.0,0,0,0
53,3.121661901473999,3,3,280,733,95.0,93.33333333333333,289.0,244.33333333333334,324.50663523864563,1.922053120860685,0.6243323802947998,0.9645179602292641,2.5274112224578857,0.03740096092224121,1.542130470275879,1.0283455848693848,1.5392985343933105,1.0483064651489258,0.9610265604303425,0.9610265604303425,92.0,289.0,168.83333333333334,78.77270395821695,6205.13888888889,0,0,0
53,0.5572590827941895,2,2,187,471,95.0,93.5,265.0,235.5,1180.7793184826685,7.177989778010144,0.18575302759806314,0.19127365241223937,0.4561338424682617,0.043557167053222656,0.5137019157409668,0.0,0.4996910095214844,0.0,3.588994889005072,3.588994889005072,92.0,265.0,164.5,74.00844546401444,5477.25,0,0,0
80,0.20027804374694824,5,5,590,10844,350.0,118.0,9014.0,2168.8,57090.631534462584,49.93058556451162,0.022253115971883137,0.026253023513423564,0.07019495964050293,0.0,0.05006951093673706,0.04551885340638564,0.038828492164611816,0.03894526929081476,24.96529278225581,24.96529278225581,54.0,9014.0,1143.4,2641.6231449622032,6978172.840000001,0,2,0
80,0.6447460651397705,32,59,2229,1053872,519.0,69.65625,65334.0,17862.237288135595,1638010.7721495817,141.14083810697267,0.007163845168219672,0.013736137173895926,0.060578107833862305,0.0,0.020798260165799047,0.018404887462885152,0.010374328185772073,0.01777276821261014,49.631943070583795,91.50889503638886,54.0,65334.0,11605.505494505494,17656.56867550507,311754417.3928269,2,2,0
80,0.6270871162414551,12,16,1149,146026,519.0,95.75,48694.0,9126.625,234696.25860297758,44.650893432195495,0.023225448749683523,0.05030719347077718,0.2564730644226074,0.0,0.057007919658314095,0.06608156466327332,0.038424205780029294,0.0736116771793617,19.136097185226642,25.514796246968857,54.0,48694.0,5256.25,9970.101602953417,99402925.97321428,2,2,0
80,0.6411371231079102,35,65,2391,1054196,519.0,68.31428571428572,65334.0,16218.4,1647989.114837397,155.97287443792104,0.006476132556645557,0.013243229290156028,0.0758059024810791,0.0,0.01885697420905618,0.022796968416738887,0.009049467742443085,0.01717174223462358,54.590506053272364,101.38236838464869,54.0,65334.0,10565.87,15928.922405269604,253730568.9931,2,2,0
80,0.62882399559021,11,16,1071,144746,519.0,97.36363636363636,34614.0,9046.625,231888.41555439873,42.93729277086187,0.024185538291931152,0.06234372815362852,0.3200409412384033,0.0,0.062882399559021,0.08867272995213338,0.03836879730224609,0.09166070181736087,17.49297112886965,25.44432164199222,54.0,34614.0,5400.62962962963,10094.370404479212,101896313.8628258,2,2,0
80,0.6424751281738281,40,133,2649,1056588,519.0,66.225,65334.0,7944.270676691729,1648681.7209730379,269.2711241472263,0.0037353205126385357,0.010338068577819395,0.0728769302368164,0.0,0.016473721235226363,0.02265193766073084,0.004307409127553304,0.012242411555777927,62.25921945600608,207.01190469122022,54.0,65334.0,6122.757225433526,11537.084147354626,133104310.62314142,2,2,0
27020,0.0847620964050293,1,1,108,56,108.0,108.0,56.0,56.0,1934.8270861109704,23.595452269645982,0.0847620964050293,0.0,0.0847620964050293,0.0847620964050293,0.0,0.0,0.0,0.0,11.797726134822991,11.797726134822991,56.0,108.0,82.0,26.0,676.0,0,0,0
5353,0.0,1,0,119,0,119.0,119.0,0.0,0.0,0.0,0.0,0.0,0.0,0.0,0.0,0.0,0.0,0.0,0.0,0.0,0.0,119.0,119.0,119.0,0.0,0.0,0,0,0
53,0.031050920486450195,1,1,73,178,73.0,73.0,178.0,178.0,8083.496272180717,64.41032886199774,0.031050920486450195,0.0,0.031050920486450195,0.031050920486450195,0.0,0.0,0.0,0.0,32.20516443099887,32.20516443099887,73.0,178.0,125.5,52.5,2756.25,0,0,0
53,0.042227983474731445,1,1,73,202,73.0,73.0,202.0,202.0,6512.269290920691,47.36195847942321,0.042227983474731445,0.0,0.042227983474731445,0.042227983474731445,0.0,0.0,0.0,0.0,23.680979239711604,23.680979239711604,73.0,202.0,137.5,64.5,4160.25,0,0,0
80,0.1723020076751709,6,3,418,325,136.0,69.66666666666667,205.0,108.33333333333333,4312.195835818273,52.2338661135457,0.021537750959396362,0.018143747403031846,0.04539680480957031,0.00015306472778320312,0.03446040153503418,0.02651005265604438,0.07479500770568848,0.0404047966003418,34.822577409030465,17.411288704515233,54.0,205.0,82.55555555555556,49.971349816361126,2497.1358024691353,2,2,0
14054,0.16872096061706543,2,3,108,162,54.0,54.0,54.0,54.0,1600.2753837610062,29.63472932890752,0.04218024015426636,0.0720749991273791,0.16701698303222656,0.00014901161193847656,0.16857194900512695,0.0,0.08400499820709229,0.08316099643707275,11.853891731563008,17.780837597344515,54.0,54.0,54.0,0.0,0.0,2,0,2
80,7.838913917541504,382,1143,28236,16856960,520.0,73.91623036649214,65334.0,14747.996500437444,2154022.378306159,194.54225624131888,0.005143644302848756,0.02884525378991072,0.4890899658203125,0.0,0.020574577211395023,0.0556523387719614,0.006810044657745628,0.03844754116965885,48.73124057979266,145.8110156615262,54.0,65334.0,11072.259672131147,17659.91078556768,311872448.9542097,2,2,0
80,7.834977149963379,381,910,27300,14749296,520.0,71.65354330708661,65334.0,16208.017582417582,1885978.186939456,164.77393300451863,0.00607362569764603,0.029621187919115693,0.4509460926055908,0.0,0.02061836092095626,0.05255462893937279,0.008542600638008747,0.04087593821817567,48.628093318916804,116.14583968560181,54.0,65334.0,11445.852827265686,17301.671541819444,299347838.1410048,2,2,0
80,7.819306135177612,432,1091,32360,20001258,520.0,74.9074074074074,65334.0,18332.958753437215,2562071.065343312,194.77431547900454,0.005137520456752702,0.028599839920577224,0.5095210075378418,0.0,0.018142241612941097,0.0521704393285344,0.0071259706392200715,0.03875633275770302,55.24786886863425,139.5264466103703,54.0,65334.0,13154.049901510178,19395.660242819697,376191636.2548966,2,2,0
80,7.806484937667847,383,1107,29212,17904423,520.0,76.27154046997389,65334.0,16173.823848238482,2297274.01553888,190.86695380791076,0.005242770273786331,0.029315100760196885,0.5098989009857178,0.0,0.020435824444156668,0.05638940206729313,0.007012031824205064,0.039993700934874116,49.06177403250324,141.80517977540754,54.0,65334.0,12035.996644295303,18574.926355856493,345027889.12549216,2,2,0
443,0.04930591583251953,3,3,186,188,78.0,62.0,78.0,62.666666666666664,7585.296686717858,121.68925165857527,0.009861183166503907,0.01832726818966244,0.04648709297180176,0.0,0.024652957916259766,0.024125099182128906,0.0010344982147216797,0.0010344982147216797,60.84462582928764,60.84462582928764,54.0,78.0,62.333333333333336,11.100550536897808,123.22222222222223,1,0,2
53,0.05026888847351074,1,1,87,315,87.0,87.0,315.0,315.0,7996.994009760817,39.7860398495563,0.05026888847351074,0.0,0.05026888847351074,0.05026888847351074,0.0,0.0,0.0,0.0,19.89301992477815,19.89301992477815,87.0,315.0,201.0,114.0,12996.0,0,0,0
443,0.1070091724395752,6,7,1328,2342,866.0,221.33333333333334,1334.0,334.57142857142856,34296.12542861535,121.4849129623977,0.008917431036631266,0.01130680178668606,0.02961111068725586,0.0,0.02140183448791504,0.017737053150970655,0.013316829999287924,0.012835723895394356,56.06995982879894,65.41495313359877,54.0,1334.0,282.3076923076923,373.9317882295121,139824.98224852068,0,2,0
53,0.04996800422668457,1,1,89,227,89.0,89.0,227.0,227.0,6324.046855392426,40.02561300881282,0.04996800422668457,0.0,0.04996800422668457,0.04996800422668457,0.0,0.0,0.0,0.0,20.01280650440641,20.01280650440641,89.0,227.0,158.0,69.0,4761.0,0,0,0
53,0.049262046813964844,1,1,89,239,89.0,89.0,239.0,239.0,6658.26982867099,40.59920627238409,0.049262046813964844,0.0,0.049262046813964844,0.049262046813964844,0.0,0.0,0.0,0.0,20.299603136192044,20.299603136192044,89.0,239.0,164.0,75.0,5625.0,0,0,0
5353,0.0,1,0,119,0,119.0,119.0,0.0,0.0,0.0,0.0,0.0,0.0,0.0,0.0,0.0,0.0,0.0,0.0,0.0,0.0,119.0,119.0,119.0,0.0,0.0,0,0,0
443,1.1432578563690186,12,12,4321,6777,1672.0,360.0833333333333,3894.0,564.75,9707.346368252562,20.99263947000013,0.04970686332039211,0.09624771938044932,0.4327878952026367,0.0,0.1039325323971835,0.16393368424832896,0.09001261537725275,0.12516897385441164,10.496319735000066,10.496319735000066,54.0,3894.0,462.4166666666667,865.6153840220005,749289.9930555555,0,2,0
53,0.042489051818847656,1,1,91,228,91.0,91.0,228.0,228.0,7507.816398446794,47.07094920656297,0.042489051818847656,0.0,0.042489051818847656,0.042489051818847656,0.0,0.0,0.0,0.0,23.535474603281486,23.535474603281486,91.0,228.0,159.5,68.5,4692.25,0,0,0
53,0.03547191619873047,1,1,91,246,91.0,91.0,246.0,246.0,9500.473504503294,56.38263207420352,0.03547191619873047,0.0,0.03547191619873047,0.03547191619873047,0.0,0.0,0.0,0.0,28.19131603710176,28.19131603710176,91.0,246.0,168.5,77.5,6006.25,0,0,0
53,0.05163002014160156,1,1,89,238,89.0,89.0,238.0,238.0,6333.524548376371,38.737153201078726,0.05163002014160156,0.0,0.05163002014160156,0.05163002014160156,0.0,0.0,0.0,0.0,19.368576600539363,19.368576600539363,89.0,238.0,163.5,74.5,5550.25,0,0,0
53,0.04605412483215332,1,1,89,226,89.0,89.0,226.0,226.0,6839.778220692155,43.427163305981935,0.04605412483215332,0.0,0.04605412483215332,0.04605412483215332,0.0,0.0,0.0,0.0,21.713581652990968,21.713581652990968,89.0,226.0,157.5,68.5,4692.25,0,0,0
443,4.650444030761719,5,0,270,0,54.0,54.0,0.0,0.0,58.058972049551876,1.0751661490657756,1.1626110076904297,0.8022535041332098,2.4446229934692383,0.36679720878601074,1.1626110076904297,0.8022535041332098,0.0,0.0,1.0751661490657756,0.0,54.0,54.0,54.0,0.0,0.0,5,0,0
443,1.9920282363891602,13,11,5579,5347,2885.0,429.15384615384613,3894.0,486.09090909090907,5484.8620116976645,12.048021991647808,0.08660992332126784,0.13518299273672701,0.4085118770599365,0.0,0.16600235303243002,0.15735206899869905,0.1638806104660034,0.16410300229760483,6.526011912142563,5.522010079505246,54.0,3894.0,455.25,949.5218204443751,901591.6875,2,2,0
27020,0.07185196876525879,1,1,108,56,108.0,108.0,56.0,56.0,2282.470512892832,27.83500625479064,0.07185196876525879,0.0,0.07185196876525879,0.07185196876525879,0.0,0.0,0.0,0.0,13.91750312739532,13.91750312739532,56.0,108.0,82.0,26.0,676.0,0,0,0
443,0.0,1,0,54,0,54.0,54.0,0.0,0.0,0.0,0.0,0.0,0.0,0.0,0.0,0.0,0.0,0.0,0.0,0.0,0.0,54.0,54.0,54.0,0.0,0.0,1,0,0
53,0.055893898010253906,1,1,82,145,82.0,82.0,145.0,145.0,4061.2662219113104,35.78208125031992,0.055893898010253906,0.0,0.055893898010253906,0.055893898010253906,0.0,0.0,0.0,0.0,17.89104062515996,17.89104062515996,82.0,145.0,113.5,31.5,992.25,0,0,0
5353,0.0,1,0,119,0,119.0,119.0,0.0,0.0,0.0,0.0,0.0,0.0,0.0,0.0,0.0,0.0,0.0,0.0,0.0,0.0,119.0,119.0,119.0,0.0,0.0,0,0,0
443,0.707794189453125,3,4,3107,808,1529.0,1035.6666666666667,348.0,202.0,5531.268917345751,9.88988056741258,0.1179656982421875,0.09704557807040111,0.28447794914245605,0.026640892028808594,0.3538970947265625,0.0446619987487793,0.19829869270324707,0.07965293337592637,4.23852024317682,5.65136032423576,54.0,1529.0,559.2857142857143,623.6080990690306,388887.0612244899,0,0,0
443,0.0,1,0,54,0,54.0,54.0,0.0,0.0,0.0,0.0,0.0,0.0,0.0,0.0,0.0,0.0,0.0,0.0,0.0,0.0,54.0,54.0,54.0,0.0,0.0,0,0,1
53,0.03328394889831543,1,1,84,149,84.0,84.0,149.0,149.0,7000.371281419454,60.0890238748451,0.03328394889831543,0.0,0.03328394889831543,0.03328394889831543,0.0,0.0,0.0,0.0,30.04451193742255,30.04451193742255,84.0,149.0,116.5,32.5,1056.25,0,0,0
53,0.033154964447021484,1,1,84,161,84.0,84.0,161.0,161.0,7389.54193093728,60.32279127295739,0.033154964447021484,0.0,0.033154964447021484,0.033154964447021484,0.0,0.0,0.0,0.0,30.161395636478694,30.161395636478694,84.0,161.0,122.5,38.5,1482.25,0,0,0
53,3.4671430587768555,2,2,176,315,94.0,88.0,158.0,157.5,141.6151545166457,1.1536876131702298,1.1557143529256184,1.56330011189926,3.3665530681610107,0.04806089401245117,3.4190821647644043,0.0,3.414613962173462,0.0,0.5768438065851149,0.5768438065851149,82.0,158.0,122.75,35.00982005095142,1225.6875,0,0,0
53,0.051297903060913086,1,1,90,205,90.0,90.0,205.0,205.0,5750.72239599552,38.98794844742725,0.051297903060913086,0.0,0.051297903060913086,0.051297903060913086,0.0,0.0,0.0,0.0,19.493974223713625,19.493974223713625,90.0,205.0,147.5,57.5,3306.25,0,0,0
53,0.05098891258239746,1,1,90,217,90.0,90.0,217.0,217.0,6020.916792526056,39.224213632091576,0.05098891258239746,0.0,0.05098891258239746,0.05098891258239746,0.0,0.0,0.0,0.0,19.612106816045788,19.612106816045788,90.0,217.0,153.5,63.5,4032.25,0,0,0
443,2.1093690395355225,12,11,1436,35148,334.0,119.66666666666667,15414.0,3195.2727272727275,17343.574933694723,10.90373451440462,0.09588041088797829,0.16249797207368044,0.5710110664367676,0.0,0.19176082177595657,0.18716494099188122,0.15381779670715331,0.15381895703959828,5.688904964037193,5.214829550367427,54.0,15414.0,1590.608695652174,3973.360112802682,15787590.586011343,2,2,0
27020,0.08661794662475586,1,1,108,56,108.0,108.0,56.0,56.0,1893.3720596088103,23.0899031659611,0.08661794662475586,0.0,0.08661794662475586,0.08661794662475586,0.0,0.0,0.0,0.0,11.54495158298055,11.54495158298055,56.0,108.0,82.0,26.0,676.0,0,0,0
53,0.07653093338012695,1,1,86,295,86.0,86.0,295.0,295.0,4978.379109889905,26.133223673962753,0.07653093338012695,0.0,0.07653093338012695,0.07653093338012695,0.0,0.0,0.0,0.0,13.066611836981377,13.066611836981377,86.0,295.0,190.5,104.5,10920.25,0,0,0
53,0.0763709545135498,1,1,86,283,86.0,86.0,283.0,283.0,4831.67982317848,26.18796652129257,0.0763709545135498,0.0,0.0763709545135498,0.0763709545135498,0.0,0.0,0.0,0.0,13.093983260646285,13.093983260646285,86.0,283.0,184.5,98.5,9702.25,0,0,0
443,0.3992798328399658,2,2,478,390,424.0,239.0,334.0,195.0,2173.9139535952986,10.018036652512896,0.13309327761332193,0.10073172658772318,0.27526187896728516,0.054173946380615234,0.3992798328399658,0.0,0.27526187896728516,0.0,5.009018326256448,5.009018326256448,54.0,424.0,217.0,165.0969412193939,27257.0,0,0,0
5353,0.0,1,0,119,0,119.0,119.0,0.0,0.0,0.0,0.0,0.0,0.0,0.0,0.0,0.0,0.0,0.0,0.0,0.0,0.0,119.0,119.0,119.0,0.0,0.0,0,0,0
53,0.04435014724731445,1,1,87,144,87.0,87.0,144.0,144.0,5208.550914427636,45.09567891279339,0.04435014724731445,0.0,0.04435014724731445,0.04435014724731445,0.0,0.0,0.0,0.0,22.547839456396694,22.547839456396694,87.0,144.0,115.5,28.5,812.25,0,0,0
53,0.054238080978393555,1,1,87,115,87.0,87.0,115.0,115.0,3724.32055773635,36.87446096768663,0.054238080978393555,0.0,0.054238080978393555,0.054238080978393555,0.0,0.0,0.0,0.0,18.437230483843315,18.437230483843315,87.0,115.0,101.0,14.0,196.0,0,0,0
53,0.05348801612854004,1,1,87,103,87.0,87.0,103.0,103.0,3552.1975528761504,37.39155318817001,0.05348801612854004,0.0,0.05348801612854004,0.05348801612854004,0.0,0.0,0.0,0.0,18.695776594085004,18.695776594085004,87.0,103.0,95.0,8.0,64.0,0,0,0
27020,0.08215713500976562,1,1,108,56,108.0,108.0,56.0,56.0,1996.1747690021823,24.343594743929053,0.08215713500976562,0.0,0.08215713500976562,0.08215713500976562,0.0,0.0,0.0,0.0,12.171797371964526,12.171797371964526,56.0,108.0,82.0,26.0,676.0,0,0,0
5353,2.048352003097534,5,0,579,0,119.0,115.8,0.0,0.0,282.66626005902873,2.440986701718728,0.5120880007743835,0.3389271160728839,0.8190860748291016,0.0,0.5120880007743835,0.3389271160728839,0.0,0.0,2.440986701718728,0.0,103.0,119.0,115.8,6.3999999999999995,40.959999999999994,0,0,0
53,0.03667092323303223,1,1,79,129,79.0,79.0,129.0,129.0,5672.068812618248,54.539123198252376,0.03667092323303223,0.0,0.03667092323303223,0.03667092323303223,0.0,0.0,0.0,0.0,27.269561599126188,27.269561599126188,79.0,129.0,104.0,25.0,625.0,0,0,0
53,0.038442134857177734,1,1,79,95,79.0,79.0,95.0,95.0,4526.283481561419,52.02624691449906,0.038442134857177734,0.0,0.038442134857177734,0.038442134857177734,0.0,0.0,0.0,0.0,26.01312345724953,26.01312345724953,79.0,95.0,87.0,8.0,64.0,0,0,0
53,0.03843998908996582,1,1,79,107,79.0,79.0,107.0,107.0,4838.711050741492,52.02915108324185,0.03843998908996582,0.0,0.03843998908996582,0.03843998908996582,0.0,0.0,0.0,0.0,26.014575541620925,26.014575541620925,79.0,107.0,93.0,14.0,196.0,0,0,0
53,0.05546712875366211,1,1,94,158,94.0,94.0,158.0,158.0,4543.231381584038,36.05739191733363,0.05546712875366211,0.0,0.05546712875366211,0.05546712875366211,0.0,0.0,0.0,0.0,18.028695958666816,18.028695958666816,94.0,158.0,126.0,32.0,1024.0,0,0,0
5353,0.0,1,0,119,0,119.0,119.0,0.0,0.0,0.0,0.0,0.0,0.0,0.0,0.0,0.0,0.0,0.0,0.0,0.0,0.0,119.0,119.0,119.0,0.0,0.0,0,0,0
27020,0.12796497344970703,1,1,108,56,108.0,108.0,56.0,56.0,1281.600703527325,15.629276872284452,0.12796497344970703,0.0,0.12796497344970703,0.12796497344970703,0.0,0.0,0.0,0.0,7.814638436142226,7.814638436142226,56.0,108.0,82.0,26.0,676.0,0,0,0
53,0.04887700080871582,1,1,108,193,108.0,108.0,193.0,193.0,6158.315670349503,40.919040999000025,0.04887700080871582,0.0,0.04887700080871582,0.04887700080871582,0.0,0.0,0.0,0.0,20.459520499500012,20.459520499500012,108.0,193.0,150.5,42.5,1806.25,0,0,0
53,0.05176401138305664,1,1,108,205,108.0,108.0,205.0,205.0,6046.67203404663,38.63688200668773,0.05176401138305664,0.0,0.05176401138305664,0.05176401138305664,0.0,0.0,0.0,0.0,19.318441003343864,19.318441003343864,108.0,205.0,156.5,48.5,2352.25,0,0,0
5353,0.0,1,0,119,0,119.0,119.0,0.0,0.0,0.0,0.0,0.0,0.0,0.0,0.0,0.0,0.0,0.0,0.0,0.0,0.0,119.0,119.0,119.0,0.0,0.0,0,0,0
27020,0.08065986633300781,1,1,108,56,108.0,108.0,56.0,56.0,2033.2292558348506,24.7954787296933,0.08065986633300781,0.0,0.08065986633300781,0.08065986633300781,0.0,0.0,0.0,0.0,12.39773936484665,12.39773936484665,56.0,108.0,82.0,26.0,676.0,0,0,0
5353,0.0,1,0,119,0,119.0,119.0,0.0,0.0,0.0,0.0,0.0,0.0,0.0,0.0,0.0,0.0,0.0,0.0,0.0,0.0,119.0,119.0,119.0,0.0,0.0,0,0,0
53,0.060420989990234375,1,1,79,215,79.0,79.0,215.0,215.0,4865.85870320096,33.10107961361197,0.060420989990234375,0.0,0.060420989990234375,0.060420989990234375,0.0,0.0,0.0,0.0,16.550539806805986,16.550539806805986,79.0,215.0,147.0,68.0,4624.0,0,0,0
53,0.055004119873046875,1,1,79,176,79.0,79.0,176.0,176.0,4636.016367293155,36.36091268465219,0.055004119873046875,0.0,0.055004119873046875,0.055004119873046875,0.0,0.0,0.0,0.0,18.180456342326096,18.180456342326096,79.0,176.0,127.5,48.5,2352.25,0,0,0
53,0.058766841888427734,1,1,79,164,79.0,79.0,164.0,164.0,4134.984834838489,34.03279699455547,0.058766841888427734,0.0,0.058766841888427734,0.058766841888427734,0.0,0.0,0.0,0.0,17.016398497277734,17.016398497277734,79.0,164.0,121.5,42.5,1806.25,0,0,0
53,0.06518888473510742,1,1,101,260,101.0,101.0,260.0,260.0,5537.753889591913,30.680076950647717,0.06518888473510742,0.0,0.06518888473510742,0.06518888473510742,0.0,0.0,0.0,0.0,15.340038475323858,15.340038475323858,101.0,260.0,180.5,79.5,6320.25,0,0,0
53,0.06353592872619629,1,1,101,248,101.0,101.0,248.0,248.0,5492.9550412962635,31.478252385651942,0.06353592872619629,0.0,0.06353592872619629,0.06353592872619629,0.0,0.0,0.0,0.0,15.739126192825971,15.739126192825971,101.0,248.0,174.5,73.5,5402.25,0,0,0
443,0.31628990173339844,2,1,120,66,66.0,60.0,66.0,66.0,588.068095062927,9.4849692752085,0.15814495086669922,0.15792107582092285,0.31606602668762207,0.0002238750457763672,0.31628990173339844,0.0,0.0,0.0,6.323312850139001,3.1616564250695003,54.0,66.0,62.0,5.656854249492381,32.0,0,2,1
27020,0.09397006034851074,1,1,108,56,108.0,108.0,56.0,56.0,1745.2367210552623,21.283374647015393,0.09397006034851074,0.0,0.09397006034851074,0.09397006034851074,0.0,0.0,0.0,0.0,10.641687323507696,10.641687323507696,56.0,108.0,82.0,26.0,676.0,0,0,0
443,0.301616907119751,2,1,120,66,66.0,60.0,66.0,66.0,616.6763056361175,9.946392026388992,0.1508084535598755,0.1507014036178589,0.3015098571777344,0.00010704994201660156,0.301616907119751,0.0,0.0,0.0,6.630928017592661,3.3154640087963303,54.0,66.0,62.0,5.656854249492381,32.0,0,2,1
53,0.05222201347351074,1,1,94,158,94.0,94.0,158.0,158.0,4825.551204145456,38.29802542972584,0.05222201347351074,0.0,0.05222201347351074,0.05222201347351074,0.0,0.0,0.0,0.0,19.14901271486292,19.14901271486292,94.0,158.0,126.0,32.0,1024.0,0,0,0
5353,0.0,1,0,119,0,119.0,119.0,0.0,0.0,0.0,0.0,0.0,0.0,0.0,0.0,0.0,0.0,0.0,0.0,0.0,0.0,119.0,119.0,119.0,0.0,0.0,0,0,0
443,0.1261148452758789,6,5,348,298,78.0,58.0,78.0,59.6,5122.315287996915,87.22208694731589,0.012611484527587891,0.023689876799809554,0.0638730525970459,0.0,0.025222969055175782,0.02844694817683939,0.017486989498138428,0.026912250359542738,47.57568378944503,39.64640315787086,54.0,78.0,58.72727272727273,9.116328099433945,83.10743801652892,3,0,4
53,0.035054922103881836,1,1,87,315,87.0,87.0,315.0,315.0,11467.719106855016,57.053328889825956,0.035054922103881836,0.0,0.035054922103881836,0.035054922103881836,0.0,0.0,0.0,0.0,28.526664444912978,28.526664444912978,87.0,315.0,201.0,114.0,12996.0,0,0,0
443,0.1575620174407959,8,9,1448,7007,866.0,181.0,3894.0,778.5555555555555,53661.40988374293,107.89402342089056,0.009847626090049744,0.016831537747735832,0.06612300872802734,0.0,0.022508859634399414,0.019853110054418092,0.017610520124435425,0.023000053489117107,50.77365808041909,57.12036534047147,54.0,3894.0,497.3529411764706,914.2692962255493,835888.3460207612,0,2,0
5353,0.0,1,0,119,0,119.0,119.0,0.0,0.0,0.0,0.0,0.0,0.0,0.0,0.0,0.0,0.0,0.0,0.0,0.0,0.0,119.0,119.0,119.0,0.0,0.0,0,0,0
27020,0.07748794555664062,1,1,108,56,108.0,108.0,56.0,56.0,2116.458228720524,25.810466203908828,0.07748794555664062,0.0,0.07748794555664062,0.07748794555664062,0.0,0.0,0.0,0.0,12.905233101954414,12.905233101954414,56.0,108.0,82.0,26.0,676.0,0,0,0
5353,0.0,1,0,119,0,119.0,119.0,0.0,0.0,0.0,0.0,0.0,0.0,0.0,0.0,0.0,0.0,0.0,0.0,0.0,0.0,119.0,119.0,119.0,0.0,0.0,0,0,0
27020,0.0829160213470459,1,1,108,56,108.0,108.0,56.0,56.0,1977.9048407734886,24.120790741140105,0.0829160213470459,0.0,0.0829160213470459,0.0829160213470459,0.0,0.0,0.0,0.0,12.060395370570053,12.060395370570053,56.0,108.0,82.0,26.0,676.0,0,0,0
5353,0.0,1,0,119,0,119.0,119.0,0.0,0.0,0.0,0.0,0.0,0.0,0.0,0.0,0.0,0.0,0.0,0.0,0.0,0.0,119.0,119.0,119.0,0.0,0.0,0,0,0
53,0.08884787559509277,1,1,94,158,94.0,94.0,158.0,158.0,2836.3086715594854,22.51038628221814,0.08884787559509277,0.0,0.08884787559509277,0.08884787559509277,0.0,0.0,0.0,0.0,11.25519314110907,11.25519314110907,94.0,158.0,126.0,32.0,1024.0,0,0,0
27020,0.06728482246398926,1,1,108,56,108.0,108.0,56.0,56.0,2437.399609514799,29.724385481887794,0.06728482246398926,0.0,0.06728482246398926,0.06728482246398926,0.0,0.0,0.0,0.0,14.862192740943897,14.862192740943897,56.0,108.0,82.0,26.0,676.0,0,0,0
5353,4.096301078796387,4,0,380,0,119.0,95.0,0.0,0.0,92.76661863723531,0.9764907224972138,1.365433692932129,0.8234005638672961,2.0479440689086914,0.20709991455078125,1.365433692932129,0.8234005638672961,0.0,0.0,0.9764907224972138,0.0,87.0,119.0,95.0,13.856406460551018,192.0,0,0,0
1900,4.109143018722534,3,0,501,0,167.0,167.0,0.0,0.0,121.9232325857942,0.7300792370406838,2.054571509361267,0.006304383277893066,2.06087589263916,2.048267126083374,2.054571509361267,0.006304383277893066,0.0,0.0,0.7300792370406838,0.0,167.0,167.0,167.0,0.0,0.0,0,0,0
53,0.050453901290893555,1,1,79,129,79.0,79.0,129.0,129.0,4122.57515629504,39.640145733606154,0.050453901290893555,0.0,0.050453901290893555,0.050453901290893555,0.0,0.0,0.0,0.0,19.820072866803077,19.820072866803077,79.0,129.0,104.0,25.0,625.0,0,0,0
53,0.010258913040161133,1,1,79,107,79.0,79.0,107.0,107.0,18130.57575123754,194.9524274326617,0.010258913040161133,0.0,0.010258913040161133,0.010258913040161133,0.0,0.0,0.0,0.0,97.47621371633085,97.47621371633085,79.0,107.0,93.0,14.0,196.0,0,0,0
53,0.011770009994506836,1,1,79,95,79.0,79.0,95.0,95.0,14783.334940344765,169.92339011890533,0.011770009994506836,0.0,0.011770009994506836,0.011770009994506836,0.0,0.0,0.0,0.0,84.96169505945267,84.96169505945267,79.0,95.0,87.0,8.0,64.0,0,0,0
5353,0.0,1,0,119,0,119.0,119.0,0.0,0.0,0.0,0.0,0.0,0.0,0.0,0.0,0.0,0.0,0.0,0.0,0.0,0.0,119.0,119.0,119.0,0.0,0.0,0,0,0
27020,0.08151102066040039,1,1,108,56,108.0,108.0,56.0,56.0,2011.9978706103275,24.536559397686922,0.08151102066040039,0.0,0.08151102066040039,0.08151102066040039,0.0,0.0,0.0,0.0,12.268279698843461,12.268279698843461,56.0,108.0,82.0,26.0,676.0,0,0,0
5353,3.890810966491699,3,0,261,0,87.0,87.0,0.0,0.0,67.08113096415495,0.7710474823466087,1.9454054832458496,0.10237836837768555,2.047783851623535,1.843027114868164,1.9454054832458496,0.10237836837768555,0.0,0.0,0.7710474823466087,0.0,87.0,87.0,87.0,0.0,0.0,0,0,0
1900,3.8911678791046143,3,0,501,0,167.0,167.0,0.0,0.0,128.7531187462628,0.7709767589596576,1.9455839395523071,0.10227310657501221,2.0478570461273193,1.843310832977295,1.9455839395523071,0.10227310657501221,0.0,0.0,0.7709767589596576,0.0,167.0,167.0,167.0,0.0,0.0,0,0,0
53,0.050414085388183594,1,1,94,158,94.0,94.0,158.0,158.0,4998.603030475001,39.67145262281747,0.050414085388183594,0.0,0.050414085388183594,0.050414085388183594,0.0,0.0,0.0,0.0,19.835726311408735,19.835726311408735,94.0,158.0,126.0,32.0,1024.0,0,0,0
5353,0.0,1,0,119,0,119.0,119.0,0.0,0.0,0.0,0.0,0.0,0.0,0.0,0.0,0.0,0.0,0.0,0.0,0.0,0.0,119.0,119.0,119.0,0.0,0.0,0,0,0
27020,0.07576990127563477,1,1,108,56,108.0,108.0,56.0,56.0,2164.4478511777775,26.395705502168017,0.07576990127563477,0.0,0.07576990127563477,0.07576990127563477,0.0,0.0,0.0,0.0,13.197852751084008,13.197852751084008,56.0,108.0,82.0,26.0,676.0,0,0,0
1900,0.0,1,0,167,0,167.0,167.0,0.0,0.0,0.0,0.0,0.0,0.0,0.0,0.0,0.0,0.0,0.0,0.0,0.0,0.0,167.0,167.0,167.0,0.0,0.0,0,0,0
5353,4.970196008682251,4,0,380,0,119.0,95.0,0.0,0.0,76.45573722569333,0.8047972339546666,1.6567320028940837,0.4167551456205588,2.046009063720703,1.0788509845733643,1.6567320028940837,0.4167551456205588,0.0,0.0,0.8047972339546666,0.0,87.0,119.0,95.0,13.856406460551018,192.0,0,0,0
1900,0.0,1,0,167,0,167.0,167.0,0.0,0.0,0.0,0.0,0.0,0.0,0.0,0.0,0.0,0.0,0.0,0.0,0.0,0.0,167.0,167.0,167.0,0.0,0.0,0,0,0
5353,0.0,1,0,119,0,119.0,119.0,0.0,0.0,0.0,0.0,0.0,0.0,0.0,0.0,0.0,0.0,0.0,0.0,0.0,0.0,119.0,119.0,119.0,0.0,0.0,0,0,0
53,0.03710603713989258,1,1,80,200,80.0,80.0,200.0,200.0,7545.941889304394,53.89958492360281,0.03710603713989258,0.0,0.03710603713989258,0.03710603713989258,0.0,0.0,0.0,0.0,26.949792461801405,26.949792461801405,80.0,200.0,140.0,60.0,3600.0,0,0,0
53,0.04433703422546387,1,1,80,212,80.0,80.0,212.0,212.0,6585.9163812156185,45.10901630969602,0.04433703422546387,0.0,0.04433703422546387,0.04433703422546387,0.0,0.0,0.0,0.0,22.55450815484801,22.55450815484801,80.0,212.0,146.0,66.0,4356.0,0,0,0
27020,0.08466982841491699,1,1,108,56,108.0,108.0,56.0,56.0,1936.9355420957336,23.621165147508947,0.08466982841491699,0.0,0.08466982841491699,0.08466982841491699,0.0,0.0,0.0,0.0,11.810582573754473,11.810582573754473,56.0,108.0,82.0,26.0,676.0,0,0,0
53,0.05497288703918457,1,1,85,174,85.0,85.0,174.0,174.0,4711.413461246547,36.38157112931696,0.05497288703918457,0.0,0.05497288703918457,0.05497288703918457,0.0,0.0,0.0,0.0,18.19078556465848,18.19078556465848,85.0,174.0,129.5,44.5,1980.25,0,0,0
53,0.05377483367919922,1,1,85,186,85.0,85.0,186.0,186.0,5039.532090730133,37.19211875077589,0.05377483367919922,0.0,0.05377483367919922,0.05377483367919922,0.0,0.0,0.0,0.0,18.596059375387945,18.596059375387945,85.0,186.0,135.5,50.5,2550.25,0,0,0
53,0.02510213851928711,1,1,74,448,74.0,74.0,448.0,448.0,20795.041012100373,79.6744866363999,0.02510213851928711,0.0,0.02510213851928711,0.02510213851928711,0.0,0.0,0.0,0.0,39.83724331819995,39.83724331819995,74.0,448.0,261.0,187.0,34969.0,0,0,0
53,0.03385806083679199,1,1,74,352,74.0,74.0,352.0,352.0,12581.937342881889,59.07012837033751,0.03385806083679199,0.0,0.03385806083679199,0.03385806083679199,0.0,0.0,0.0,0.0,29.535064185168753,29.535064185168753,74.0,352.0,213.0,139.0,19321.0,0,0,0
53,0.05438590049743652,1,1,101,191,101.0,101.0,191.0,191.0,5369.03861716445,36.7742371038661,0.05438590049743652,0.0,0.05438590049743652,0.05438590049743652,0.0,0.0,0.0,0.0,18.38711855193305,18.38711855193305,101.0,191.0,146.0,45.0,2025.0,0,0,0
53,0.058650970458984375,1,1,101,203,101.0,101.0,203.0,203.0,5183.204943089431,34.1000325203252,0.058650970458984375,0.0,0.058650970458984375,0.058650970458984375,0.0,0.0,0.0,0.0,17.0500162601626,17.0500162601626,101.0,203.0,152.0,51.0,2601.0,0,0,0
5353,0.0,1,0,119,0,119.0,119.0,0.0,0.0,0.0,0.0,0.0,0.0,0.0,0.0,0.0,0.0,0.0,0.0,0.0,0.0,119.0,119.0,119.0,0.0,0.0,0,0,0
53,0.06352090835571289,1,1,94,158,94.0,94.0,158.0,158.0,3967.197675902502,31.48569584049605,0.06352090835571289,0.0,0.06352090835571289,0.06352090835571289,0.0,0.0,0.0,0.0,15.742847920248025,15.742847920248025,94.0,158.0,126.0,32.0,1024.0,0,0,0
27020,0.09079098701477051,1,1,108,56,108.0,108.0,56.0,56.0,1806.3467023804835,22.028618321713214,0.09079098701477051,0.0,0.09079098701477051,0.09079098701477051,0.0,0.0,0.0,0.0,11.014309160856607,11.014309160856607,56.0,108.0,82.0,26.0,676.0,0,0,0
443,0.06235098838806152,3,2,186,132,78.0,62.0,78.0,66.0,5100.159728356257,80.19119069742543,0.01558774709701538,0.02654329743158071,0.06156015396118164,0.0,0.03117549419403076,0.030522465705871582,0.0,0.0,48.11471441845526,32.07647627897017,54.0,78.0,63.6,11.757550765359255,138.24,1,0,2
53,0.03956198692321777,1,1,87,315,87.0,87.0,315.0,315.0,10161.269219875252,50.55357820833459,0.03956198692321777,0.0,0.03956198692321777,0.03956198692321777,0.0,0.0,0.0,0.0,25.276789104167296,25.276789104167296,87.0,315.0,201.0,114.0,12996.0,0,0,0
443,0.11560702323913574,6,7,1328,6510,866.0,221.33333333333334,5174.0,930.0,67798.64908195863,112.44991554803038,0.009633918603261312,0.016145536208875974,0.042875051498413086,0.0,0.023121404647827148,0.018836714599174728,0.014276345570882162,0.01979577384707413,51.899961022167865,60.54995452586251,54.0,5174.0,602.9230769230769,1339.1626236362702,1793356.5325443787,0,2,0
5353,0.0,1,0,119,0,119.0,119.0,0.0,0.0,0.0,0.0,0.0,0.0,0.0,0.0,0.0,0.0,0.0,0.0,0.0,0.0,119.0,119.0,119.0,0.0,0.0,0,0,0
27020,0.09256696701049805,1,1,108,56,108.0,108.0,56.0,56.0,1771.6903264357868,21.605979590680327,0.09256696701049805,0.0,0.09256696701049805,0.09256696701049805,0.0,0.0,0.0,0.0,10.802989795340164,10.802989795340164,56.0,108.0,82.0,26.0,676.0,0,0,0
5353,17.817646980285645,15,0,1433,0,119.0,95.53333333333333,0.0,0.0,80.4258834842527,0.8418620043711028,1.2726890700204032,0.8632526670392726,2.185559034347534,0.0,1.2726890700204032,0.8632526670392726,0.0,0.0,0.8418620043711028,0.0,87.0,119.0,95.53333333333333,12.888582371834213,166.1155555555556,0,0,0
1900,17.81059694290161,10,0,1670,0,167.0,167.0,0.0,0.0,93.76440359375917,0.5614634945734083,1.9789552158779569,0.09749137411082798,2.049415111541748,1.836120843887329,1.9789552158779569,0.09749137411082798,0.0,0.0,0.5614634945734083,0.0,167.0,167.0,167.0,0.0,0.0,0,0,0
53,0.05128192901611328,1,1,79,163,79.0,79.0,163.0,163.0,4719.011250999572,39.00009298346754,0.05128192901611328,0.0,0.05128192901611328,0.05128192901611328,0.0,0.0,0.0,0.0,19.50004649173377,19.50004649173377,79.0,163.0,121.0,42.0,1764.0,0,0,0
443,0.7737691402435303,10,14,5125,7436,4054.0,512.5,1334.0,531.1428571428571,16233.52411811958,31.017003330536575,0.0336421365323274,0.10584069595490705,0.5200409889221191,0.0,0.08597434891594781,0.1796243292005543,0.0559080013862023,0.13670727718078965,12.923751387723572,18.093251942813,54.0,4054.0,523.375,877.6025017293802,770186.1510416666,2,2,0
53,0.02733302116394043,1,1,94,158,94.0,94.0,158.0,158.0,9219.617490819326,73.17156738745497,0.02733302116394043,0.0,0.02733302116394043,0.02733302116394043,0.0,0.0,0.0,0.0,36.585783693727485,36.585783693727485,94.0,158.0,126.0,32.0,1024.0,0,0,0
443,1.6751289367675781,14,34,31399,8790,13054.0,2242.785714285714,1334.0,258.52941176470586,23991.58603131227,28.654510674637063,0.035641041207820814,0.1021598695465286,0.5361618995666504,0.0,0.1280498504638672,0.19480935123938597,0.04911226937265107,0.11939690136360145,8.35756561343581,20.296945061201253,54.0,13054.0,837.2708333333334,2460.4327764608074,6053729.447482637,2,2,0
5353,0.0,1,0,119,0,119.0,119.0,0.0,0.0,0.0,0.0,0.0,0.0,0.0,0.0,0.0,0.0,0.0,0.0,0.0,0.0,119.0,119.0,119.0,0.0,0.0,0,0,0
27020,0.07350015640258789,1,1,108,56,108.0,108.0,56.0,56.0,2231.287768990729,27.210826451106456,0.07350015640258789,0.0,0.07350015640258789,0.07350015640258789,0.0,0.0,0.0,0.0,13.605413225553228,13.605413225553228,56.0,108.0,82.0,26.0,676.0,0,0,0
5353,0.0,1,0,119,0,119.0,119.0,0.0,0.0,0.0,0.0,0.0,0.0,0.0,0.0,0.0,0.0,0.0,0.0,0.0,0.0,119.0,119.0,119.0,0.0,0.0,0,0,0
27020,0.08823418617248535,1,1,108,56,108.0,108.0,56.0,56.0,1858.6900057014545,22.666951289042128,0.08823418617248535,0.0,0.08823418617248535,0.08823418617248535,0.0,0.0,0.0,0.0,11.333475644521064,11.333475644521064,56.0,108.0,82.0,26.0,676.0,0,0,0
5353,0.0,1,0,119,0,119.0,119.0,0.0,0.0,0.0,0.0,0.0,0.0,0.0,0.0,0.0,0.0,0.0,0.0,0.0,0.0,119.0,119.0,119.0,0.0,0.0,0,0,0
53,0.03193497657775879,1,1,79,215,79.0,79.0,215.0,215.0,9206.206846093546,62.62725745641868,0.03193497657775879,0.0,0.03193497657775879,0.03193497657775879,0.0,0.0,0.0,0.0,31.31362872820934,31.31362872820934,79.0,215.0,147.0,68.0,4624.0,0,0,0
53,0.03200197219848633,1,1,79,176,79.0,79.0,176.0,176.0,7968.258906620178,62.49614828721708,0.03200197219848633,0.0,0.03200197219848633,0.03200197219848633,0.0,0.0,0.0,0.0,31.24807414360854,31.24807414360854,79.0,176.0,127.5,48.5,2352.25,0,0,0
53,0.03171515464782715,1,1,79,164,79.0,79.0,164.0,164.0,7661.952233824226,63.06133525781256,0.03171515464782715,0.0,0.03171515464782715,0.03171515464782715,0.0,0.0,0.0,0.0,31.53066762890628,31.53066762890628,79.0,164.0,121.5,42.5,1806.25,0,0,0
27020,0.0812530517578125,1,1,108,56,108.0,108.0,56.0,56.0,2018.3857276995304,24.614460093896714,0.0812530517578125,0.0,0.0812530517578125,0.0812530517578125,0.0,0.0,0.0,0.0,12.307230046948357,12.307230046948357,56.0,108.0,82.0,26.0,676.0,0,0,0
53,0.10071897506713867,1,1,94,158,94.0,94.0,158.0,158.0,2502.011163556999,19.85723145680158,0.10071897506713867,0.0,0.10071897506713867,0.10071897506713867,0.0,0.0,0.0,0.0,9.92861572840079,9.92861572840079,94.0,158.0,126.0,32.0,1024.0,0,0,0
5353,0.0,1,0,119,0,119.0,119.0,0.0,0.0,0.0,0.0,0.0,0.0,0.0,0.0,0.0,0.0,0.0,0.0,0.0,0.0,119.0,119.0,119.0,0.0,0.0,0,0,0
27020,1.018787145614624,4,5,506,2595,271.0,126.5,1334.0,519.0,3043.8153969141395,8.834033722098438,0.127348393201828,0.13921876595117483,0.38335490226745605,0.0,0.3395957152048747,0.16333219082684391,0.2238609790802002,0.15047965924528026,3.9262372098215277,4.90779651227691,54.0,1334.0,344.55555555555554,405.44573855644387,164386.24691358022,0,0,0
53,0.04144620895385742,1,1,95,127,95.0,95.0,127.0,127.0,5356.340316846719,48.255318169790264,0.04144620895385742,0.0,0.04144620895385742,0.04144620895385742,0.0,0.0,0.0,0.0,24.127659084895132,24.127659084895132,95.0,127.0,111.0,16.0,256.0,0,0,0
80,0.16666197776794434,4,3,506,1315,332.0,126.5,1193.0,438.3333333333333,10926.30739409268,42.00118163572145,0.02777699629465739,0.02228712125878694,0.054019927978515625,0.0,0.05555399258931478,0.004859947164539786,0.03728890419006348,0.03728890419006348,24.000675220412255,18.000506415309193,54.0,1193.0,260.14285714285717,392.3250942672884,153918.97959183675,0,2,0
5353,0.0,1,0,119,0,119.0,119.0,0.0,0.0,0.0,0.0,0.0,0.0,0.0,0.0,0.0,0.0,0.0,0.0,0.0,0.0,119.0,119.0,119.0,0.0,0.0,0,0,0
27020,0.0923149585723877,1,1,108,56,108.0,108.0,56.0,56.0,1776.5268222636023,21.664961247117102,0.0923149585723877,0.0,0.0923149585723877,0.0923149585723877,0.0,0.0,0.0,0.0,10.832480623558551,10.832480623558551,56.0,108.0,82.0,26.0,676.0,0,0,0
5353,0.0,1,0,119,0,119.0,119.0,0.0,0.0,0.0,0.0,0.0,0.0,0.0,0.0,0.0,0.0,0.0,0.0,0.0,0.0,119.0,119.0,119.0,0.0,0.0,0,0,0
80,0.038021087646484375,2,1,108,54,54.0,54.0,54.0,54.0,4260.793418280325,78.90358182000602,0.019010543823242188,0.018895626068115234,0.03790616989135742,0.00011491775512695312,0.038021087646484375,0.0,0.0,0.0,52.60238788000402,26.30119394000201,54.0,54.0,54.0,0.0,0.0,2,0,0
27020,0.07639908790588379,1,1,108,56,108.0,108.0,56.0,56.0,2146.6224858866376,26.17832299861753,0.07639908790588379,0.0,0.07639908790588379,0.07639908790588379,0.0,0.0,0.0,0.0,13.089161499308766,13.089161499308766,56.0,108.0,82.0,26.0,676.0,0,0,0
53,0.05146598815917969,1,1,94,158,94.0,94.0,158.0,158.0,4896.4376088648405,38.860615943371755,0.05146598815917969,0.0,0.05146598815917969,0.05146598815917969,0.0,0.0,0.0,0.0,19.430307971685878,19.430307971685878,94.0,158.0,126.0,32.0,1024.0,0,0,0
5353,0.0,1,0,119,0,119.0,119.0,0.0,0.0,0.0,0.0,0.0,0.0,0.0,0.0,0.0,0.0,0.0,0.0,0.0,0.0,119.0,119.0,119.0,0.0,0.0,0,0,0
5353,0.0,1,0,119,0,119.0,119.0,0.0,0.0,0.0,0.0,0.0,0.0,0.0,0.0,0.0,0.0,0.0,0.0,0.0,0.0,119.0,119.0,119.0,0.0,0.0,0,0,0
27020,0.06554985046386719,1,1,108,56,108.0,108.0,56.0,56.0,2501.9126487618937,30.51112986294992,0.06554985046386719,0.0,0.06554985046386719,0.06554985046386719,0.0,0.0,0.0,0.0,15.25556493147496,15.25556493147496,56.0,108.0,82.0,26.0,676.0,0,0,0
443,0.05101203918457031,3,2,186,132,78.0,62.0,78.0,66.0,6233.822546270331,98.01607777154608,0.012753009796142578,0.019292489136789978,0.04603004455566406,0.00017905235290527344,0.023243069648742676,0.02296602725982666,0.004704952239990234,0.0,58.80964666292765,39.20643110861843,54.0,78.0,63.6,11.757550765359255,138.24,1,0,2
53,0.03267097473144531,1,1,87,315,87.0,87.0,315.0,315.0,12304.49973728764,61.2164166034211,0.03267097473144531,0.0,0.03267097473144531,0.03267097473144531,0.0,0.0,0.0,0.0,30.60820830171055,30.60820830171055,87.0,315.0,201.0,114.0,12996.0,0,0,0
443,0.11562705039978027,7,8,1382,6543,866.0,197.42857142857142,3894.0,817.875,68539.32511985154,129.72742924893035,0.008259075028555734,0.013641862275822796,0.04218721389770508,0.0,0.019271175066630047,0.016692031811368455,0.012953008924211775,0.01932494477650743,60.53946698283416,69.18796226609619,54.0,3894.0,528.3333333333334,966.3958931112146,933921.0222222222,0,2,0
53,0.05897402763366699,1,1,83,132,83.0,83.0,132.0,132.0,3645.6726567079704,33.913234015888094,0.05897402763366699,0.0,0.05897402763366699,0.05897402763366699,0.0,0.0,0.0,0.0,16.956617007944047,16.956617007944047,83.0,132.0,107.5,24.5,600.25,0,0,0
53,0.06298685073852539,1,1,83,144,83.0,83.0,144.0,144.0,3603.926809142044,31.752659111383647,0.06298685073852539,0.0,0.06298685073852539,0.06298685073852539,0.0,0.0,0.0,0.0,15.876329555691823,15.876329555691823,83.0,144.0,113.5,30.5,930.25,0,0,0
53,0.039674997329711914,1,1,79,129,79.0,79.0,129.0,129.0,5242.596446105679,50.409581212554606,0.039674997329711914,0.0,0.039674997329711914,0.039674997329711914,0.0,0.0,0.0,0.0,25.204790606277303,25.204790606277303,79.0,129.0,104.0,25.0,625.0,0,0,0
53,0.03820204734802246,1,1,79,107,79.0,79.0,107.0,107.0,4868.848999257322,52.35321504577766,0.03820204734802246,0.0,0.03820204734802246,0.03820204734802246,0.0,0.0,0.0,0.0,26.17660752288883,26.17660752288883,79.0,107.0,93.0,14.0,196.0,0,0,0
53,0.032305002212524414,1,1,79,95,79.0,79.0,95.0,95.0,5386.1627637512265,61.90991682472675,0.032305002212524414,0.0,0.032305002212524414,0.032305002212524414,0.0,0.0,0.0,0.0,30.954958412363375,30.954958412363375,79.0,95.0,87.0,8.0,64.0,0,0,0
5353,0.0,1,0,119,0,119.0,119.0,0.0,0.0,0.0,0.0,0.0,0.0,0.0,0.0,0.0,0.0,0.0,0.0,0.0,0.0,119.0,119.0,119.0,0.0,0.0,0,0,0
27020,0.07747197151184082,1,1,108,56,108.0,108.0,56.0,56.0,2116.8946239471165,25.815788096916055,0.07747197151184082,0.0,0.07747197151184082,0.07747197151184082,0.0,0.0,0.0,0.0,12.907894048458028,12.907894048458028,56.0,108.0,82.0,26.0,676.0,0,0,0
67,0.021304845809936523,1,1,342,352,342.0,342.0,352.0,352.0,32574.748777403507,93.87535670721472,0.021304845809936523,0.0,0.021304845809936523,0.021304845809936523,0.0,0.0,0.0,0.0,46.93767835360736,46.93767835360736,342.0,352.0,347.0,5.0,25.0,0,0,0
53,0.04590296745300293,1,1,94,158,94.0,94.0,158.0,158.0,5489.841158047276,43.570167921010125,0.04590296745300293,0.0,0.04590296745300293,0.04590296745300293,0.0,0.0,0.0,0.0,21.785083960505062,21.785083960505062,94.0,158.0,126.0,32.0,1024.0,0,0,0
5353,0.0,1,0,119,0,119.0,119.0,0.0,0.0,0.0,0.0,0.0,0.0,0.0,0.0,0.0,0.0,0.0,0.0,0.0,0.0,119.0,119.0,119.0,0.0,0.0,0,0,0
53,0.04660511016845703,1,1,73,178,73.0,73.0,178.0,178.0,5385.675499805603,42.91374900243508,0.04660511016845703,0.0,0.04660511016845703,0.04660511016845703,0.0,0.0,0.0,0.0,21.45687450121754,21.45687450121754,73.0,178.0,125.5,52.5,2756.25,0,0,0
53,0.04591989517211914,1,1,73,202,73.0,73.0,202.0,202.0,5988.68962939118,43.55410639557222,0.04591989517211914,0.0,0.04591989517211914,0.04591989517211914,0.0,0.0,0.0,0.0,21.77705319778611,21.77705319778611,73.0,202.0,137.5,64.5,4160.25,0,0,0
80,0.1533811092376709,6,3,418,325,136.0,69.66666666666667,205.0,108.33333333333333,4844.1428262765285,58.67736936270357,0.019172638654708862,0.017660063108950012,0.047987937927246094,0.00010418891906738281,0.03067622184753418,0.030544845921428896,0.062407493591308594,0.014046430587768555,39.11824624180238,19.55912312090119,54.0,205.0,82.55555555555556,49.971349816361126,2497.1358024691353,2,2,0
27020,0.0888528823852539,1,1,108,56,108.0,108.0,56.0,56.0,1845.747662849231,22.509117839624768,0.0888528823852539,0.0,0.0888528823852539,0.0888528823852539,0.0,0.0,0.0,0.0,11.254558919812384,11.254558919812384,56.0,108.0,82.0,26.0,676.0,0,0,0
53,0.04287409782409668,1,1,73,202,73.0,73.0,202.0,202.0,6414.12913522441,46.64821189254116,0.04287409782409668,0.0,0.04287409782409668,0.04287409782409668,0.0,0.0,0.0,0.0,23.32410594627058,23.32410594627058,73.0,202.0,137.5,64.5,4160.25,0,0,0
80,0.1541919708251953,6,4,418,381,136.0,69.66666666666667,205.0,95.25,5181.852178968593,64.85422001212257,0.01713244120279948,0.017683863294772156,0.04533886909484863,4.887580871582031e-05,0.030838394165039064,0.02955499530732591,0.042908032735188804,0.03600382167493769,38.91253200727353,25.941688004849023,54.0,205.0,79.9,48.07171725661566,2310.8900000000003,2,2,0
5353,0.0,1,0,119,0,119.0,119.0,0.0,0.0,0.0,0.0,0.0,0.0,0.0,0.0,0.0,0.0,0.0,0.0,0.0,0.0,119.0,119.0,119.0,0.0,0.0,0,0,0
5353,0.0,1,0,119,0,119.0,119.0,0.0,0.0,0.0,0.0,0.0,0.0,0.0,0.0,0.0,0.0,0.0,0.0,0.0,0.0,119.0,119.0,119.0,0.0,0.0,0,0,0
27020,0.08550095558166504,1,1,108,56,108.0,108.0,56.0,56.0,1918.1072174492565,23.391551432308006,0.08550095558166504,0.0,0.08550095558166504,0.08550095558166504,0.0,0.0,0.0,0.0,11.695775716154003,11.695775716154003,56.0,108.0,82.0,26.0,676.0,0,0,0
53,0.0406038761138916,1,1,94,158,94.0,94.0,158.0,158.0,6206.3040310032,49.2563811984381,0.0406038761138916,0.0,0.0406038761138916,0.0406038761138916,0.0,0.0,0.0,0.0,24.62819059921905,24.62819059921905,94.0,158.0,126.0,32.0,1024.0,0,0,0
5353,0.0,1,0,119,0,119.0,119.0,0.0,0.0,0.0,0.0,0.0,0.0,0.0,0.0,0.0,0.0,0.0,0.0,0.0,0.0,119.0,119.0,119.0,0.0,0.0,0,0,0
53,0.03141283988952637,1,1,89,146,89.0,89.0,146.0,146.0,7481.01734279534,63.66823270464119,0.03141283988952637,0.0,0.03141283988952637,0.03141283988952637,0.0,0.0,0.0,0.0,31.834116352320596,31.834116352320596,89.0,146.0,117.5,28.5,812.25,0,0,0
53,0.03212785720825195,1,1,89,185,89.0,89.0,185.0,185.0,8528.424358460603,62.25127268949345,0.03212785720825195,0.0,0.03212785720825195,0.03212785720825195,0.0,0.0,0.0,0.0,31.125636344746724,31.125636344746724,89.0,185.0,137.0,48.0,2304.0,0,0,0
53,0.022804975509643555,1,1,89,201,89.0,89.0,201.0,201.0,12716.523193693742,87.70015995650856,0.022804975509643555,0.0,0.022804975509643555,0.022804975509643555,0.0,0.0,0.0,0.0,43.85007997825428,43.85007997825428,89.0,201.0,145.0,56.0,3136.0,0,0,0
27020,0.5219521522521973,2,2,212,234,158.0,106.0,178.0,117.0,854.4844543231261,7.663537706933866,0.17398405075073242,0.14324695567340193,0.3752000331878662,0.05303812026977539,0.5219521522521973,0.0,0.3752000331878662,0.0,3.831768853466933,3.831768853466933,54.0,178.0,111.5,56.94514904713131,3242.75,0,0,0
27020,0.09959197044372559,1,1,108,56,108.0,108.0,56.0,56.0,1646.719100639425,20.081940251700306,0.09959197044372559,0.0,0.09959197044372559,0.09959197044372559,0.0,0.0,0.0,0.0,10.040970125850153,10.040970125850153,56.0,108.0,82.0,26.0,676.0,0,0,0
5353,0.0,1,0,119,0,119.0,119.0,0.0,0.0,0.0,0.0,0.0,0.0,0.0,0.0,0.0,0.0,0.0,0.0,0.0,0.0,119.0,119.0,119.0,0.0,0.0,0,0,0
443,0.0,1,0,54,0,54.0,54.0,0.0,0.0,0.0,0.0,0.0,0.0,0.0,0.0,0.0,0.0,0.0,0.0,0.0,0.0,54.0,54.0,54.0,0.0,0.0,0,0,1
53,0.0655829906463623,1,1,79,227,79.0,79.0,227.0,227.0,4665.843948014178,30.49571207852404,0.0655829906463623,0.0,0.0655829906463623,0.0655829906463623,0.0,0.0,0.0,0.0,15.24785603926202,15.24785603926202,79.0,227.0,153.0,74.0,5476.0,0,0,0
53,0.061737775802612305,1,1,79,215,79.0,79.0,215.0,215.0,4762.0763167752475,32.39507698486563,0.061737775802612305,0.0,0.061737775802612305,0.061737775802612305,0.0,0.0,0.0,0.0,16.197538492432816,16.197538492432816,79.0,215.0,147.0,68.0,4624.0,0,0,0
443,1.9469940662384033,7,9,1491,6524,485.0,213.0,1334.0,724.8888888888889,4116.60217099942,8.217795974546565,0.12979960441589355,0.21697933530540772,0.6014418601989746,0.0,0.22425870100657144,0.22498433167258408,0.19181674718856812,0.2542757857307246,3.5952857388641224,4.6225102356824435,54.0,1334.0,500.9375,514.0433431080983,264240.55859375,0,2,0
27020,0.06982994079589844,1,1,108,56,108.0,108.0,56.0,56.0,2348.5627816776378,28.64100953265412,0.06982994079589844,0.0,0.06982994079589844,0.06982994079589844,0.0,0.0,0.0,0.0,14.32050476632706,14.32050476632706,56.0,108.0,82.0,26.0,676.0,0,0,0
5353,18.022926092147827,15,0,1433,0,119.0,95.53333333333333,0.0,0.0,79.50984166906865,0.8322732903252127,1.287351863724845,0.873001518216994,2.0481770038604736,0.0,1.287351863724845,0.873001518216994,0.0,0.0,0.8322732903252127,0.0,87.0,119.0,95.53333333333333,12.888582371834213,166.1155555555556,0,0,0
1900,18.01450514793396,10,0,1670,0,167.0,167.0,0.0,0.0,92.70307378893104,0.5551082262810242,2.001611683103773,0.1584793191624132,2.248976945877075,1.715670108795166,2.001611683103773,0.1584793191624132,0.0,0.0,0.5551082262810242,0.0,167.0,167.0,167.0,0.0,0.0,0,0,0
53,0.04486489295959473,1,1,94,158,94.0,94.0,158.0,158.0,5616.863952555307,44.57828533774053,0.04486489295959473,0.0,0.04486489295959473,0.04486489295959473,0.0,0.0,0.0,0.0,22.289142668870266,22.289142668870266,94.0,158.0,126.0,32.0,1024.0,0,0,0
5353,0.0,1,0,119,0,119.0,119.0,0.0,0.0,0.0,0.0,0.0,0.0,0.0,0.0,0.0,0.0,0.0,0.0,0.0,0.0,119.0,119.0,119.0,0.0,0.0,0,0,0
443,0.1155550479888916,6,4,348,242,78.0,58.0,78.0,60.5,5105.791657468025,86.53884165200041,0.012839449776543511,0.023843755682043482,0.05991411209106445,0.0,0.02311100959777832,0.028096558163867642,0.02003335952758789,0.028331448743811057,51.923304991200254,34.61553666080017,54.0,78.0,59.0,9.518403227432634,90.6,3,0,3
53,0.0502471923828125,1,1,87,315,87.0,87.0,315.0,315.0,8000.447008806559,39.80321894928637,0.0502471923828125,0.0,0.0502471923828125,0.0502471923828125,0.0,0.0,0.0,0.0,19.901609474643184,19.901609474643184,87.0,315.0,201.0,114.0,12996.0,0,0,0
443,0.1079549789428711,6,7,1328,2829,866.0,221.33333333333334,1334.0,404.14285714285717,38506.79274551896,120.42056908629935,0.008996248245239258,0.01405045106558551,0.043946027755737305,0.0,0.021590995788574218,0.015843513405980697,0.013051152229309082,0.01950645433748966,55.57872419367662,64.84184489262273,54.0,1334.0,319.7692307692308,381.4168230419423,145478.7928994083,0,2,0
53,0.04448199272155762,1,1,89,146,89.0,89.0,146.0,146.0,5283.0366991654655,44.96201446098268,0.04448199272155762,0.0,0.04448199272155762,0.04448199272155762,0.0,0.0,0.0,0.0,22.48100723049134,22.48100723049134,89.0,146.0,117.5,28.5,812.25,0,0,0
53,0.004006862640380859,1,1,89,185,89.0,89.0,185.0,185.0,68382.67856717839,499.1436391764846,0.004006862640380859,0.0,0.004006862640380859,0.004006862640380859,0.0,0.0,0.0,0.0,249.5718195882423,249.5718195882423,89.0,185.0,137.0,48.0,2304.0,0,0,0
53,0.003507852554321289,1,1,89,201,89.0,89.0,201.0,201.0,82671.66179569089,570.1493916944199,0.003507852554321289,0.0,0.003507852554321289,0.003507852554321289,0.0,0.0,0.0,0.0,285.07469584720997,285.07469584720997,89.0,201.0,145.0,56.0,3136.0,0,0,0
53,0.040838003158569336,1,1,79,153,79.0,79.0,153.0,153.0,5680.982958426501,48.973991020918106,0.040838003158569336,0.0,0.040838003158569336,0.040838003158569336,0.0,0.0,0.0,0.0,24.486995510459053,24.486995510459053,79.0,153.0,116.0,37.0,1369.0,0,0,0
53,0.03878211975097656,1,1,79,119,79.0,79.0,119.0,119.0,5105.445531893965,51.57015688781783,0.03878211975097656,0.0,0.03878211975097656,0.03878211975097656,0.0,0.0,0.0,0.0,25.785078443908915,25.785078443908915,79.0,119.0,99.0,20.0,400.0,0,0,0
53,0.03873419761657715,1,1,79,215,79.0,79.0,215.0,215.0,7590.192080658366,51.63395973236983,0.03873419761657715,0.0,0.03873419761657715,0.03873419761657715,0.0,0.0,0.0,0.0,25.816979866184916,25.816979866184916,79.0,215.0,147.0,68.0,4624.0,0,0,0
27020,0.07634902000427246,1,1,108,56,108.0,108.0,56.0,56.0,2148.030190706084,26.195490130562,0.07634902000427246,0.0,0.07634902000427246,0.07634902000427246,0.0,0.0,0.0,0.0,13.097745065281,13.097745065281,56.0,108.0,82.0,26.0,676.0,0,0,0
53,0.047183990478515625,1,1,74,279,74.0,74.0,279.0,279.0,7481.351119734821,42.38725846875253,0.047183990478515625,0.0,0.047183990478515625,0.047183990478515625,0.0,0.0,0.0,0.0,21.193629234376264,21.193629234376264,74.0,279.0,176.5,102.5,10506.25,0,0,0
53,0.05608701705932617,1,1,74,376,74.0,74.0,376.0,376.0,8023.2471540430015,35.65887624019112,0.05608701705932617,0.0,0.05608701705932617,0.05608701705932617,0.0,0.0,0.0,0.0,17.82943812009556,17.82943812009556,74.0,376.0,225.0,151.0,22801.0,0,0,0
53,0.03213810920715332,1,1,79,129,79.0,79.0,129.0,129.0,6472.06712315556,62.23141464572654,0.03213810920715332,0.0,0.03213810920715332,0.03213810920715332,0.0,0.0,0.0,0.0,31.11570732286327,31.11570732286327,79.0,129.0,104.0,25.0,625.0,0,0,0
53,0.00492095947265625,1,1,79,95,79.0,79.0,95.0,95.0,35358.95813953489,406.4248062015504,0.00492095947265625,0.0,0.00492095947265625,0.00492095947265625,0.0,0.0,0.0,0.0,203.2124031007752,203.2124031007752,79.0,95.0,87.0,8.0,64.0,0,0,0
53,0.023774147033691406,1,1,79,107,79.0,79.0,107.0,107.0,7823.624533675639,84.12499498575956,0.023774147033691406,0.0,0.023774147033691406,0.023774147033691406,0.0,0.0,0.0,0.0,42.06249749287978,42.06249749287978,79.0,107.0,93.0,14.0,196.0,0,0,0
5353,0.0,1,0,119,0,119.0,119.0,0.0,0.0,0.0,0.0,0.0,0.0,0.0,0.0,0.0,0.0,0.0,0.0,0.0,0.0,119.0,119.0,119.0,0.0,0.0,0,0,0
27020,0.08122491836547852,1,1,108,56,108.0,108.0,56.0,56.0,2019.0848239707411,24.62298565817977,0.08122491836547852,0.0,0.08122491836547852,0.08122491836547852,0.0,0.0,0.0,0.0,12.311492829089884,12.311492829089884,56.0,108.0,82.0,26.0,676.0,0,0,0
5353,0.0,1,0,119,0,119.0,119.0,0.0,0.0,0.0,0.0,0.0,0.0,0.0,0.0,0.0,0.0,0.0,0.0,0.0,0.0,119.0,119.0,119.0,0.0,0.0,0,0,0
53,0.03582000732421875,1,1,79,215,79.0,79.0,215.0,215.0,8207.703514376997,55.834717784877526,0.03582000732421875,0.0,0.03582000732421875,0.03582000732421875,0.0,0.0,0.0,0.0,27.917358892438763,27.917358892438763,79.0,215.0,147.0,68.0,4624.0,0,0,0
53,0.026904821395874023,1,1,79,176,79.0,79.0,176.0,176.0,9477.855149007062,74.33611881574167,0.026904821395874023,0.0,0.026904821395874023,0.026904821395874023,0.0,0.0,0.0,0.0,37.168059407870835,37.168059407870835,79.0,176.0,127.5,48.5,2352.25,0,0,0
53,0.035069942474365234,1,1,79,164,79.0,79.0,164.0,164.0,6929.01051028594,57.02889308877317,0.035069942474365234,0.0,0.035069942474365234,0.035069942474365234,0.0,0.0,0.0,0.0,28.514446544386583,28.514446544386583,79.0,164.0,121.5,42.5,1806.25,0,0,0
53,0.05061507225036621,1,1,94,158,94.0,94.0,158.0,158.0,4978.754129866459,39.51392166560682,0.05061507225036621,0.0,0.05061507225036621,0.05061507225036621,0.0,0.0,0.0,0.0,19.75696083280341,19.75696083280341,94.0,158.0,126.0,32.0,1024.0,0,0,0
5353,0.0,1,0,119,0,119.0,119.0,0.0,0.0,0.0,0.0,0.0,0.0,0.0,0.0,0.0,0.0,0.0,0.0,0.0,0.0,119.0,119.0,119.0,0.0,0.0,0,0,0
27020,0.07910490036010742,1,1,108,56,108.0,108.0,56.0,56.0,2073.196467645197,25.282883751770697,0.07910490036010742,0.0,0.07910490036010742,0.07910490036010742,0.0,0.0,0.0,0.0,12.641441875885349,12.641441875885349,56.0,108.0,82.0,26.0,676.0,0,0,0
6718,0.00036597251892089844,1,1,56,54,56.0,56.0,54.0,54.0,300569.01628664497,5464.891205211727,0.00036597251892089844,0.0,0.00036597251892089844,0.00036597251892089844,0.0,0.0,0.0,0.0,2732.4456026058633,2732.4456026058633,54.0,56.0,55.0,1.0,1.0,0,0,0
5353,0.0,1,0,119,0,119.0,119.0,0.0,0.0,0.0,0.0,0.0,0.0,0.0,0.0,0.0,0.0,0.0,0.0,0.0,0.0,119.0,119.0,119.0,0.0,0.0,0,0,0
27020,0.22377991676330566,1,1,108,56,108.0,108.0,56.0,56.0,732.8629055370706,8.937352506549642,0.22377991676330566,0.0,0.22377991676330566,0.22377991676330566,0.0,0.0,0.0,0.0,4.468676253274821,4.468676253274821,56.0,108.0,82.0,26.0,676.0,0,0,0
5353,0.0,1,0,119,0,119.0,119.0,0.0,0.0,0.0,0.0,0.0,0.0,0.0,0.0,0.0,0.0,0.0,0.0,0.0,0.0,119.0,119.0,119.0,0.0,0.0,0,0,0
53,0.05980396270751953,1,1,94,158,94.0,94.0,158.0,158.0,4213.767593168444,33.44259994578131,0.05980396270751953,0.0,0.05980396270751953,0.05980396270751953,0.0,0.0,0.0,0.0,16.721299972890655,16.721299972890655,94.0,158.0,126.0,32.0,1024.0,0,0,0
27020,0.07922005653381348,1,1,108,56,108.0,108.0,56.0,56.0,2070.182819548985,25.246131945719334,0.07922005653381348,0.0,0.07922005653381348,0.07922005653381348,0.0,0.0,0.0,0.0,12.623065972859667,12.623065972859667,56.0,108.0,82.0,26.0,676.0,0,0,0
5353,0.0,1,0,119,0,119.0,119.0,0.0,0.0,0.0,0.0,0.0,0.0,0.0,0.0,0.0,0.0,0.0,0.0,0.0,0.0,119.0,119.0,119.0,0.0,0.0,0,0,0
53,0.06125807762145996,1,1,90,122,90.0,90.0,122.0,122.0,3460.768085313406,32.64875552182458,0.06125807762145996,0.0,0.06125807762145996,0.06125807762145996,0.0,0.0,0.0,0.0,16.32437776091229,16.32437776091229,90.0,122.0,106.0,16.0,256.0,0,0,0
443,0.34206104278564453,16,17,2838,10265,571.0,177.375,1334.0,603.8235294117648,38306.0283430496,96.47400864844973,0.010689407587051392,0.02023336391525008,0.09945893287658691,0.0,0.022804069519042968,0.025830851657418864,0.019778311252593994,0.03412169382696184,46.77527692046047,49.69873172798925,54.0,1334.0,397.06060606060606,475.58021592729324,226176.54178145088,0,2,0
5353,0.0,1,0,119,0,119.0,119.0,0.0,0.0,0.0,0.0,0.0,0.0,0.0,0.0,0.0,0.0,0.0,0.0,0.0,0.0,119.0,119.0,119.0,0.0,0.0,0,0,0
27020,0.07176518440246582,1,1,108,56,108.0,108.0,56.0,56.0,2285.2306639424596,27.868666633444626,0.07176518440246582,0.0,0.07176518440246582,0.07176518440246582,0.0,0.0,0.0,0.0,13.934333316722313,13.934333316722313,56.0,108.0,82.0,26.0,676.0,0,0,0
5353,0.0,1,0,119,0,119.0,119.0,0.0,0.0,0.0,0.0,0.0,0.0,0.0,0.0,0.0,0.0,0.0,0.0,0.0,0.0,119.0,119.0,119.0,0.0,0.0,0,0,0
27020,0.20822620391845703,1,1,108,56,108.0,108.0,56.0,56.0,787.6050031830944,9.604939063208468,0.20822620391845703,0.0,0.20822620391845703,0.20822620391845703,0.0,0.0,0.0,0.0,4.802469531604234,4.802469531604234,56.0,108.0,82.0,26.0,676.0,0,0,0
53,0.033151865005493164,1,1,94,158,94.0,94.0,158.0,158.0,7601.382304079857,60.328430984760764,0.033151865005493164,0.0,0.033151865005493164,0.033151865005493164,0.0,0.0,0.0,0.0,30.164215492380382,30.164215492380382,94.0,158.0,126.0,32.0,1024.0,0,0,0
6718,0.00015687942504882812,1,1,56,54,56.0,56.0,54.0,54.0,701175.4407294833,12748.644376899696,0.00015687942504882812,0.0,0.00015687942504882812,0.00015687942504882812,0.0,0.0,0.0,0.0,6374.322188449848,6374.322188449848,54.0,56.0,55.0,1.0,1.0,0,0,0
5353,0.0,1,0,119,0,119.0,119.0,0.0,0.0,0.0,0.0,0.0,0.0,0.0,0.0,0.0,0.0,0.0,0.0,0.0,0.0,119.0,119.0,119.0,0.0,0.0,0,0,0
53,0.07377815246582031,1,1,71,132,71.0,71.0,132.0,132.0,2751.492050360642,27.108296062666426,0.07377815246582031,0.0,0.07377815246582031,0.07377815246582031,0.0,0.0,0.0,0.0,13.554148031333213,13.554148031333213,71.0,132.0,101.5,30.5,930.25,0,0,0
53,0.07415008544921875,1,1,71,99,71.0,71.0,99.0,99.0,2292.6473917069657,26.972322255376067,0.07415008544921875,0.0,0.07415008544921875,0.07415008544921875,0.0,0.0,0.0,0.0,13.486161127688034,13.486161127688034,71.0,99.0,85.0,14.0,196.0,0,0,0
53,0.05784010887145996,1,1,71,103,71.0,71.0,103.0,103.0,3008.2930927167877,34.57808152548032,0.05784010887145996,0.0,0.05784010887145996,0.05784010887145996,0.0,0.0,0.0,0.0,17.28904076274016,17.28904076274016,71.0,103.0,87.0,16.0,256.0,0,0,0
53,0.031239032745361328,1,1,79,129,79.0,79.0,129.0,129.0,6658.336757590097,64.0224688229817,0.031239032745361328,0.0,0.031239032745361328,0.031239032745361328,0.0,0.0,0.0,0.0,32.01123441149085,32.01123441149085,79.0,129.0,104.0,25.0,625.0,0,0,0
53,0.03864598274230957,1,1,79,95,79.0,79.0,95.0,95.0,4502.408469212119,51.75182148519677,0.03864598274230957,0.0,0.03864598274230957,0.03864598274230957,0.0,0.0,0.0,0.0,25.875910742598386,25.875910742598386,79.0,95.0,87.0,8.0,64.0,0,0,0
53,0.005733013153076172,1,1,79,107,79.0,79.0,107.0,107.0,32443.67229476836,348.85669134159525,0.005733013153076172,0.0,0.005733013153076172,0.005733013153076172,0.0,0.0,0.0,0.0,174.42834567079763,174.42834567079763,79.0,107.0,93.0,14.0,196.0,0,0,0
53,0.03808093070983887,1,1,74,119,74.0,74.0,119.0,119.0,5068.153440644115,52.51972477351415,0.03808093070983887,0.0,0.03808093070983887,0.03808093070983887,0.0,0.0,0.0,0.0,26.259862386757074,26.259862386757074,74.0,119.0,96.5,22.5,506.25,0,0,0
53,0.037214040756225586,1,1,74,102,74.0,74.0,102.0,102.0,4729.397733315394,53.743156060402214,0.037214040756225586,0.0,0.037214040756225586,0.037214040756225586,0.0,0.0,0.0,0.0,26.871578030201107,26.871578030201107,74.0,102.0,88.0,14.0,196.0,0,0,0
53,0.036850929260253906,1,1,74,106,74.0,74.0,106.0,106.0,4884.544395848969,54.272715509432985,0.036850929260253906,0.0,0.036850929260253906,0.036850929260253906,0.0,0.0,0.0,0.0,27.136357754716492,27.136357754716492,74.0,106.0,90.0,16.0,256.0,0,0,0
443,0.061174869537353516,1,1,55,66,55.0,55.0,66.0,66.0,1977.9363800051444,32.69316330587016,0.061174869537353516,0.0,0.061174869537353516,0.061174869537353516,0.0,0.0,0.0,0.0,16.34658165293508,16.34658165293508,55.0,66.0,60.5,5.5,30.25,0,0,0
5353,0.0,1,0,119,0,119.0,119.0,0.0,0.0,0.0,0.0,0.0,0.0,0.0,0.0,0.0,0.0,0.0,0.0,0.0,0.0,119.0,119.0,119.0,0.0,0.0,0,0,0
27020,0.07445907592773438,1,1,108,56,108.0,108.0,56.0,56.0,2202.5521799272506,26.8603924381372,0.07445907592773438,0.0,0.07445907592773438,0.07445907592773438,0.0,0.0,0.0,0.0,13.4301962190686,13.4301962190686,56.0,108.0,82.0,26.0,676.0,0,0,0
443,0.0414431095123291,4,3,240,188,78.0,60.0,78.0,62.666666666666664,10327.410395512728,168.90624478642312,0.006907184918721517,0.015113195701935202,0.040699005126953125,0.0,0.013814369837443033,0.019133619802593385,0.0,0.0,96.51785416367036,72.38839062275277,54.0,78.0,61.142857142857146,10.682810911908524,114.12244897959182,1,0,3
53,0.04805302619934082,1,1,87,315,87.0,87.0,315.0,315.0,8365.758242412516,41.62068777319659,0.04805302619934082,0.0,0.04805302619934082,0.04805302619934082,0.0,0.0,0.0,0.0,20.810343886598297,20.810343886598297,87.0,315.0,201.0,114.0,12996.0,0,0,0
443,0.10766196250915527,6,6,1328,2196,866.0,221.33333333333334,1321.0,366.0,32732.080280445647,111.4599782535039,0.009787451137195934,0.0121305154096983,0.032785892486572266,0.0,0.021532392501831053,0.01423423009145106,0.017545795440673827,0.01848922966210235,55.72998912675195,55.72998912675195,54.0,1321.0,293.6666666666667,383.70004198882,147225.72222222222,0,2,0
5353,0.0,1,0,119,0,119.0,119.0,0.0,0.0,0.0,0.0,0.0,0.0,0.0,0.0,0.0,0.0,0.0,0.0,0.0,0.0,119.0,119.0,119.0,0.0,0.0,0,0,0
27020,0.08751201629638672,1,1,108,56,108.0,108.0,56.0,56.0,1874.0283556553295,22.854004337260115,0.08751201629638672,0.0,0.08751201629638672,0.08751201629638672,0.0,0.0,0.0,0.0,11.427002168630057,11.427002168630057,56.0,108.0,82.0,26.0,676.0,0,0,0
53,0.05136394500732422,1,1,87,144,87.0,87.0,144.0,144.0,4497.31810839414,38.937819120295586,0.05136394500732422,0.0,0.05136394500732422,0.05136394500732422,0.0,0.0,0.0,0.0,19.468909560147793,19.468909560147793,87.0,144.0,115.5,28.5,812.25,0,0,0
53,0.06586098670959473,1,1,87,103,87.0,87.0,103.0,103.0,2884.8641584703214,30.366991141792855,0.06586098670959473,0.0,0.06586098670959473,0.06586098670959473,0.0,0.0,0.0,0.0,15.183495570896428,15.183495570896428,87.0,103.0,95.0,8.0,64.0,0,0,0
53,0.06817483901977539,1,1,87,115,87.0,87.0,115.0,115.0,2962.9699593629566,29.336336231316402,0.06817483901977539,0.0,0.06817483901977539,0.06817483901977539,0.0,0.0,0.0,0.0,14.668168115658201,14.668168115658201,87.0,115.0,101.0,14.0,196.0,0,0,0
53,0.045185089111328125,1,1,94,158,94.0,94.0,158.0,158.0,5577.061038412832,44.26238919375264,0.045185089111328125,0.0,0.045185089111328125,0.045185089111328125,0.0,0.0,0.0,0.0,22.13119459687632,22.13119459687632,94.0,158.0,126.0,32.0,1024.0,0,0,0
5353,3.891433000564575,4,0,380,0,119.0,95.0,0.0,0.0,97.65040280659309,1.0278989769115063,1.2971443335215251,0.6285053618822287,1.78147292137146,0.40953612327575684,1.2971443335215251,0.6285053618822287,0.0,0.0,1.0278989769115063,0.0,87.0,119.0,95.0,13.856406460551018,192.0,0,0,0
1900,3.8329579830169678,3,0,501,0,167.0,167.0,0.0,0.0,130.7084508152257,0.7826853342229083,1.9164789915084839,0.31004607677459717,2.226525068283081,1.6064329147338867,1.9164789915084839,0.31004607677459717,0.0,0.0,0.7826853342229083,0.0,167.0,167.0,167.0,0.0,0.0,0,0,0
443,0.04341888427734375,1,1,55,66,55.0,55.0,66.0,66.0,2786.8058337726234,46.06290634334915,0.04341888427734375,0.0,0.04341888427734375,0.04341888427734375,0.0,0.0,0.0,0.0,23.031453171674574,23.031453171674574,55.0,66.0,60.5,5.5,30.25,0,0,0
27020,0.08350300788879395,1,1,108,56,108.0,108.0,56.0,56.0,1964.0011078212754,23.951233022210676,0.08350300788879395,0.0,0.08350300788879395,0.08350300788879395,0.0,0.0,0.0,0.0,11.975616511105338,11.975616511105338,56.0,108.0,82.0,26.0,676.0,0,0,0
5353,6.553614139556885,4,0,380,0,119.0,95.0,0.0,0.0,57.98327333712895,0.610350245653989,2.1845380465189614,0.3480462510758838,2.6623599529266357,1.8433091640472412,2.1845380465189614,0.3480462510758838,0.0,0.0,0.610350245653989,0.0,87.0,119.0,95.0,13.856406460551018,192.0,0,0,0
1900,3.891632080078125,3,0,501,0,167.0,167.0,0.0,0.0,128.73776083939117,0.7708847954454561,1.9458160400390625,0.10249090194702148,2.048306941986084,1.843325138092041,1.9458160400390625,0.10249090194702148,0.0,0.0,0.7708847954454561,0.0,167.0,167.0,167.0,0.0,0.0,0,0,0
27020,0.19038891792297363,1,1,108,56,108.0,108.0,56.0,56.0,861.3946745910395,10.504813104768774,0.19038891792297363,0.0,0.19038891792297363,0.19038891792297363,0.0,0.0,0.0,0.0,5.252406552384387,5.252406552384387,56.0,108.0,82.0,26.0,676.0,0,0,0
1900,18.228214979171753,10,0,1670,0,167.0,167.0,0.0,0.0,91.61621156587219,0.5486000692567198,2.0253572199079724,0.07427433446384478,2.130476951599121,1.8454861640930176,2.0253572199079724,0.07427433446384478,0.0,0.0,0.5486000692567198,0.0,167.0,167.0,167.0,0.0,0.0,0,0,0
5353,18.017573833465576,15,0,1412,0,119.0,94.13333333333334,0.0,0.0,78.36793194527512,0.8325205234979651,1.2869695595332555,0.8702940944264834,2.0948290824890137,0.0,1.2869695595332555,0.8702940944264834,0.0,0.0,0.8325205234979651,0.0,82.0,119.0,94.13333333333334,13.139592417152398,172.64888888888882,0,0,0
53,0.08623600006103516,1,1,94,158,94.0,94.0,158.0,158.0,2922.2134586674038,23.192170306884158,0.08623600006103516,0.0,0.08623600006103516,0.08623600006103516,0.0,0.0,0.0,0.0,11.596085153442079,11.596085153442079,94.0,158.0,126.0,32.0,1024.0,0,0,0
5353,0.0,1,0,119,0,119.0,119.0,0.0,0.0,0.0,0.0,0.0,0.0,0.0,0.0,0.0,0.0,0.0,0.0,0.0,0.0,119.0,119.0,119.0,0.0,0.0,0,0,0
27020,0.0698099136352539,1,1,108,56,108.0,108.0,56.0,56.0,2349.2365404844195,28.649226103468532,0.0698099136352539,0.0,0.0698099136352539,0.0698099136352539,0.0,0.0,0.0,0.0,14.324613051734266,14.324613051734266,56.0,108.0,82.0,26.0,676.0,0,0,0
443,0.05618882179260254,1,1,55,66,55.0,55.0,66.0,66.0,2153.453233930064,35.59426832942255,0.05618882179260254,0.0,0.05618882179260254,0.05618882179260254,0.0,0.0,0.0,0.0,17.797134164711274,17.797134164711274,55.0,66.0,60.5,5.5,30.25,0,0,0
5353,0.0,1,0,119,0,119.0,119.0,0.0,0.0,0.0,0.0,0.0,0.0,0.0,0.0,0.0,0.0,0.0,0.0,0.0,0.0,119.0,119.0,119.0,0.0,0.0,0,0,0
53,0.0487818717956543,1,1,91,239,91.0,91.0,239.0,239.0,6764.808070144571,40.99883678875497,0.0487818717956543,0.0,0.0487818717956543,0.0487818717956543,0.0,0.0,0.0,0.0,20.499418394377486,20.499418394377486,91.0,239.0,165.0,74.0,5476.0,0,0,0
53,0.052893877029418945,1,1,91,227,91.0,91.0,227.0,227.0,6012.038025178835,37.81155990678512,0.052893877029418945,0.0,0.052893877029418945,0.052893877029418945,0.0,0.0,0.0,0.0,18.90577995339256,18.90577995339256,91.0,227.0,159.0,68.0,4624.0,0,0,0
443,2.188845157623291,13,11,1431,4933,274.0,110.07692307692308,2614.0,448.45454545454544,2907.469255116341,10.96468606580644,0.09516718076623004,0.1603745594093462,0.5501132011413574,0.0,0.18240376313527426,0.1922647538772567,0.1638422966003418,0.16640484959469234,5.9392049523118216,5.025481113494618,54.0,2614.0,265.1666666666667,547.1066065118287,299325.63888888893,2,2,2
53,0.05779004096984863,1,1,90,208,90.0,90.0,208.0,208.0,5156.597832409887,34.60803914369051,0.05779004096984863,0.0,0.05779004096984863,0.05779004096984863,0.0,0.0,0.0,0.0,17.304019571845256,17.304019571845256,90.0,208.0,149.0,59.0,3481.0,0,0,0
53,0.06418490409851074,1,1,90,223,90.0,90.0,223.0,223.0,4876.536070220013,31.15997488958475,0.06418490409851074,0.0,0.06418490409851074,0.06418490409851074,0.0,0.0,0.0,0.0,15.579987444792375,15.579987444792375,90.0,223.0,156.5,66.5,4422.25,0,0,0
443,1.3309149742126465,12,11,2570,4860,1467.0,214.16666666666666,1334.0,441.8181818181818,5582.625595144047,17.28134437258588,0.06049613519148393,0.10624477781268703,0.2704639434814453,0.0,0.12099227038296786,0.12499624401348143,0.1060265064239502,0.12862844505313997,9.016353585696981,8.2649907868889,54.0,1467.0,323.04347826086956,477.2075911656924,227727.0850661626,2,2,0
27020,0.09017586708068848,1,1,108,56,108.0,108.0,56.0,56.0,1818.6684010840108,22.17888294004891,0.09017586708068848,0.0,0.09017586708068848,0.09017586708068848,0.0,0.0,0.0,0.0,11.089441470024456,11.089441470024456,56.0,108.0,82.0,26.0,676.0,0,0,0
5353,0.0,1,0,119,0,119.0,119.0,0.0,0.0,0.0,0.0,0.0,0.0,0.0,0.0,0.0,0.0,0.0,0.0,0.0,0.0,119.0,119.0,119.0,0.0,0.0,0,0,0
53,0.03960895538330078,1,1,90,213,90.0,90.0,213.0,213.0,7649.785182866636,50.49363157007681,0.03960895538330078,0.0,0.03960895538330078,0.03960895538330078,0.0,0.0,0.0,0.0,25.246815785038404,25.246815785038404,90.0,213.0,151.5,61.5,3782.25,0,0,0
53,0.05299210548400879,1,1,90,224,90.0,90.0,224.0,224.0,5925.410910399748,37.74147076687738,0.05299210548400879,0.0,0.05299210548400879,0.05299210548400879,0.0,0.0,0.0,0.0,18.87073538343869,18.87073538343869,90.0,224.0,157.0,67.0,4489.0,0,0,0
53,0.05740094184875488,1,1,79,173,79.0,79.0,173.0,173.0,4390.171866238573,34.84263385903629,0.05740094184875488,0.0,0.05740094184875488,0.05740094184875488,0.0,0.0,0.0,0.0,17.421316929518145,17.421316929518145,79.0,173.0,126.0,47.0,2209.0,0,0,0
53,0.05051589012145996,1,1,79,161,79.0,79.0,161.0,161.0,4750.980323675305,39.59150269729421,0.05051589012145996,0.0,0.05051589012145996,0.05051589012145996,0.0,0.0,0.0,0.0,19.795751348647105,19.795751348647105,79.0,161.0,120.0,41.0,1681.0,0,0,0
53,0.05115985870361328,1,1,79,215,79.0,79.0,215.0,215.0,5746.692962997484,39.09314940814615,0.05115985870361328,0.0,0.05115985870361328,0.05115985870361328,0.0,0.0,0.0,0.0,19.546574704073073,19.546574704073073,79.0,215.0,147.0,68.0,4624.0,0,0,0
53,0.039116859436035156,1,1,79,176,79.0,79.0,176.0,176.0,6518.928249262501,51.12884901382353,0.039116859436035156,0.0,0.039116859436035156,0.039116859436035156,0.0,0.0,0.0,0.0,25.564424506911767,25.564424506911767,79.0,176.0,127.5,48.5,2352.25,0,0,0
53,0.04929089546203613,1,1,79,164,79.0,79.0,164.0,164.0,4929.916523572973,40.57544463846068,0.04929089546203613,0.0,0.04929089546203613,0.04929089546203613,0.0,0.0,0.0,0.0,20.28772231923034,20.28772231923034,79.0,164.0,121.5,42.5,1806.25,0,0,0
443,3.4214320182800293,13,25,3247,21604,660.0,249.76923076923077,2146.0,864.16,7263.332974972485,11.106460627296867,0.09247113562918999,0.4579172238120501,2.8367369174957275,0.0,0.2851193348566691,0.7701905514939249,0.13895336786905924,0.5715035092029315,3.7995786356541914,7.306881991642675,54.0,2146.0,653.9736842105264,657.2794201476146,432016.2361495844,0,2,0
443,0.28879380226135254,7,13,1859,10088,662.0,265.57142857142856,2614.0,776.0,41368.616315346706,69.25356376554232,0.01519967380322908,0.023877968794314367,0.08776092529296875,0.0,0.04813230037689209,0.026597183300062437,0.020844658215840656,0.03711686839359855,24.238747317939815,45.01481644760251,54.0,2614.0,597.35,651.3138471581884,424209.72750000004,0,2,0
443,0.19382786750793457,7,12,1866,11483,669.0,266.57142857142856,5174.0,956.9166666666666,68870.38572744728,98.02512014544149,0.01076821486155192,0.017185192626064834,0.047583818435668945,0.0,0.03230464458465576,0.026754183130927485,0.01336182247508656,0.017799179921497463,36.11451794832055,61.91060219712094,54.0,5174.0,702.578947368421,1188.7125860309404,1413037.612188366,0,2,0
443,0.10220885276794434,2,2,108,110,54.0,54.0,56.0,55.0,2132.8876520603226,39.13555324881326,0.03406961758931478,0.048113959037629196,0.10211300849914551,0.0,0.10220885276794434,0.0,0.0,0.0,19.56777662440663,19.56777662440663,54.0,56.0,54.5,0.8660254037844386,0.75,2,0,0
443,0.024352073669433594,2,2,108,110,54.0,54.0,56.0,55.0,8952.009712159781,164.25705893871157,0.008117357889811197,0.011406851691332221,0.02424907684326172,4.00543212890625e-05,0.024352073669433594,0.0,6.29425048828125e-05,0.0,82.12852946935578,82.12852946935578,54.0,56.0,54.5,0.8660254037844386,0.75,2,0,0
443,0.028753995895385742,2,2,108,110,54.0,54.0,56.0,55.0,7581.554953027702,139.11110005555418,0.009584665298461914,0.013459960504117166,0.028619766235351562,0.0,0.028753995895385742,0.0,0.0,0.0,69.55555002777709,69.55555002777709,54.0,56.0,54.5,0.8660254037844386,0.75,2,0,0
443,0.2207050323486328,8,13,2922,17525,1671.0,365.25,5284.0,1348.076923076923,92644.01351619956,95.14962018096497,0.01103525161743164,0.018696007367881958,0.05792999267578125,0.0,0.031529290335518975,0.0297782763903305,0.013562599817911783,0.018417353237282493,36.24747435465332,58.90214582631165,54.0,5284.0,973.6666666666666,1573.6167722897926,2476269.7460317453,0,2,0
53,0.08429718017578125,1,1,94,158,94.0,94.0,158.0,158.0,2989.4238392614716,23.725586025884695,0.08429718017578125,0.0,0.08429718017578125,0.08429718017578125,0.0,0.0,0.0,0.0,11.862793012942348,11.862793012942348,94.0,158.0,126.0,32.0,1024.0,0,0,0
5353,0.0,1,0,119,0,119.0,119.0,0.0,0.0,0.0,0.0,0.0,0.0,0.0,0.0,0.0,0.0,0.0,0.0,0.0,0.0,119.0,119.0,119.0,0.0,0.0,0,0,0
443,0.09020209312438965,2,2,108,110,54.0,54.0,56.0,55.0,2416.795358610755,44.34486896533495,0.03006736437479655,0.04240354961545915,0.09003496170043945,0.0,0.09020209312438965,0.0,0.0,0.0,22.172434482667477,22.172434482667477,54.0,56.0,54.5,0.8660254037844386,0.75,2,0,0
27020,0.08359885215759277,1,1,108,56,108.0,108.0,56.0,56.0,1961.7494231959365,23.923773453608984,0.08359885215759277,0.0,0.08359885215759277,0.08359885215759277,0.0,0.0,0.0,0.0,11.961886726804492,11.961886726804492,56.0,108.0,82.0,26.0,676.0,0,0,0
443,0.058493852615356445,1,1,55,66,55.0,55.0,66.0,66.0,2068.593443411415,34.191627163825046,0.058493852615356445,0.0,0.058493852615356445,0.058493852615356445,0.0,0.0,0.0,0.0,17.095813581912523,17.095813581912523,55.0,66.0,60.5,5.5,30.25,0,0,0
5353,0.0,1,0,119,0,119.0,119.0,0.0,0.0,0.0,0.0,0.0,0.0,0.0,0.0,0.0,0.0,0.0,0.0,0.0,0.0,119.0,119.0,119.0,0.0,0.0,0,0,0
6718,0.0,1,0,54,0,54.0,54.0,0.0,0.0,0.0,0.0,0.0,0.0,0.0,0.0,0.0,0.0,0.0,0.0,0.0,0.0,54.0,54.0,54.0,0.0,0.0,0,0,1
27020,0.06798291206359863,1,1,108,56,108.0,108.0,56.0,56.0,2412.3709182474636,29.419157539603212,0.06798291206359863,0.0,0.06798291206359863,0.06798291206359863,0.0,0.0,0.0,0.0,14.709578769801606,14.709578769801606,56.0,108.0,82.0,26.0,676.0,0,0,0
443,0.10522007942199707,6,5,348,298,78.0,58.0,78.0,59.6,6139.512567835495,104.54278366283351,0.010522007942199707,0.023550692530630787,0.07680010795593262,0.0,0.021044015884399414,0.029846835649782164,0.01924455165863037,0.03333254124163171,57.02333654336373,47.51944711946978,54.0,78.0,58.72727272727273,9.116328099433945,83.10743801652892,3,0,3
53,0.04448890686035156,1,1,87,315,87.0,87.0,315.0,315.0,9035.96038585209,44.95502679528403,0.04448890686035156,0.0,0.04448890686035156,0.04448890686035156,0.0,0.0,0.0,0.0,22.477513397642014,22.477513397642014,87.0,315.0,201.0,114.0,12996.0,0,0,0
443,0.12104606628417969,6,6,1328,2179,866.0,221.33333333333334,1304.0,363.1666666666667,28972.44088681594,99.13581141767644,0.011004187844016335,0.015922199236395485,0.04930710792541504,0.0,0.024209213256835938,0.020416812196094442,0.01858358383178711,0.0191128141568763,49.56790570883822,49.56790570883822,54.0,1304.0,292.25,379.91712363794994,144337.02083333334,0,2,0
5353,0.0,1,0,119,0,119.0,119.0,0.0,0.0,0.0,0.0,0.0,0.0,0.0,0.0,0.0,0.0,0.0,0.0,0.0,0.0,119.0,119.0,119.0,0.0,0.0,0,0,0
53,0.0455470085144043,1,1,95,152,95.0,95.0,152.0,152.0,5422.96866591987,43.91067745684105,0.0455470085144043,0.0,0.0455470085144043,0.0455470085144043,0.0,0.0,0.0,0.0,21.955338728420525,21.955338728420525,95.0,152.0,123.5,28.5,812.25,0,0,0
53,0.03877997398376465,1,1,95,319,95.0,95.0,319.0,319.0,10675.613144385356,51.573010359349546,0.03877997398376465,0.0,0.03877997398376465,0.03877997398376465,0.0,0.0,0.0,0.0,25.786505179674773,25.786505179674773,95.0,319.0,207.0,112.0,12544.0,0,0,0
53,0.04499316215515137,1,1,95,223,95.0,95.0,223.0,223.0,7067.740624751609,44.451198897808865,0.04499316215515137,0.0,0.04499316215515137,0.04499316215515137,0.0,0.0,0.0,0.0,22.225599448904433,22.225599448904433,95.0,223.0,159.0,64.0,4096.0,0,0,0
27020,0.07301712036132812,1,1,108,56,108.0,108.0,56.0,56.0,2246.0485868031974,27.390836424429235,0.07301712036132812,0.0,0.07301712036132812,0.07301712036132812,0.0,0.0,0.0,0.0,13.695418212214618,13.695418212214618,56.0,108.0,82.0,26.0,676.0,0,0,0
53,0.05039095878601074,1,1,94,158,94.0,94.0,158.0,158.0,5000.897106763502,39.689659577488115,0.05039095878601074,0.0,0.05039095878601074,0.05039095878601074,0.0,0.0,0.0,0.0,19.844829788744057,19.844829788744057,94.0,158.0,126.0,32.0,1024.0,0,0,0
5353,0.0,1,0,119,0,119.0,119.0,0.0,0.0,0.0,0.0,0.0,0.0,0.0,0.0,0.0,0.0,0.0,0.0,0.0,0.0,119.0,119.0,119.0,0.0,0.0,0,0,0
443,0.05156302452087402,1,1,55,66,55.0,55.0,66.0,66.0,2346.64279538172,38.78748422118546,0.05156302452087402,0.0,0.05156302452087402,0.05156302452087402,0.0,0.0,0.0,0.0,19.39374211059273,19.39374211059273,55.0,66.0,60.5,5.5,30.25,0,0,0
5353,0.0,1,0,119,0,119.0,119.0,0.0,0.0,0.0,0.0,0.0,0.0,0.0,0.0,0.0,0.0,0.0,0.0,0.0,0.0,119.0,119.0,119.0,0.0,0.0,0,0,0
27020,0.07198405265808105,1,1,108,56,108.0,108.0,56.0,56.0,2278.2823965050693,27.783931664695967,0.07198405265808105,0.0,0.07198405265808105,0.07198405265808105,0.0,0.0,0.0,0.0,13.891965832347983,13.891965832347983,56.0,108.0,82.0,26.0,676.0,0,0,0
5353,0.0,1,0,119,0,119.0,119.0,0.0,0.0,0.0,0.0,0.0,0.0,0.0,0.0,0.0,0.0,0.0,0.0,0.0,0.0,119.0,119.0,119.0,0.0,0.0,0,0,0
53,0.04808187484741211,1,1,108,205,108.0,108.0,205.0,205.0,6509.729518520355,41.595715773293,0.04808187484741211,0.0,0.04808187484741211,0.04808187484741211,0.0,0.0,0.0,0.0,20.7978578866465,20.7978578866465,108.0,205.0,156.5,48.5,2352.25,0,0,0
53,0.047898054122924805,1,1,108,193,108.0,108.0,193.0,193.0,6284.180130314237,41.75534970308463,0.047898054122924805,0.0,0.047898054122924805,0.047898054122924805,0.0,0.0,0.0,0.0,20.877674851542317,20.877674851542317,108.0,193.0,150.5,42.5,1806.25,0,0,0
27020,0.17157697677612305,1,1,108,56,108.0,108.0,56.0,56.0,955.839198717147,11.65657559411155,0.17157697677612305,0.0,0.17157697677612305,0.17157697677612305,0.0,0.0,0.0,0.0,5.828287797055775,5.828287797055775,56.0,108.0,82.0,26.0,676.0,0,0,0
1900,5.939215898513794,4,0,668,0,167.0,167.0,0.0,0.0,112.47275926897315,0.673489576460917,1.9797386328379314,0.09636361629524498,2.049078941345215,1.8434669971466064,1.9797386328379314,0.09636361629524498,0.0,0.0,0.673489576460917,0.0,167.0,167.0,167.0,0.0,0.0,0,0,0
5353,7.987454175949097,5,0,435,0,87.0,87.0,0.0,0.0,54.46040633445159,0.6259816820051907,1.9968635439872742,0.10096675581328253,2.1162729263305664,1.8432190418243408,1.9968635439872742,0.10096675581328253,0.0,0.0,0.6259816820051907,0.0,87.0,87.0,87.0,0.0,0.0,0,0,0
53,0.062391042709350586,1,1,94,158,94.0,94.0,158.0,158.0,4039.041327998716,32.055883555545364,0.062391042709350586,0.0,0.062391042709350586,0.062391042709350586,0.0,0.0,0.0,0.0,16.027941777772682,16.027941777772682,94.0,158.0,126.0,32.0,1024.0,0,0,0
5353,0.0,1,0,119,0,119.0,119.0,0.0,0.0,0.0,0.0,0.0,0.0,0.0,0.0,0.0,0.0,0.0,0.0,0.0,0.0,119.0,119.0,119.0,0.0,0.0,0,0,0
53,0.07153701782226562,1,1,79,129,79.0,79.0,129.0,129.0,2907.5855596437905,27.95755345811337,0.07153701782226562,0.0,0.07153701782226562,0.07153701782226562,0.0,0.0,0.0,0.0,13.978776729056685,13.978776729056685,79.0,129.0,104.0,25.0,625.0,0,0,0
53,0.0697031021118164,1,1,79,95,79.0,79.0,95.0,95.0,2496.3020974428437,28.693127556814296,0.0697031021118164,0.0,0.0697031021118164,0.0697031021118164,0.0,0.0,0.0,0.0,14.346563778407148,14.346563778407148,79.0,95.0,87.0,8.0,64.0,0,0,0
53,0.09102010726928711,1,1,79,107,79.0,79.0,107.0,107.0,2043.5045132358566,21.973166808987706,0.09102010726928711,0.0,0.09102010726928711,0.09102010726928711,0.0,0.0,0.0,0.0,10.986583404493853,10.986583404493853,79.0,107.0,93.0,14.0,196.0,0,0,0
53,0.035169124603271484,1,1,73,178,73.0,73.0,178.0,178.0,7136.941929360722,56.868063182157144,0.035169124603271484,0.0,0.035169124603271484,0.035169124603271484,0.0,0.0,0.0,0.0,28.434031591078572,28.434031591078572,73.0,178.0,125.5,52.5,2756.25,0,0,0
53,0.0,1,0,73,0,73.0,73.0,0.0,0.0,0.0,0.0,0.0,0.0,0.0,0.0,0.0,0.0,0.0,0.0,0.0,0.0,73.0,73.0,73.0,0.0,0.0,0,0,0
80,0.2552378177642822,7,5,484,447,136.0,69.14285714285714,205.0,89.4,3647.5785922123778,47.01497648394042,0.02320343797857111,0.021764824798766156,0.05724787712097168,9.799003601074219e-05,0.042539636294047035,0.02282058625594103,0.049414753913879395,0.05059148808052023,27.425402948965246,19.589573534975177,54.0,205.0,77.58333333333333,44.18796656205045,1952.5763888888887,2,3,0
443,0.06782913208007812,1,1,55,66,55.0,55.0,66.0,66.0,1783.8942691637142,29.485855688656432,0.06782913208007812,0.0,0.06782913208007812,0.06782913208007812,0.0,0.0,0.0,0.0,14.742927844328216,14.742927844328216,55.0,66.0,60.5,5.5,30.25,0,0,0
27020,0.07884407043457031,1,1,108,56,108.0,108.0,56.0,56.0,2080.0549628661975,25.36652393739265,0.07884407043457031,0.0,0.07884407043457031,0.07884407043457031,0.0,0.0,0.0,0.0,12.683261968696325,12.683261968696325,56.0,108.0,82.0,26.0,676.0,0,0,0
53,0.030145883560180664,1,1,73,178,73.0,73.0,178.0,178.0,8326.17824914387,66.34404979397506,0.030145883560180664,0.0,0.030145883560180664,0.030145883560180664,0.0,0.0,0.0,0.0,33.17202489698753,33.17202489698753,73.0,178.0,125.5,52.5,2756.25,0,0,0
53,0.031527042388916016,1,1,73,202,73.0,73.0,202.0,202.0,8722.670417593055,63.4376030370404,0.031527042388916016,0.0,0.031527042388916016,0.031527042388916016,0.0,0.0,0.0,0.0,31.7188015185202,31.7188015185202,73.0,202.0,137.5,64.5,4160.25,0,0,0
80,0.14258813858032227,6,3,418,325,136.0,69.66666666666667,205.0,108.33333333333333,5210.812115212906,63.11885469302308,0.017823517322540283,0.0146823661404701,0.04145407676696777,0.000102996826171875,0.028517627716064455,0.022792654246688877,0.05994904041290283,0.03105604648590088,42.07923646201539,21.039618231007694,54.0,205.0,82.55555555555556,49.971349816361126,2497.1358024691353,2,2,0
5353,7.949856996536255,6,0,554,0,119.0,92.33333333333333,0.0,0.0,69.68678810717945,0.754730557117467,1.589971399307251,0.614988190317213,2.0738918781280518,0.4086289405822754,1.589971399307251,0.614988190317213,0.0,0.0,0.754730557117467,0.0,87.0,119.0,92.33333333333333,11.925695879998877,142.22222222222217,0,0,0
1900,8.19356894493103,5,0,835,0,167.0,167.0,0.0,0.0,101.90919312597896,0.6102346893771194,2.0483922362327576,0.2021141144249769,2.2540769577026367,1.8420779705047607,2.0483922362327576,0.2021141144249769,0.0,0.0,0.6102346893771194,0.0,167.0,167.0,167.0,0.0,0.0,0,0,0
5353,0.0,1,0,119,0,119.0,119.0,0.0,0.0,0.0,0.0,0.0,0.0,0.0,0.0,0.0,0.0,0.0,0.0,0.0,0.0,119.0,119.0,119.0,0.0,0.0,0,0,0
27020,0.06669116020202637,1,1,108,56,108.0,108.0,56.0,56.0,2459.0965204863382,29.988981957150468,0.06669116020202637,0.0,0.06669116020202637,0.06669116020202637,0.0,0.0,0.0,0.0,14.994490978575234,14.994490978575234,56.0,108.0,82.0,26.0,676.0,0,0,0
6836,0.0004038810729980469,4,2,264,120,78.0,66.0,66.0,60.0,950774.93270366,14855.858323494687,8.077621459960938e-05,0.0001282263262275079,0.00033092498779296875,0.0,0.0,0.0,7.295608520507812e-05,0.0,9903.905548996458,4951.952774498229,54.0,78.0,64.0,10.770329614269007,116.0,3,0,0
53,0.05064105987548828,1,1,94,158,94.0,94.0,158.0,158.0,4976.199167623962,39.49364418749176,0.05064105987548828,0.0,0.05064105987548828,0.05064105987548828,0.0,0.0,0.0,0.0,19.74682209374588,19.74682209374588,94.0,158.0,126.0,32.0,1024.0,0,0,0
5353,0.0,1,0,119,0,119.0,119.0,0.0,0.0,0.0,0.0,0.0,0.0,0.0,0.0,0.0,0.0,0.0,0.0,0.0,0.0,119.0,119.0,119.0,0.0,0.0,0,0,0
443,0.032861948013305664,5,4,294,244,78.0,58.8,78.0,61.0,16371.518808993493,273.8729912285157,0.004107743501663208,0.008066256806075959,0.024451017379760742,0.0,0.008215487003326416,0.009938961820342401,0.002616326014200846,0.00370004373287238,152.1516617936198,121.72132943489585,54.0,78.0,59.77777777777778,9.772725967687121,95.50617283950618,2,0,3
53,0.02594304084777832,1,1,87,315,87.0,87.0,315.0,315.0,15495.484988006947,77.09196511446243,0.02594304084777832,0.0,0.02594304084777832,0.02594304084777832,0.0,0.0,0.0,0.0,38.54598255723121,38.54598255723121,87.0,315.0,201.0,114.0,12996.0,0,0,0
443,0.1682732105255127,7,7,1382,2621,866.0,197.42857142857142,1334.0,374.42857142857144,23788.69451351608,83.19803227310145,0.01294409311734713,0.016072021243139303,0.05085611343383789,0.00014090538024902344,0.02804553508758545,0.020132255161182167,0.014488816261291504,0.013299614406951243,41.59901613655072,41.59901613655072,54.0,1334.0,285.92857142857144,364.9063410727498,133156.637755102,0,2,0
27020,0.08664298057556152,1,1,108,56,108.0,108.0,56.0,56.0,1892.8250033708762,23.08323174842532,0.08664298057556152,0.0,0.08664298057556152,0.08664298057556152,0.0,0.0,0.0,0.0,11.54161587421266,11.54161587421266,56.0,108.0,82.0,26.0,676.0,0,0,0
5353,0.0,1,0,119,0,119.0,119.0,0.0,0.0,0.0,0.0,0.0,0.0,0.0,0.0,0.0,0.0,0.0,0.0,0.0,0.0,119.0,119.0,119.0,0.0,0.0,0,0,0
53,0.06019902229309082,1,1,95,152,95.0,95.0,152.0,152.0,4103.056670878004,33.22313093828344,0.06019902229309082,0.0,0.06019902229309082,0.06019902229309082,0.0,0.0,0.0,0.0,16.61156546914172,16.61156546914172,95.0,152.0,123.5,28.5,812.25,0,0,0
53,0.012159109115600586,1,1,95,319,95.0,95.0,319.0,319.0,34048.54714798329,164.48573501441206,0.012159109115600586,0.0,0.012159109115600586,0.012159109115600586,0.0,0.0,0.0,0.0,82.24286750720603,82.24286750720603,95.0,319.0,207.0,112.0,12544.0,0,0,0
53,0.009400129318237305,1,1,95,223,95.0,95.0,223.0,223.0,33829.32183529054,212.7630304106323,0.009400129318237305,0.0,0.009400129318237305,0.009400129318237305,0.0,0.0,0.0,0.0,106.38151520531615,106.38151520531615,95.0,223.0,159.0,64.0,4096.0,0,0,0
27020,0.07044100761413574,1,1,108,56,108.0,108.0,56.0,56.0,2328.1892970407953,28.392552402936527,0.07044100761413574,0.0,0.07044100761413574,0.07044100761413574,0.0,0.0,0.0,0.0,14.196276201468264,14.196276201468264,56.0,108.0,82.0,26.0,676.0,0,0,0
443,0.09248709678649902,1,1,55,54,55.0,55.0,54.0,54.0,1178.54277826041,21.624638133218532,0.09248709678649902,0.0,0.09248709678649902,0.09248709678649902,0.0,0.0,0.0,0.0,10.812319066609266,10.812319066609266,54.0,55.0,54.5,0.5,0.25,0,0,1
5353,18.022684812545776,15,0,1433,0,119.0,95.53333333333333,0.0,0.0,79.51090611108474,0.8322844324258695,1.2873346294675554,0.8380507806652637,2.048380136489868,0.0,1.2873346294675554,0.8380507806652637,0.0,0.0,0.8322844324258695,0.0,87.0,119.0,95.53333333333333,12.888582371834213,166.1155555555556,0,0,0
1900,18.218791007995605,10,0,1670,0,167.0,167.0,0.0,0.0,91.66360156758448,0.5488838417220627,2.0243101119995117,0.06442937447187928,2.048435926437378,1.8421549797058105,2.0243101119995117,0.06442937447187928,0.0,0.0,0.5488838417220627,0.0,167.0,167.0,167.0,0.0,0.0,0,0,0
53,0.48337793350219727,1,1,94,158,94.0,94.0,158.0,158.0,521.331203876427,4.1375492371145,0.48337793350219727,0.0,0.48337793350219727,0.48337793350219727,0.0,0.0,0.0,0.0,2.06877461855725,2.06877461855725,94.0,158.0,126.0,32.0,1024.0,0,0,0
5353,0.0,1,0,119,0,119.0,119.0,0.0,0.0,0.0,0.0,0.0,0.0,0.0,0.0,0.0,0.0,0.0,0.0,0.0,0.0,119.0,119.0,119.0,0.0,0.0,0,0,0
27020,0.11100387573242188,1,1,108,56,108.0,108.0,56.0,56.0,1477.4258909240868,18.017388913708373,0.11100387573242188,0.0,0.11100387573242188,0.11100387573242188,0.0,0.0,0.0,0.0,9.008694456854187,9.008694456854187,56.0,108.0,82.0,26.0,676.0,0,0,0
5353,0.0,1,0,119,0,119.0,119.0,0.0,0.0,0.0,0.0,0.0,0.0,0.0,0.0,0.0,0.0,0.0,0.0,0.0,0.0,119.0,119.0,119.0,0.0,0.0,0,0,0
27020,0.09224700927734375,1,1,108,56,108.0,108.0,56.0,56.0,1777.8354147713176,21.68091969233314,0.09224700927734375,0.0,0.09224700927734375,0.09224700927734375,0.0,0.0,0.0,0.0,10.84045984616657,10.84045984616657,56.0,108.0,82.0,26.0,676.0,0,0,0
5353,0.0,1,0,119,0,119.0,119.0,0.0,0.0,0.0,0.0,0.0,0.0,0.0,0.0,0.0,0.0,0.0,0.0,0.0,0.0,119.0,119.0,119.0,0.0,0.0,0,0,0
53,0.14284300804138184,1,1,79,215,79.0,79.0,215.0,215.0,2058.203646305374,14.001385349016152,0.14284300804138184,0.0,0.14284300804138184,0.14284300804138184,0.0,0.0,0.0,0.0,7.000692674508076,7.000692674508076,79.0,215.0,147.0,68.0,4624.0,0,0,0
53,0.1415998935699463,1,1,79,164,79.0,79.0,164.0,164.0,1716.1029847805992,14.124304401486413,0.1415998935699463,0.0,0.1415998935699463,0.1415998935699463,0.0,0.0,0.0,0.0,7.062152200743206,7.062152200743206,79.0,164.0,121.5,42.5,1806.25,0,0,0
53,0.13794398307800293,1,1,79,176,79.0,79.0,176.0,176.0,1848.5764606043426,14.498638906700727,0.13794398307800293,0.0,0.13794398307800293,0.13794398307800293,0.0,0.0,0.0,0.0,7.249319453350363,7.249319453350363,79.0,176.0,127.5,48.5,2352.25,0,0,0
53,0.096221923828125,1,1,83,144,83.0,83.0,144.0,144.0,2359.1297177291467,20.785283856644465,0.096221923828125,0.0,0.096221923828125,0.096221923828125,0.0,0.0,0.0,0.0,10.392641928322233,10.392641928322233,83.0,144.0,113.5,30.5,930.25,0,0,0
5353,0.0,1,0,119,0,119.0,119.0,0.0,0.0,0.0,0.0,0.0,0.0,0.0,0.0,0.0,0.0,0.0,0.0,0.0,0.0,119.0,119.0,119.0,0.0,0.0,0,0,0
53,2.4849021434783936,2,2,177,290,94.0,88.5,158.0,145.0,187.93496606119396,1.609721336712582,0.8283007144927979,1.0596379554369777,2.3267738819122314,0.06555414199829102,2.4193480014801025,0.0,2.3923280239105225,0.0,0.804860668356291,0.804860668356291,83.0,158.0,116.75,29.961433543807612,897.6875,0,0,0
27020,0.2544209957122803,1,1,108,56,108.0,108.0,56.0,56.0,644.6008889355357,7.860986450433363,0.2544209957122803,0.0,0.2544209957122803,0.2544209957122803,0.0,0.0,0.0,0.0,3.9304932252166815,3.9304932252166815,56.0,108.0,82.0,26.0,676.0,0,0,0
5353,0.0,1,0,119,0,119.0,119.0,0.0,0.0,0.0,0.0,0.0,0.0,0.0,0.0,0.0,0.0,0.0,0.0,0.0,0.0,119.0,119.0,119.0,0.0,0.0,0,0,0
27020,8.225833177566528,6,6,648,386,108.0,108.0,66.0,64.33333333333333,125.70155237525631,1.4588187896548122,0.7478030161424116,0.9487965095942723,2.678499221801758,0.0,1.0939106464385986,0.8641578760674439,0.049006414413452146,0.0604071734323687,0.7294093948274061,0.7294093948274061,56.0,108.0,86.16666666666667,21.991791397903192,483.63888888888886,0,0,0
5353,0.0,1,0,119,0,119.0,119.0,0.0,0.0,0.0,0.0,0.0,0.0,0.0,0.0,0.0,0.0,0.0,0.0,0.0,0.0,119.0,119.0,119.0,0.0,0.0,0,0,0
27020,1.492380142211914,8,7,814,5888,254.0,101.75,1334.0,841.1428571428571,4490.812903786503,10.051058423873105,0.1065985815865653,0.13505055944766983,0.38200807571411133,0.0,0.2131971631731306,0.22153780879186352,0.13712616761525473,0.1287730351767635,5.360564492732323,4.690493931140782,54.0,1334.0,446.8,540.1785137032634,291792.8266666667,0,0,0
5353,0.0,1,0,119,0,119.0,119.0,0.0,0.0,0.0,0.0,0.0,0.0,0.0,0.0,0.0,0.0,0.0,0.0,0.0,0.0,119.0,119.0,119.0,0.0,0.0,0,0,0
27020,1.5475168228149414,4,3,432,188,108.0,108.0,66.0,62.666666666666664,400.64184819148954,4.523375705387785,0.2579194704691569,0.2029837267361398,0.604849100112915,0.008588075637817383,0.4347740014394124,0.12026387185989137,0.0951164960861206,0.08652842044830322,2.5847861173644486,1.9385895880233366,56.0,108.0,88.57142857142857,22.645448251924982,512.8163265306122,0,0,0
53,0.03800392150878906,1,1,94,158,94.0,94.0,158.0,158.0,6630.894654956085,52.626148055207025,0.03800392150878906,0.0,0.03800392150878906,0.03800392150878906,0.0,0.0,0.0,0.0,26.313074027603513,26.313074027603513,94.0,158.0,126.0,32.0,1024.0,0,0,0
5353,0.0,1,0,119,0,119.0,119.0,0.0,0.0,0.0,0.0,0.0,0.0,0.0,0.0,0.0,0.0,0.0,0.0,0.0,0.0,119.0,119.0,119.0,0.0,0.0,0,0,0
443,0.06439685821533203,3,3,186,188,78.0,62.0,78.0,62.666666666666664,5807.7367493520915,93.17224731580896,0.012879371643066406,0.025411023005980863,0.06369996070861816,0.0,0.032198429107666016,0.03167152404785156,0.0,0.0,46.58612365790448,46.58612365790448,54.0,78.0,62.333333333333336,11.100550536897808,123.22222222222223,1,0,2
53,0.040946006774902344,1,1,87,315,87.0,87.0,315.0,315.0,9817.807196925585,48.84481192500291,0.040946006774902344,0.0,0.040946006774902344,0.040946006774902344,0.0,0.0,0.0,0.0,24.422405962501454,24.422405962501454,87.0,315.0,201.0,114.0,12996.0,0,0,0
443,0.20701813697814941,6,8,1328,3635,866.0,221.33333333333334,1334.0,454.375,23973.74487301004,67.62692488860378,0.015924472075242262,0.025378780067688678,0.06981110572814941,0.0,0.04140362739562988,0.028896376424698302,0.021368435450962613,0.03182112780355001,28.98296780940162,38.64395707920216,54.0,1334.0,354.5,452.31322112005523,204587.25,0,2,0
27020,0.08139514923095703,1,1,108,56,108.0,108.0,56.0,56.0,2014.8620839142814,24.571488828222943,0.08139514923095703,0.0,0.08139514923095703,0.08139514923095703,0.0,0.0,0.0,0.0,12.285744414111472,12.285744414111472,56.0,108.0,82.0,26.0,676.0,0,0,0
5353,0.0,1,0,119,0,119.0,119.0,0.0,0.0,0.0,0.0,0.0,0.0,0.0,0.0,0.0,0.0,0.0,0.0,0.0,0.0,119.0,119.0,119.0,0.0,0.0,0,0,0
27020,0.09005498886108398,1,1,108,56,108.0,108.0,56.0,56.0,1821.1095473342546,22.2086530162714,0.09005498886108398,0.0,0.09005498886108398,0.09005498886108398,0.0,0.0,0.0,0.0,11.1043265081357,11.1043265081357,56.0,108.0,82.0,26.0,676.0,0,0,0
5353,0.0,1,0,119,0,119.0,119.0,0.0,0.0,0.0,0.0,0.0,0.0,0.0,0.0,0.0,0.0,0.0,0.0,0.0,0.0,119.0,119.0,119.0,0.0,0.0,0,0,0
53,0.08491921424865723,1,1,94,158,94.0,94.0,158.0,158.0,2967.526280472911,23.551795876769134,0.08491921424865723,0.0,0.08491921424865723,0.08491921424865723,0.0,0.0,0.0,0.0,11.775897938384567,11.775897938384567,94.0,158.0,126.0,32.0,1024.0,0,0,0
53,0.8336498737335205,1,1,79,129,79.0,79.0,129.0,129.0,249.50522581916448,2.3990887097996585,0.8336498737335205,0.0,0.8336498737335205,0.8336498737335205,0.0,0.0,0.0,0.0,1.1995443548998292,1.1995443548998292,79.0,129.0,104.0,25.0,625.0,0,0,0
53,0.8327138423919678,1,1,79,107,79.0,79.0,107.0,107.0,223.36604789193322,2.401785461203583,0.8327138423919678,0.0,0.8327138423919678,0.8327138423919678,0.0,0.0,0.0,0.0,1.2008927306017916,1.2008927306017916,79.0,107.0,93.0,14.0,196.0,0,0,0
53,0.832413911819458,1,1,79,95,79.0,79.0,95.0,95.0,209.0306247040941,2.402650858667748,0.832413911819458,0.0,0.832413911819458,0.832413911819458,0.0,0.0,0.0,0.0,1.201325429333874,1.201325429333874,79.0,95.0,87.0,8.0,64.0,0,0,0
5353,0.0,1,0,119,0,119.0,119.0,0.0,0.0,0.0,0.0,0.0,0.0,0.0,0.0,0.0,0.0,0.0,0.0,0.0,0.0,119.0,119.0,119.0,0.0,0.0,0,0,0
27020,0.22135186195373535,1,1,108,56,108.0,108.0,56.0,56.0,740.901831827724,9.035388193021024,0.22135186195373535,0.0,0.22135186195373535,0.22135186195373535,0.0,0.0,0.0,0.0,4.517694096510512,4.517694096510512,56.0,108.0,82.0,26.0,676.0,0,0,0
53,0.06578207015991211,1,1,91,236,91.0,91.0,236.0,236.0,4970.959399804284,30.40342140553079,0.06578207015991211,0.0,0.06578207015991211,0.06578207015991211,0.0,0.0,0.0,0.0,15.201710702765395,15.201710702765395,91.0,236.0,163.5,72.5,5256.25,0,0,0
53,0.0606541633605957,1,1,91,248,91.0,91.0,248.0,248.0,5589.063985346027,32.97382882210046,0.0606541633605957,0.0,0.0606541633605957,0.0606541633605957,0.0,0.0,0.0,0.0,16.48691441105023,16.48691441105023,91.0,248.0,169.5,78.5,6162.25,0,0,0
443,2.703946828842163,13,11,2624,4890,1467.0,201.84615384615384,1334.0,444.54545454545456,2778.9007978450204,8.875914179968126,0.11756290560183318,0.17199509191427426,0.429218053817749,0.0,0.22532890240351358,0.23635508308922054,0.23594560623168945,0.1957441319118572,4.807786847482735,4.068127332485391,54.0,1467.0,313.0833333333333,469.6276820229215,220550.15972222222,2,2,1
53,0.009516000747680664,1,1,73,73,73.0,73.0,73.0,73.0,15342.579710871145,210.17232480645404,0.009516000747680664,0.0,0.009516000747680664,0.009516000747680664,0.0,0.0,0.0,0.0,105.08616240322702,105.08616240322702,73.0,73.0,73.0,0.0,0.0,0,0,0
80,1.2790071964263916,7,3,484,325,136.0,69.14285714285714,205.0,108.33333333333333,632.5218515270168,7.818564295760405,0.1421119107140435,0.3077626766580397,1.0097150802612305,0.0002551078796386719,0.21316786607106528,0.3573000982166462,0.10171747207641602,0.0613245964050293,5.472995007032283,2.345569288728121,54.0,205.0,80.9,47.66644522093084,2272.09,2,3,0
80,1.278235912322998,7,3,484,325,136.0,69.14285714285714,205.0,108.33333333333333,632.90351350696,7.823281996377751,0.14202621248033312,0.30756281828783516,1.009091854095459,0.0003609657287597656,0.21303931872049967,0.3570759053997285,0.10171747207641602,0.05913352966308594,5.476297397464426,2.346984598913325,54.0,205.0,80.9,47.66644522093084,2272.09,2,3,0
53,0.05784010887145996,1,1,73,202,73.0,73.0,202.0,202.0,4754.486209753544,34.57808152548032,0.05784010887145996,0.0,0.05784010887145996,0.05784010887145996,0.0,0.0,0.0,0.0,17.28904076274016,17.28904076274016,73.0,202.0,137.5,64.5,4160.25,0,0,0
53,0.06149101257324219,1,1,73,178,73.0,73.0,178.0,178.0,4081.897329321629,32.52507832128788,0.06149101257324219,0.0,0.06149101257324219,0.06149101257324219,0.0,0.0,0.0,0.0,16.26253916064394,16.26253916064394,73.0,178.0,125.5,52.5,2756.25,0,0,0
80,0.1938169002532959,3,2,256,120,136.0,85.33333333333333,66.0,60.0,1939.9753040555918,25.797543936909463,0.048454225063323975,0.05068055864407061,0.11911296844482422,0.0003409385681152344,0.03735196590423584,0.03699696063995361,0.11980891227722168,0.0,15.47852636214568,10.319017574763786,54.0,136.0,75.2,30.870050210519583,952.9600000000003,0,2,1
53,0.10162806510925293,1,1,84,229,84.0,84.0,229.0,229.0,3079.8579079855203,19.67960324591387,0.10162806510925293,0.0,0.10162806510925293,0.10162806510925293,0.0,0.0,0.0,0.0,9.839801622956935,9.839801622956935,84.0,229.0,156.5,72.5,5256.25,0,0,0
53,0.12023401260375977,1,1,84,224,84.0,84.0,224.0,224.0,2561.671138890101,16.634228174611042,0.12023401260375977,0.0,0.12023401260375977,0.12023401260375977,0.0,0.0,0.0,0.0,8.317114087305521,8.317114087305521,84.0,224.0,154.0,70.0,4900.0,0,0,0
5353,0.0,1,0,119,0,119.0,119.0,0.0,0.0,0.0,0.0,0.0,0.0,0.0,0.0,0.0,0.0,0.0,0.0,0.0,0.0,119.0,119.0,119.0,0.0,0.0,0,0,0
53,0.05121302604675293,1,1,73,178,73.0,73.0,178.0,178.0,4901.096837567446,39.05256444276849,0.05121302604675293,0.0,0.05121302604675293,0.05121302604675293,0.0,0.0,0.0,0.0,19.526282221384246,19.526282221384246,73.0,178.0,125.5,52.5,2756.25,0,0,0
53,0.0510859489440918,1,1,73,202,73.0,73.0,202.0,202.0,5383.084892892145,39.149708311942874,0.0510859489440918,0.0,0.0510859489440918,0.0510859489440918,0.0,0.0,0.0,0.0,19.574854155971437,19.574854155971437,73.0,202.0,137.5,64.5,4160.25,0,0,0
80,0.10900998115539551,6,5,430,447,136.0,71.66666666666667,205.0,89.4,8045.134864759055,100.9081910060999,0.01090099811553955,0.013442880801247385,0.03385496139526367,9.608268737792969e-05,0.0218019962310791,0.01179096534885534,0.018753230571746826,0.01420598460747485,55.04083145787267,45.86735954822723,54.0,205.0,79.72727272727273,45.55135146002488,2074.9256198347107,2,3,0
27020,0.08443617820739746,1,1,108,54,108.0,108.0,54.0,54.0,1918.6088645803627,23.686529192350157,0.08443617820739746,0.0,0.08443617820739746,0.08443617820739746,0.0,0.0,0.0,0.0,11.843264596175079,11.843264596175079,54.0,108.0,81.0,27.0,729.0,0,0,0
53,0.07319188117980957,1,1,73,202,73.0,73.0,202.0,202.0,3757.247328080159,27.32543511331025,0.07319188117980957,0.0,0.07319188117980957,0.07319188117980957,0.0,0.0,0.0,0.0,13.662717556655124,13.662717556655124,73.0,202.0,137.5,64.5,4160.25,0,0,0
80,0.1540660858154297,6,4,418,381,136.0,69.66666666666667,205.0,95.25,5186.086190034045,64.90721138966265,0.017118453979492188,0.016300517311604798,0.04402613639831543,0.0,0.030813217163085938,0.02193509574551849,0.040155649185180664,0.040912890072649734,38.94432683379759,25.962884555865056,54.0,205.0,79.9,48.07171725661566,2310.8900000000003,2,2,0
80,0.16878485679626465,6,4,418,381,136.0,69.66666666666667,205.0,95.25,4733.836999159527,59.247021266076686,0.018753872977362737,0.01823544065595178,0.05064105987548828,0.0,0.03375697135925293,0.02758510256133656,0.04617500305175781,0.04389567689563793,35.54821275964601,23.698808506430677,54.0,205.0,79.9,48.07171725661566,2310.8900000000003,2,2,0
5353,1.843291997909546,2,0,174,0,87.0,87.0,0.0,0.0,94.396330151344,1.0850152890959082,1.843291997909546,0.0,1.843291997909546,1.843291997909546,1.843291997909546,0.0,0.0,0.0,1.0850152890959082,0.0,87.0,87.0,87.0,0.0,0.0,0,0,0
1900,0.0,1,0,167,0,167.0,167.0,0.0,0.0,0.0,0.0,0.0,0.0,0.0,0.0,0.0,0.0,0.0,0.0,0.0,0.0,167.0,167.0,167.0,0.0,0.0,0,0,0
5353,0.0,1,0,119,0,119.0,119.0,0.0,0.0,0.0,0.0,0.0,0.0,0.0,0.0,0.0,0.0,0.0,0.0,0.0,0.0,119.0,119.0,119.0,0.0,0.0,0,0,0
53,0.03654193878173828,1,1,94,158,94.0,94.0,158.0,158.0,6896.185818305191,54.73163347861263,0.03654193878173828,0.0,0.03654193878173828,0.03654193878173828,0.0,0.0,0.0,0.0,27.365816739306315,27.365816739306315,94.0,158.0,126.0,32.0,1024.0,0,0,0
53,0.04744911193847656,1,1,73,178,73.0,73.0,178.0,178.0,5289.877718374402,42.1504200667283,0.04744911193847656,0.0,0.04744911193847656,0.04744911193847656,0.0,0.0,0.0,0.0,21.07521003336415,21.07521003336415,73.0,178.0,125.5,52.5,2756.25,0,0,0
53,0.03911018371582031,1,1,73,202,73.0,73.0,202.0,202.0,7031.416727627408,51.1375762009266,0.03911018371582031,0.0,0.03911018371582031,0.03911018371582031,0.0,0.0,0.0,0.0,25.5687881004633,25.5687881004633,73.0,202.0,137.5,64.5,4160.25,0,0,0
80,0.2570929527282715,6,4,418,381,136.0,69.66666666666667,205.0,95.25,3107.825366354887,38.89643762646917,0.02856588363647461,0.03059125243084208,0.0867760181427002,0.0,0.0514185905456543,0.04254955821271226,0.07581567764282227,0.06585729863522359,23.337862575881505,15.55857505058767,54.0,205.0,79.9,48.07171725661566,2310.8900000000003,2,2,0
27020,0.07114100456237793,1,1,108,56,108.0,108.0,56.0,56.0,2305.2809137127288,28.11318187454547,0.07114100456237793,0.0,0.07114100456237793,0.07114100456237793,0.0,0.0,0.0,0.0,14.056590937272736,14.056590937272736,56.0,108.0,82.0,26.0,676.0,0,0,0
5353,0.0,1,0,119,0,119.0,119.0,0.0,0.0,0.0,0.0,0.0,0.0,0.0,0.0,0.0,0.0,0.0,0.0,0.0,0.0,119.0,119.0,119.0,0.0,0.0,0,0,0
1900,2.0504579544067383,2,0,334,0,167.0,167.0,0.0,0.0,162.89044078284292,0.9753918609751072,2.0504579544067383,0.0,2.0504579544067383,2.0504579544067383,2.0504579544067383,0.0,0.0,0.0,0.9753918609751072,0.0,167.0,167.0,167.0,0.0,0.0,0,0,0
5353,3.4818520545959473,3,0,293,0,119.0,97.66666666666667,0.0,0.0,84.15061737423571,0.8616104168010481,1.7409260272979736,0.5139901638031006,2.254916191101074,1.226935863494873,1.7409260272979736,0.5139901638031006,0.0,0.0,0.8616104168010481,0.0,87.0,119.0,97.66666666666667,15.084944665313014,227.55555555555557,0,0,0
27020,0.2334299087524414,1,1,108,56,108.0,108.0,56.0,56.0,702.5663543994542,8.567882370725052,0.2334299087524414,0.0,0.2334299087524414,0.2334299087524414,0.0,0.0,0.0,0.0,4.283941185362526,4.283941185362526,56.0,108.0,82.0,26.0,676.0,0,0,0
53,0.06316494941711426,1,1,74,177,74.0,74.0,177.0,177.0,3973.7228053885324,31.663129923414598,0.06316494941711426,0.0,0.06316494941711426,0.06316494941711426,0.0,0.0,0.0,0.0,15.831564961707299,15.831564961707299,74.0,177.0,125.5,51.5,2652.25,0,0,0
80,0.1537790298461914,5,4,433,794,205.0,86.6,618.0,198.5,7978.981277403271,58.52553504207778,0.019222378730773926,0.02402731163527348,0.060179948806762695,0.0,0.03844475746154785,0.022840640385803808,0.03759002685546875,0.026962033634338637,32.51418613448766,26.011348907590126,54.0,618.0,136.33333333333334,176.44010629987477,31131.111111111106,2,2,0
80,0.16289710998535156,4,2,379,984,205.0,94.75,918.0,492.0,8367.244821731749,36.83306597974357,0.03257942199707031,0.028023906800933057,0.07148408889770508,0.00014090538024902344,0.05429903666178385,0.048377374794803384,0.07209396362304688,0.0,24.55537731982905,12.277688659914524,54.0,918.0,227.16666666666666,313.49237984713795,98277.47222222223,0,2,0
5353,0.0,1,0,119,0,119.0,119.0,0.0,0.0,0.0,0.0,0.0,0.0,0.0,0.0,0.0,0.0,0.0,0.0,0.0,0.0,119.0,119.0,119.0,0.0,0.0,0,0,0
53,0.05117201805114746,1,1,94,158,94.0,94.0,158.0,158.0,4924.566386029977,39.08386020658712,0.05117201805114746,0.0,0.05117201805114746,0.05117201805114746,0.0,0.0,0.0,0.0,19.54193010329356,19.54193010329356,94.0,158.0,126.0,32.0,1024.0,0,0,0
27020,0.25817298889160156,1,1,108,56,108.0,108.0,56.0,56.0,635.2329912749249,7.746743796035669,0.25817298889160156,0.0,0.25817298889160156,0.25817298889160156,0.0,0.0,0.0,0.0,3.8733718980178344,3.8733718980178344,56.0,108.0,82.0,26.0,676.0,0,0,0
5353,0.0,1,0,119,0,119.0,119.0,0.0,0.0,0.0,0.0,0.0,0.0,0.0,0.0,0.0,0.0,0.0,0.0,0.0,0.0,119.0,119.0,119.0,0.0,0.0,0,0,0
27020,0.2288680076599121,1,1,108,56,108.0,108.0,56.0,56.0,716.5702261178279,8.738661294119852,0.2288680076599121,0.0,0.2288680076599121,0.2288680076599121,0.0,0.0,0.0,0.0,4.369330647059926,4.369330647059926,56.0,108.0,82.0,26.0,676.0,0,0,0
5353,0.0,1,0,119,0,119.0,119.0,0.0,0.0,0.0,0.0,0.0,0.0,0.0,0.0,0.0,0.0,0.0,0.0,0.0,0.0,119.0,119.0,119.0,0.0,0.0,0,0,0
443,0.15996909141540527,3,2,186,108,78.0,62.0,54.0,54.0,1837.855034361265,31.256037999341242,0.03999227285385132,0.04038263275423344,0.09047794342041016,0.00015997886657714844,0.03474557399749756,0.034218430519104004,0.0906379222869873,0.0,18.753622799604745,12.502415199736497,54.0,78.0,58.8,9.6,92.16,1,0,2
53,0.028209924697875977,1,1,87,315,87.0,87.0,315.0,315.0,14250.303902096839,70.89703433879023,0.028209924697875977,0.0,0.028209924697875977,0.028209924697875977,0.0,0.0,0.0,0.0,35.44851716939512,35.44851716939512,87.0,315.0,201.0,114.0,12996.0,0,0,0
443,0.32572078704833984,8,9,1448,4955,866.0,181.0,1334.0,550.5555555555555,19657.940956189996,52.191940692679985,0.02035754919052124,0.031536182793725866,0.09474992752075195,0.0,0.046531541006905694,0.04820227195338593,0.028856992721557617,0.035164747543360665,24.560913267143523,27.631027425536463,54.0,1334.0,376.6470588235294,484.8833627095551,235111.875432526,0,2,0
53,0.0,1,0,79,0,79.0,79.0,0.0,0.0,0.0,0.0,0.0,0.0,0.0,0.0,0.0,0.0,0.0,0.0,0.0,0.0,79.0,79.0,79.0,0.0,0.0,0,0,0
53,0.007113933563232422,1,1,79,107,79.0,79.0,107.0,107.0,26145.872511562437,281.1384141028219,0.007113933563232422,0.0,0.007113933563232422,0.007113933563232422,0.0,0.0,0.0,0.0,140.56920705141096,140.56920705141096,79.0,107.0,93.0,14.0,196.0,0,0,0
53,0.008713960647583008,1,1,79,95,79.0,79.0,95.0,95.0,19967.95797422638,229.51675832444116,0.008713960647583008,0.0,0.008713960647583008,0.008713960647583008,0.0,0.0,0.0,0.0,114.75837916222058,114.75837916222058,79.0,95.0,87.0,8.0,64.0,0,0,0
53,0.17864108085632324,1,1,79,215,79.0,79.0,215.0,215.0,1645.7580674652163,11.195633112008275,0.17864108085632324,0.0,0.17864108085632324,0.17864108085632324,0.0,0.0,0.0,0.0,5.597816556004138,5.597816556004138,79.0,215.0,147.0,68.0,4624.0,0,0,0
53,0.17740511894226074,1,1,79,176,79.0,79.0,176.0,176.0,1437.3880614064678,11.273631854168375,0.17740511894226074,0.0,0.17740511894226074,0.17740511894226074,0.0,0.0,0.0,0.0,5.6368159270841875,5.6368159270841875,79.0,176.0,127.5,48.5,2352.25,0,0,0
53,0.17615008354187012,1,1,79,164,79.0,79.0,164.0,164.0,1379.505448501476,11.353954308654123,0.17615008354187012,0.0,0.17615008354187012,0.17615008354187012,0.0,0.0,0.0,0.0,5.676977154327061,5.676977154327061,79.0,164.0,121.5,42.5,1806.25,0,0,0
53,0.18822503089904785,1,1,108,205,108.0,108.0,205.0,205.0,1662.9031670494114,10.625579342168763,0.18822503089904785,0.0,0.18822503089904785,0.18822503089904785,0.0,0.0,0.0,0.0,5.312789671084381,5.312789671084381,108.0,205.0,156.5,48.5,2352.25,0,0,0
53,0.18810606002807617,1,1,108,193,108.0,108.0,193.0,193.0,1600.1611003657915,10.632299670204596,0.18810606002807617,0.0,0.18810606002807617,0.18810606002807617,0.0,0.0,0.0,0.0,5.316149835102298,5.316149835102298,108.0,193.0,150.5,42.5,1806.25,0,0,0
5353,0.0,1,0,119,0,119.0,119.0,0.0,0.0,0.0,0.0,0.0,0.0,0.0,0.0,0.0,0.0,0.0,0.0,0.0,0.0,119.0,119.0,119.0,0.0,0.0,0,0,0
53,0.0484158992767334,1,1,94,158,94.0,94.0,158.0,158.0,5204.901773271417,41.30874423231283,0.0484158992767334,0.0,0.0484158992767334,0.0484158992767334,0.0,0.0,0.0,0.0,20.654372116156416,20.654372116156416,94.0,158.0,126.0,32.0,1024.0,0,0,0
27020,0.1089329719543457,1,1,108,56,108.0,108.0,56.0,56.0,1505.512950374044,18.359914028951756,0.1089329719543457,0.0,0.1089329719543457,0.1089329719543457,0.0,0.0,0.0,0.0,9.179957014475878,9.179957014475878,56.0,108.0,82.0,26.0,676.0,0,0,0
53,0.09380292892456055,1,1,92,224,92.0,92.0,224.0,224.0,3368.7647456524282,21.321295858559672,0.09380292892456055,0.0,0.09380292892456055,0.09380292892456055,0.0,0.0,0.0,0.0,10.660647929279836,10.660647929279836,92.0,224.0,158.0,66.0,4356.0,0,0,0
53,0.10037398338317871,1,1,92,215,92.0,92.0,215.0,215.0,3058.561488269568,19.925482008270805,0.10037398338317871,0.0,0.10037398338317871,0.10037398338317871,0.0,0.0,0.0,0.0,9.962741004135403,9.962741004135403,92.0,215.0,153.5,61.5,3782.25,0,0,0
5353,1.9120380878448486,6,0,709,0,135.0,118.16666666666667,0.0,0.0,370.80851291992224,3.1380128032715566,0.38240761756896974,0.40339598010524275,1.012681007385254,0.0,0.38240761756896974,0.40339598010524275,0.0,0.0,3.1380128032715566,0.0,82.0,135.0,118.16666666666667,19.95341797509612,398.13888888888886,0,0,0
5353,2.2542591094970703,5,0,563,0,119.0,112.6,0.0,0.0,249.7494620862845,2.2180236419741073,0.5635647773742676,0.48699088198898804,1.2289080619812012,0.0,0.5635647773742676,0.48699088198898804,0.0,0.0,2.2180236419741073,0.0,103.0,119.0,112.6,7.8383671769061705,61.44000000000001,0,0,0
27020,2.2508151531219482,4,4,432,254,108.0,108.0,66.0,63.5,304.7784706125234,3.5542678788632465,0.321545021874564,0.31466037604816505,0.8933568000793457,0.0,0.6100646654764811,0.20277871994160893,0.0,0.0,1.7771339394316232,1.7771339394316232,56.0,108.0,85.75,22.459686106444142,504.4375,0,0,0
53,0.05148720741271973,1,1,74,255,74.0,74.0,255.0,255.0,6389.936773279371,38.8446004454673,0.05148720741271973,0.0,0.05148720741271973,0.05148720741271973,0.0,0.0,0.0,0.0,19.42230022273365,19.42230022273365,74.0,255.0,164.5,90.5,8190.25,0,0,0
53,0.07929301261901855,1,1,74,279,74.0,74.0,279.0,279.0,4451.842455476743,25.222903430463138,0.07929301261901855,0.0,0.07929301261901855,0.07929301261901855,0.0,0.0,0.0,0.0,12.611451715231569,12.611451715231569,74.0,279.0,176.5,102.5,10506.25,0,0,0
5353,0.0,1,0,119,0,119.0,119.0,0.0,0.0,0.0,0.0,0.0,0.0,0.0,0.0,0.0,0.0,0.0,0.0,0.0,0.0,119.0,119.0,119.0,0.0,0.0,0,0,0
27020,0.3317229747772217,1,1,108,56,108.0,108.0,56.0,56.0,494.38842790475707,6.029127169570208,0.3317229747772217,0.0,0.3317229747772217,0.3317229747772217,0.0,0.0,0.0,0.0,3.014563584785104,3.014563584785104,56.0,108.0,82.0,26.0,676.0,0,0,0
5353,0.0,1,0,119,0,119.0,119.0,0.0,0.0,0.0,0.0,0.0,0.0,0.0,0.0,0.0,0.0,0.0,0.0,0.0,0.0,119.0,119.0,119.0,0.0,0.0,0,0,0
53,5.440347909927368,3,3,253,912,94.0,84.33333333333333,455.0,304.0,214.14071660272796,1.102870643447526,1.0880695819854735,1.20828799253729,3.182614803314209,0.05344200134277344,2.5073390007019043,0.750816822052002,2.6824034452438354,0.553653359413147,0.551435321723763,0.551435321723763,74.0,455.0,194.16666666666666,139.47689972018864,19453.80555555556,0,0,0
53,2.182481050491333,2,2,159,610,85.0,79.5,359.0,305.0,352.35128379551253,1.832776508689272,0.727493683497111,0.7184276264080593,1.7185578346252441,0.03818011283874512,1.7567379474639893,0.0,2.144300937652588,0.0,0.916388254344636,0.916388254344636,74.0,359.0,192.25,119.10368382212198,14185.6875,0,0,0
53,3.262803077697754,3,1,276,212,92.0,92.0,212.0,212.0,149.5646498973927,1.2259397532573173,1.0876010258992512,0.7733359334851835,2.00399112701416,0.11244893074035645,1.5751770734786987,0.4288140535354614,0.0,0.0,0.919454814942988,0.3064849383143293,92.0,212.0,122.0,51.96152422706632,2700.0,0,0,0
53,3.2621028423309326,3,1,276,224,92.0,92.0,224.0,224.0,153.2753638271948,1.2262029106175585,1.0873676141103108,0.7815275771596187,2.005176067352295,0.09517288208007812,1.5834649801254272,0.4217110872268677,0.0,0.0,0.9196521829631689,0.3065507276543896,92.0,224.0,125.0,57.15767664977295,3267.0,0,0,0
27020,0.2996549606323242,1,1,108,56,108.0,108.0,56.0,56.0,547.2961290343113,6.674343037003797,0.2996549606323242,0.0,0.2996549606323242,0.2996549606323242,0.0,0.0,0.0,0.0,3.3371715185018984,3.3371715185018984,56.0,108.0,82.0,26.0,676.0,0,0,0
5353,0.0,1,0,119,0,119.0,119.0,0.0,0.0,0.0,0.0,0.0,0.0,0.0,0.0,0.0,0.0,0.0,0.0,0.0,0.0,119.0,119.0,119.0,0.0,0.0,0,0,0
53,0.10368585586547852,1,1,74,255,74.0,74.0,255.0,255.0,3173.0460944146794,19.289034008599877,0.10368585586547852,0.0,0.10368585586547852,0.10368585586547852,0.0,0.0,0.0,0.0,9.644517004299939,9.644517004299939,74.0,255.0,164.5,90.5,8190.25,0,0,0
53,0.10304498672485352,1,1,74,472,74.0,74.0,472.0,472.0,5298.656609640862,19.40899857011305,0.10304498672485352,0.0,0.10304498672485352,0.10304498672485352,0.0,0.0,0.0,0.0,9.704499285056524,9.704499285056524,74.0,472.0,273.0,199.0,39601.0,0,0,0
5353,0.0,1,0,119,0,119.0,119.0,0.0,0.0,0.0,0.0,0.0,0.0,0.0,0.0,0.0,0.0,0.0,0.0,0.0,0.0,119.0,119.0,119.0,0.0,0.0,0,0,0
27020,0.6591129302978516,2,1,216,66,108.0,108.0,66.0,66.0,427.8477739354391,4.551572063142968,0.3295564651489258,0.16513848304748535,0.49469494819641113,0.16441798210144043,0.49469494819641113,0.0,0.0,0.0,3.0343813754286457,1.5171906877143229,66.0,108.0,94.0,19.79898987322333,392.0,0,0,0
53,0.1104888916015625,1,1,83,144,83.0,83.0,144.0,144.0,2054.5051788427013,18.10136721447314,0.1104888916015625,0.0,0.1104888916015625,0.1104888916015625,0.0,0.0,0.0,0.0,9.05068360723657,9.05068360723657,83.0,144.0,113.5,30.5,930.25,0,0,0
53,2.9585800170898438,2,2,177,290,94.0,88.5,158.0,145.0,157.8459927743839,1.3519999381103545,0.9861933390299479,1.2575864696579577,2.7646780014038086,0.09149003028869629,2.8670899868011475,0.0,2.856168031692505,0.0,0.6759999690551772,0.6759999690551772,83.0,158.0,116.75,29.961433543807612,897.6875,0,0,0
5353,0.0,1,0,119,0,119.0,119.0,0.0,0.0,0.0,0.0,0.0,0.0,0.0,0.0,0.0,0.0,0.0,0.0,0.0,0.0,119.0,119.0,119.0,0.0,0.0,0,0,0
27020,0.11560487747192383,1,1,108,56,108.0,108.0,56.0,56.0,1418.6252655285202,17.300308116201467,0.11560487747192383,0.0,0.11560487747192383,0.11560487747192383,0.0,0.0,0.0,0.0,8.650154058100734,8.650154058100734,56.0,108.0,82.0,26.0,676.0,0,0,0
443,0.2848241329193115,6,4,348,242,78.0,58.0,78.0,60.5,2071.4536860089115,35.10938450862562,0.0316471258799235,0.06767614562008428,0.21567201614379883,0.0,0.0569648265838623,0.08254923985353368,0.0745699405670166,0.09988918206487578,21.06563070517537,14.043753803450247,54.0,78.0,59.0,9.518403227432634,90.6,3,0,3
53,0.0897059440612793,1,1,87,315,87.0,87.0,315.0,315.0,4481.308392734695,22.29506663052087,0.0897059440612793,0.0,0.0897059440612793,0.0897059440612793,0.0,0.0,0.0,0.0,11.147533315260436,11.147533315260436,87.0,315.0,201.0,114.0,12996.0,0,0,0
443,0.2539801597595215,6,7,1328,2986,866.0,221.33333333333334,1334.0,426.57142857142856,16985.57873215241,51.18510049095534,0.021165013313293457,0.03347801438391257,0.08598995208740234,0.0,0.0507960319519043,0.04095414293166993,0.02937483787536621,0.036841687567720376,23.623892534287084,27.561207956668262,54.0,1334.0,331.84615384615387,393.04038668072036,154480.74556213018,0,2,0
443,3.2341580390930176,1,1,66,66,66.0,66.0,66.0,66.0,40.81433201607485,0.618398969940528,3.2341580390930176,0.0,3.2341580390930176,3.2341580390930176,0.0,0.0,0.0,0.0,0.309199484970264,0.309199484970264,66.0,66.0,66.0,0.0,0.0,0,2,0
5353,0.0,1,0,119,0,119.0,119.0,0.0,0.0,0.0,0.0,0.0,0.0,0.0,0.0,0.0,0.0,0.0,0.0,0.0,0.0,119.0,119.0,119.0,0.0,0.0,0,0,0
5353,2.050445079803467,2,0,174,0,87.0,87.0,0.0,0.0,84.8596247292211,0.975397985393346,2.050445079803467,0.0,2.050445079803467,2.050445079803467,2.050445079803467,0.0,0.0,0.0,0.975397985393346,0.0,87.0,87.0,87.0,0.0,0.0,0,0,0
1900,2.0472512245178223,2,0,334,0,167.0,167.0,0.0,0.0,163.14558565164134,0.9769196745607266,2.0472512245178223,0.0,2.0472512245178223,2.0472512245178223,2.0472512245178223,0.0,0.0,0.0,0.9769196745607266,0.0,167.0,167.0,167.0,0.0,0.0,0,0,0
5353,0.0,1,0,119,0,119.0,119.0,0.0,0.0,0.0,0.0,0.0,0.0,0.0,0.0,0.0,0.0,0.0,0.0,0.0,0.0,119.0,119.0,119.0,0.0,0.0,0,0,0
27020,0.09880995750427246,1,1,108,56,108.0,108.0,56.0,56.0,1659.7517511624146,20.24087501417579,0.09880995750427246,0.0,0.09880995750427246,0.09880995750427246,0.0,0.0,0.0,0.0,10.120437507087894,10.120437507087894,56.0,108.0,82.0,26.0,676.0,0,0,0
53,0.06137514114379883,1,1,94,158,94.0,94.0,158.0,158.0,4105.896871333898,32.586483105824584,0.06137514114379883,0.0,0.06137514114379883,0.06137514114379883,0.0,0.0,0.0,0.0,16.293241552912292,16.293241552912292,94.0,158.0,126.0,32.0,1024.0,0,0,0
5353,0.0,1,0,119,0,119.0,119.0,0.0,0.0,0.0,0.0,0.0,0.0,0.0,0.0,0.0,0.0,0.0,0.0,0.0,0.0,119.0,119.0,119.0,0.0,0.0,0,0,0
27020,0.18099594116210938,1,1,108,56,108.0,108.0,56.0,56.0,906.0976668704028,11.049971547200034,0.18099594116210938,0.0,0.18099594116210938,0.18099594116210938,0.0,0.0,0.0,0.0,5.524985773600017,5.524985773600017,56.0,108.0,82.0,26.0,676.0,0,0,0
5353,0.0,1,0,119,0,119.0,119.0,0.0,0.0,0.0,0.0,0.0,0.0,0.0,0.0,0.0,0.0,0.0,0.0,0.0,0.0,119.0,119.0,119.0,0.0,0.0,0,0,0
27020,0.09822511672973633,1,1,108,56,108.0,108.0,56.0,56.0,1669.6340555261586,20.361390921050717,0.09822511672973633,0.0,0.09822511672973633,0.09822511672973633,0.0,0.0,0.0,0.0,10.180695460525358,10.180695460525358,56.0,108.0,82.0,26.0,676.0,0,0,0
53,0.5529799461364746,1,1,77,183,77.0,77.0,183.0,183.0,470.1797991347635,3.6167676856520274,0.5529799461364746,0.0,0.5529799461364746,0.5529799461364746,0.0,0.0,0.0,0.0,1.8083838428260137,1.8083838428260137,77.0,183.0,130.0,53.0,2809.0,0,0,0
53,0.552962064743042,1,1,77,207,77.0,77.0,207.0,207.0,513.5976192724414,3.6168846427636723,0.552962064743042,0.0,0.552962064743042,0.552962064743042,0.0,0.0,0.0,0.0,1.8084423213818361,1.8084423213818361,77.0,207.0,142.0,65.0,4225.0,0,0,0
53,0.8665509223937988,2,2,180,466,91.0,90.0,240.0,233.0,745.4841756044306,4.616001087333935,0.2888503074645996,0.20802443117278946,0.559257984161377,0.053292036056518555,0.6125500202178955,0.0,0.8132588863372803,0.0,2.3080005436669677,2.3080005436669677,89.0,240.0,161.5,71.67461196267476,5137.25,0,0,0
53,2.0422189235687256,3,3,269,700,91.0,89.66666666666667,238.0,233.33333333333334,474.48390024057613,2.937980806443196,0.4084437847137451,0.5092129922553295,1.3452749252319336,0.03880596160888672,0.9982564449310303,0.38582444190979004,0.9953420162200928,0.39563894271850586,1.468990403221598,1.468990403221598,89.0,238.0,161.5,71.93225980045392,5174.25,0,0,0
53,0.03485703468322754,1,1,89,238,89.0,89.0,238.0,238.0,9381.176654058454,57.37722724194773,0.03485703468322754,0.0,0.03485703468322754,0.03485703468322754,0.0,0.0,0.0,0.0,28.688613620973864,28.688613620973864,89.0,238.0,163.5,74.5,5550.25,0,0,0
5353,0.0,1,0,119,0,119.0,119.0,0.0,0.0,0.0,0.0,0.0,0.0,0.0,0.0,0.0,0.0,0.0,0.0,0.0,0.0,119.0,119.0,119.0,0.0,0.0,0,0,0
443,5.783265829086304,50,124,54769,433706,6494.0,1095.38,38454.0,3497.6290322580644,84463.52189852114,30.086806510758336,0.033429282249053775,0.08969310468925856,0.35254812240600586,0.0,0.11802583324665926,0.16105080505998615,0.04418643121796895,0.1044860242752829,8.645634054815613,21.44117245594272,54.0,38454.0,2807.3275862068967,5814.43515818856,33807656.20877923,2,2,1
53,0.03773307800292969,1,1,89,229,89.0,89.0,229.0,229.0,8427.618864681797,53.00389223070313,0.03773307800292969,0.0,0.03773307800292969,0.03773307800292969,0.0,0.0,0.0,0.0,26.501946115351565,26.501946115351565,89.0,229.0,159.0,70.0,4900.0,0,0,0
53,0.05675482749938965,1,1,89,250,89.0,89.0,250.0,250.0,5973.060177191899,35.23929308077817,0.05675482749938965,0.0,0.05675482749938965,0.05675482749938965,0.0,0.0,0.0,0.0,17.619646540389084,17.619646540389084,89.0,250.0,169.5,80.5,6480.25,0,0,0
53,0.03377079963684082,1,1,94,158,94.0,94.0,158.0,158.0,7462.067902149741,59.22276112817254,0.03377079963684082,0.0,0.03377079963684082,0.03377079963684082,0.0,0.0,0.0,0.0,29.61138056408627,29.61138056408627,94.0,158.0,126.0,32.0,1024.0,0,0,0
5353,0.0,1,0,119,0,119.0,119.0,0.0,0.0,0.0,0.0,0.0,0.0,0.0,0.0,0.0,0.0,0.0,0.0,0.0,0.0,119.0,119.0,119.0,0.0,0.0,0,0,0
27020,0.10432195663452148,1,1,108,56,108.0,108.0,56.0,56.0,1572.056403951019,19.171419560378283,0.10432195663452148,0.0,0.10432195663452148,0.10432195663452148,0.0,0.0,0.0,0.0,9.585709780189141,9.585709780189141,56.0,108.0,82.0,26.0,676.0,0,0,0
27020,0.4825410842895508,2,2,170,315,116.0,85.0,259.0,157.5,1005.0957644654641,8.289449603838879,0.16084702809651694,0.1311271362512237,0.34375596046447754,0.04294013977050781,0.4825410842895508,0.0,0.34375596046447754,0.0,4.144724801919439,4.144724801919439,54.0,259.0,121.25,83.34079133293612,6945.6875,0,0,0
53,0.054136037826538086,1,1,74,270,74.0,74.0,270.0,270.0,6354.3623399673215,36.94396709283327,0.054136037826538086,0.0,0.054136037826538086,0.054136037826538086,0.0,0.0,0.0,0.0,18.471983546416634,18.471983546416634,74.0,270.0,172.0,98.0,9604.0,0,0,0
53,0.054136037826538086,1,1,74,246,74.0,74.0,246.0,246.0,5911.034734853322,36.94396709283327,0.054136037826538086,0.0,0.054136037826538086,0.054136037826538086,0.0,0.0,0.0,0.0,18.471983546416634,18.471983546416634,74.0,246.0,160.0,86.0,7396.0,0,0,0
53,0.045619964599609375,1,1,74,99,74.0,74.0,99.0,99.0,3792.1993477715528,43.8404548875324,0.045619964599609375,0.0,0.045619964599609375,0.045619964599609375,0.0,0.0,0.0,0.0,21.9202274437662,21.9202274437662,74.0,99.0,86.5,12.5,156.25,0,0,0
53,0.05455493927001953,1,1,74,298,74.0,74.0,298.0,298.0,6818.814299449349,36.66029193252338,0.05455493927001953,0.0,0.05455493927001953,0.05455493927001953,0.0,0.0,0.0,0.0,18.33014596626169,18.33014596626169,74.0,298.0,186.0,112.0,12544.0,0,0,0
53,0.04490208625793457,1,1,74,202,74.0,74.0,202.0,202.0,6146.707714526929,44.54136025019513,0.04490208625793457,0.0,0.04490208625793457,0.04490208625793457,0.0,0.0,0.0,0.0,22.270680125097567,22.270680125097567,74.0,202.0,138.0,64.0,4096.0,0,0,0
53,0.018507003784179688,1,1,71,132,71.0,71.0,132.0,132.0,10968.820364835618,108.06719571266619,0.018507003784179688,0.0,0.018507003784179688,0.018507003784179688,0.0,0.0,0.0,0.0,54.033597856333095,54.033597856333095,71.0,132.0,101.5,30.5,930.25,0,0,0
53,0.42429494857788086,1,1,71,103,71.0,71.0,103.0,103.0,410.09208472360984,4.713702123259884,0.42429494857788086,0.0,0.42429494857788086,0.42429494857788086,0.0,0.0,0.0,0.0,2.356851061629942,2.356851061629942,71.0,103.0,87.0,16.0,256.0,0,0,0
53,0.42622900009155273,1,1,71,99,71.0,71.0,99.0,99.0,398.84662930838704,4.692313285981024,0.42622900009155273,0.0,0.42622900009155273,0.42622900009155273,0.0,0.0,0.0,0.0,2.346156642990512,2.346156642990512,71.0,99.0,85.0,14.0,196.0,0,0,0
53,0.02367711067199707,1,1,79,129,79.0,79.0,129.0,129.0,8784.855672698346,84.46976608363794,0.02367711067199707,0.0,0.02367711067199707,0.02367711067199707,0.0,0.0,0.0,0.0,42.23488304181897,42.23488304181897,79.0,129.0,104.0,25.0,625.0,0,0,0
53,0.03975391387939453,1,1,79,95,79.0,79.0,95.0,95.0,4376.927527887729,50.30951181480149,0.03975391387939453,0.0,0.03975391387939453,0.03975391387939453,0.0,0.0,0.0,0.0,25.154755907400745,25.154755907400745,79.0,95.0,87.0,8.0,64.0,0,0,0
53,0.04935789108276367,1,1,79,107,79.0,79.0,107.0,107.0,3768.3943928664585,40.52036981576837,0.04935789108276367,0.0,0.04935789108276367,0.04935789108276367,0.0,0.0,0.0,0.0,20.260184907884184,20.260184907884184,79.0,107.0,93.0,14.0,196.0,0,0,0
53,0.03129887580871582,1,1,88,138,88.0,88.0,138.0,138.0,7220.706627969866,63.90005865460058,0.03129887580871582,0.0,0.03129887580871582,0.03129887580871582,0.0,0.0,0.0,0.0,31.95002932730029,31.95002932730029,88.0,138.0,113.0,25.0,625.0,0,0,0
53,0.03628396987915039,1,1,88,104,88.0,88.0,104.0,104.0,5291.592971758243,55.1207601224817,0.03628396987915039,0.0,0.03628396987915039,0.03628396987915039,0.0,0.0,0.0,0.0,27.56038006124085,27.56038006124085,88.0,104.0,96.0,8.0,64.0,0,0,0
53,0.03625202178955078,1,1,88,116,88.0,88.0,116.0,116.0,5627.272354194618,55.16933680582959,0.03625202178955078,0.0,0.03625202178955078,0.03625202178955078,0.0,0.0,0.0,0.0,27.584668402914794,27.584668402914794,88.0,116.0,102.0,14.0,196.0,0,0,0
53,0.021414995193481445,1,1,75,90,75.0,75.0,90.0,90.0,7704.881486512063,93.39250286681289,0.021414995193481445,0.0,0.021414995193481445,0.021414995193481445,0.0,0.0,0.0,0.0,46.696251433406445,46.696251433406445,75.0,90.0,82.5,7.5,56.25,0,0,0
53,0.026304006576538086,1,1,75,203,75.0,75.0,203.0,203.0,10568.732150788112,76.03404425027418,0.026304006576538086,0.0,0.026304006576538086,0.026304006576538086,0.0,0.0,0.0,0.0,38.01702212513709,38.01702212513709,75.0,203.0,139.0,64.0,4096.0,0,0,0
53,0.02629399299621582,1,1,75,299,75.0,75.0,299.0,299.0,14223.781076302308,76.06300040803373,0.02629399299621582,0.0,0.02629399299621582,0.02629399299621582,0.0,0.0,0.0,0.0,38.031500204016865,38.031500204016865,75.0,299.0,187.0,112.0,12544.0,0,0,0
53,0.07465505599975586,1,1,71,128,71.0,71.0,128.0,128.0,2665.5930711598526,26.789880112159324,0.07465505599975586,0.0,0.07465505599975586,0.07465505599975586,0.0,0.0,0.0,0.0,13.394940056079662,13.394940056079662,71.0,128.0,99.5,28.5,812.25,0,0,0
53,0.07219195365905762,1,1,71,183,71.0,71.0,183.0,183.0,3518.3976485741177,27.70391849270959,0.07219195365905762,0.0,0.07219195365905762,0.07219195365905762,0.0,0.0,0.0,0.0,13.851959246354795,13.851959246354795,71.0,183.0,127.0,56.0,3136.0,0,0,0
53,0.07199597358703613,1,1,71,263,71.0,71.0,263.0,263.0,4639.148321207525,27.77933126471572,0.07199597358703613,0.0,0.07199597358703613,0.07199597358703613,0.0,0.0,0.0,0.0,13.88966563235786,13.88966563235786,71.0,263.0,167.0,96.0,9216.0,0,0,0
53,0.060179948806762695,1,1,95,152,95.0,95.0,152.0,152.0,4104.35709729689,33.233660706857414,0.060179948806762695,0.0,0.060179948806762695,0.060179948806762695,0.0,0.0,0.0,0.0,16.616830353428707,16.616830353428707,95.0,152.0,123.5,28.5,812.25,0,0,0
53,0.05955100059509277,1,1,95,319,95.0,95.0,319.0,319.0,6952.024245821239,33.58465819237313,0.05955100059509277,0.0,0.05955100059509277,0.05955100059509277,0.0,0.0,0.0,0.0,16.792329096186567,16.792329096186567,95.0,319.0,207.0,112.0,12544.0,0,0,0
53,0.054624080657958984,1,1,95,223,95.0,95.0,223.0,223.0,5821.608275500851,36.61388852516259,0.054624080657958984,0.0,0.054624080657958984,0.054624080657958984,0.0,0.0,0.0,0.0,18.306944262581293,18.306944262581293,95.0,223.0,159.0,64.0,4096.0,0,0,0
53,0.045506954193115234,1,1,75,125,75.0,75.0,125.0,125.0,4394.932676690942,43.949326766909415,0.045506954193115234,0.0,0.045506954193115234,0.045506954193115234,0.0,0.0,0.0,0.0,21.974663383454708,21.974663383454708,75.0,125.0,100.0,25.0,625.0,0,0,0
53,0.04520606994628906,1,1,75,171,75.0,75.0,171.0,171.0,5441.747099278511,44.24184633559766,0.04520606994628906,0.0,0.04520606994628906,0.04520606994628906,0.0,0.0,0.0,0.0,22.12092316779883,22.12092316779883,75.0,171.0,123.0,48.0,2304.0,0,0,0
53,0.04393506050109863,1,1,75,187,75.0,75.0,187.0,187.0,5963.346744303412,45.521730872545135,0.04393506050109863,0.0,0.04393506050109863,0.04393506050109863,0.0,0.0,0.0,0.0,22.760865436272567,22.760865436272567,75.0,187.0,131.0,56.0,3136.0,0,0,0
53,0.03779006004333496,1,1,77,102,77.0,77.0,102.0,102.0,4736.695305451632,52.92396989331432,0.03779006004333496,0.0,0.03779006004333496,0.03779006004333496,0.0,0.0,0.0,0.0,26.46198494665716,26.46198494665716,77.0,102.0,89.5,12.5,156.25,0,0,0
53,0.032557010650634766,1,1,77,93,77.0,77.0,93.0,93.0,5221.609619637653,61.43070140750179,0.032557010650634766,0.0,0.032557010650634766,0.032557010650634766,0.0,0.0,0.0,0.0,30.715350703750897,30.715350703750897,77.0,93.0,85.0,8.0,64.0,0,0,0
53,0.032258033752441406,1,1,77,105,77.0,77.0,105.0,105.0,5642.0053806356245,62.000059127864006,0.032258033752441406,0.0,0.032258033752441406,0.032258033752441406,0.0,0.0,0.0,0.0,31.000029563932003,31.000029563932003,77.0,105.0,91.0,14.0,196.0,0,0,0
53,0.03811311721801758,1,1,87,112,87.0,87.0,112.0,112.0,5221.299503309187,52.47537189255464,0.03811311721801758,0.0,0.03811311721801758,0.03811311721801758,0.0,0.0,0.0,0.0,26.23768594627732,26.23768594627732,87.0,112.0,99.5,12.5,156.25,0,0,0
53,0.03539395332336426,1,1,87,103,87.0,87.0,103.0,103.0,5368.1485722754005,56.506827076583164,0.03539395332336426,0.0,0.03539395332336426,0.03539395332336426,0.0,0.0,0.0,0.0,28.253413538291582,28.253413538291582,87.0,103.0,95.0,8.0,64.0,0,0,0
53,0.04437112808227539,1,1,87,199,87.0,87.0,199.0,199.0,6445.63283290168,45.07435547483692,0.04437112808227539,0.0,0.04437112808227539,0.04437112808227539,0.0,0.0,0.0,0.0,22.53717773741846,22.53717773741846,87.0,199.0,143.0,56.0,3136.0,0,0,0
53,0.02719402313232422,1,1,74,99,74.0,74.0,99.0,99.0,6361.692021742942,73.54557250569876,0.02719402313232422,0.0,0.02719402313232422,0.02719402313232422,0.0,0.0,0.0,0.0,36.77278625284938,36.77278625284938,74.0,99.0,86.5,12.5,156.25,0,0,0
53,0.04044389724731445,1,1,76,101,76.0,76.0,101.0,101.0,4376.432837756582,49.451218505724086,0.04044389724731445,0.0,0.04044389724731445,0.04044389724731445,0.0,0.0,0.0,0.0,24.725609252862043,24.725609252862043,76.0,101.0,88.5,12.5,156.25,0,0,0
53,0.003973960876464844,1,1,74,298,74.0,74.0,298.0,298.0,93609.37652987761,503.2762179025678,0.003973960876464844,0.0,0.003973960876464844,0.003973960876464844,0.0,0.0,0.0,0.0,251.6381089512839,251.6381089512839,74.0,298.0,186.0,112.0,12544.0,0,0,0
53,0.0051958560943603516,1,1,74,202,74.0,74.0,202.0,202.0,53119.25407240857,384.9221309594824,0.0051958560943603516,0.0,0.0051958560943603516,0.0051958560943603516,0.0,0.0,0.0,0.0,192.4610654797412,192.4610654797412,74.0,202.0,138.0,64.0,4096.0,0,0,0
53,0.03812289237976074,1,1,76,104,76.0,76.0,104.0,104.0,4721.572492635976,52.46191658484418,0.03812289237976074,0.0,0.03812289237976074,0.03812289237976074,0.0,0.0,0.0,0.0,26.23095829242209,26.23095829242209,76.0,104.0,90.0,14.0,196.0,0,0,0
53,0.025297880172729492,1,1,76,92,76.0,76.0,92.0,92.0,6640.8726285730445,79.05800748301243,0.025297880172729492,0.0,0.025297880172729492,0.025297880172729492,0.0,0.0,0.0,0.0,39.529003741506216,39.529003741506216,76.0,92.0,84.0,8.0,64.0,0,0,0
53,0.04318809509277344,1,1,75,132,75.0,75.0,132.0,132.0,4792.987501656141,46.309057987015855,0.04318809509277344,0.0,0.04318809509277344,0.04318809509277344,0.0,0.0,0.0,0.0,23.154528993507927,23.154528993507927,75.0,132.0,103.5,28.5,812.25,0,0,0
53,0.05258512496948242,1,1,75,103,75.0,75.0,103.0,103.0,3384.9876767108876,38.033569401245934,0.05258512496948242,0.0,0.05258512496948242,0.05258512496948242,0.0,0.0,0.0,0.0,19.016784700622967,19.016784700622967,75.0,103.0,89.0,14.0,196.0,0,0,0
53,0.05376601219177246,1,1,75,91,75.0,75.0,91.0,91.0,3087.4523371365476,37.198220929356,0.05376601219177246,0.0,0.05376601219177246,0.05376601219177246,0.0,0.0,0.0,0.0,18.599110464678,18.599110464678,75.0,91.0,83.0,8.0,64.0,0,0,0
53,0.02605295181274414,1,1,73,130,73.0,73.0,130.0,130.0,7791.823416366199,76.76673316616944,0.02605295181274414,0.0,0.02605295181274414,0.02605295181274414,0.0,0.0,0.0,0.0,38.38336658308472,38.38336658308472,73.0,130.0,101.5,28.5,812.25,0,0,0
53,0.027940034866333008,1,1,73,265,73.0,73.0,265.0,265.0,12097.336371161116,71.58187201870483,0.027940034866333008,0.0,0.027940034866333008,0.027940034866333008,0.0,0.0,0.0,0.0,35.790936009352414,35.790936009352414,73.0,265.0,169.0,96.0,9216.0,0,0,0
53,0.027898073196411133,1,1,73,185,73.0,73.0,185.0,185.0,9247.95050122636,71.68953876919659,0.027898073196411133,0.0,0.027898073196411133,0.027898073196411133,0.0,0.0,0.0,0.0,35.844769384598294,35.844769384598294,73.0,185.0,129.0,56.0,3136.0,0,0,0
53,0.05755496025085449,1,1,80,158,80.0,80.0,158.0,158.0,4135.177905825528,34.74939416660108,0.05755496025085449,0.0,0.05755496025085449,0.05755496025085449,0.0,0.0,0.0,0.0,17.37469708330054,17.37469708330054,80.0,158.0,119.0,39.0,1521.0,0,0,0
53,0.05644083023071289,1,1,80,220,80.0,80.0,220.0,220.0,5315.3009757952095,35.43533983863473,0.05644083023071289,0.0,0.05644083023071289,0.05644083023071289,0.0,0.0,0.0,0.0,17.717669919317366,17.717669919317366,80.0,220.0,150.0,70.0,4900.0,0,0,0
53,0.05959320068359375,1,1,80,204,80.0,80.0,204.0,204.0,4765.644347714761,33.56087568813212,0.05959320068359375,0.0,0.05959320068359375,0.05959320068359375,0.0,0.0,0.0,0.0,16.78043784406606,16.78043784406606,80.0,204.0,142.0,62.0,3844.0,0,0,0
53,0.05589795112609863,1,1,82,142,82.0,82.0,142.0,142.0,4007.302512657121,35.77948672015287,0.05589795112609863,0.0,0.05589795112609863,0.05589795112609863,0.0,0.0,0.0,0.0,17.889743360076434,17.889743360076434,82.0,142.0,112.0,30.0,900.0,0,0,0
53,0.05404496192932129,1,1,82,98,82.0,82.0,98.0,98.0,3330.5602145746666,37.00622460638518,0.05404496192932129,0.0,0.05404496192932129,0.05404496192932129,0.0,0.0,0.0,0.0,18.50311230319259,18.50311230319259,82.0,98.0,90.0,8.0,64.0,0,0,0
53,0.054112911224365234,1,1,82,110,82.0,82.0,110.0,110.0,3548.1365843342173,36.959756086814764,0.054112911224365234,0.0,0.054112911224365234,0.054112911224365234,0.0,0.0,0.0,0.0,18.479878043407382,18.479878043407382,82.0,110.0,96.0,14.0,196.0,0,0,0
53,0.13196086883544922,1,1,95,184,95.0,95.0,184.0,184.0,2114.263133170968,15.156008123089375,0.13196086883544922,0.0,0.13196086883544922,0.13196086883544922,0.0,0.0,0.0,0.0,7.5780040615446875,7.5780040615446875,95.0,184.0,139.5,44.5,1980.25,0,0,0
53,0.13634395599365234,1,1,95,143,95.0,95.0,143.0,143.0,1745.5852609343415,14.6687837053306,0.13634395599365234,0.0,0.13634395599365234,0.13634395599365234,0.0,0.0,0.0,0.0,7.3343918526653,7.3343918526653,95.0,143.0,119.0,24.0,576.0,0,0,0
53,0.14705920219421387,1,1,95,155,95.0,95.0,155.0,155.0,1699.995622646159,13.599964981169272,0.14705920219421387,0.0,0.14705920219421387,0.14705920219421387,0.0,0.0,0.0,0.0,6.799982490584636,6.799982490584636,95.0,155.0,125.0,30.0,900.0,0,0,0
53,0.01982593536376953,1,1,94,182,94.0,94.0,182.0,182.0,13921.159074510559,100.87796430804752,0.01982593536376953,0.0,0.01982593536376953,0.01982593536376953,0.0,0.0,0.0,0.0,50.43898215402376,50.43898215402376,94.0,182.0,138.0,44.0,1936.0,0,0,0
53,0.02199411392211914,1,1,94,141,94.0,94.0,141.0,141.0,10684.676856368564,90.93342005420054,0.02199411392211914,0.0,0.02199411392211914,0.02199411392211914,0.0,0.0,0.0,0.0,45.46671002710027,45.46671002710027,94.0,141.0,117.5,23.5,552.25,0,0,0
53,0.026525020599365234,1,1,94,153,94.0,94.0,153.0,153.0,9311.962608086002,75.40050694806479,0.026525020599365234,0.0,0.026525020599365234,0.026525020599365234,0.0,0.0,0.0,0.0,37.700253474032394,37.700253474032394,94.0,153.0,123.5,29.5,870.25,0,0,0
53,0.03780698776245117,1,1,72,254,72.0,72.0,254.0,254.0,8622.744611348644,52.90027368925549,0.03780698776245117,0.0,0.03780698776245117,0.03780698776245117,0.0,0.0,0.0,0.0,26.450136844627746,26.450136844627746,72.0,254.0,163.0,91.0,8281.0,0,0,0
53,0.03738689422607422,1,1,72,333,72.0,72.0,333.0,333.0,10832.673009718645,53.49468152947478,0.03738689422607422,0.0,0.03738689422607422,0.03738689422607422,0.0,0.0,0.0,0.0,26.74734076473739,26.74734076473739,72.0,333.0,202.5,130.5,17030.25,0,0,0
53,0.044798851013183594,1,1,72,257,72.0,72.0,257.0,257.0,7343.938350186269,44.64400212879191,0.044798851013183594,0.0,0.044798851013183594,0.044798851013183594,0.0,0.0,0.0,0.0,22.322001064395955,22.322001064395955,72.0,257.0,164.5,92.5,8556.25,0,0,0
53,0.025656938552856445,1,1,88,242,88.0,88.0,242.0,242.0,12862.017785955228,77.9516229451832,0.025656938552856445,0.0,0.025656938552856445,0.025656938552856445,0.0,0.0,0.0,0.0,38.9758114725916,38.9758114725916,88.0,242.0,165.0,77.0,5929.0,0,0,0
53,0.02536606788635254,1,1,88,237,88.0,88.0,237.0,237.0,12812.391792693128,78.84548795503464,0.02536606788635254,0.0,0.02536606788635254,0.02536606788635254,0.0,0.0,0.0,0.0,39.42274397751732,39.42274397751732,88.0,237.0,162.5,74.5,5550.25,0,0,0
53,0.02518606185913086,1,1,88,197,88.0,88.0,197.0,197.0,11315.782578238892,79.40900054904485,0.02518606185913086,0.0,0.02518606185913086,0.02518606185913086,0.0,0.0,0.0,0.0,39.704500274522424,39.704500274522424,88.0,197.0,142.5,54.5,2970.25,0,0,0
53,0.04033303260803223,1,1,71,120,71.0,71.0,120.0,120.0,4735.572498507409,49.58714658122942,0.04033303260803223,0.0,0.04033303260803223,0.04033303260803223,0.0,0.0,0.0,0.0,24.79357329061471,24.79357329061471,71.0,120.0,95.5,24.5,600.25,0,0,0
53,0.039381980895996094,1,1,71,151,71.0,71.0,151.0,151.0,5637.09582273883,50.78464705170117,0.039381980895996094,0.0,0.039381980895996094,0.039381980895996094,0.0,0.0,0.0,0.0,25.392323525850585,25.392323525850585,71.0,151.0,111.0,40.0,1600.0,0,0,0
53,0.05079507827758789,1,1,71,211,71.0,71.0,211.0,211.0,5551.7189767660175,39.373893452241255,0.05079507827758789,0.0,0.05079507827758789,0.05079507827758789,0.0,0.0,0.0,0.0,19.686946726120627,19.686946726120627,71.0,211.0,141.0,70.0,4900.0,0,0,0
53,4.598947048187256,6,6,584,1228,133.0,97.33333333333333,323.0,204.66666666666666,394.00323182982225,2.609292926025313,0.41808609528975055,0.7335054251849925,2.0584278106689453,0.002473115921020508,0.9163619995117187,0.8856321574655088,0.9148960113525391,0.8747352204008968,1.3046464630126564,1.3046464630126564,72.0,323.0,151.0,75.50165561098643,5700.5,0,0,0
53,4.555617094039917,5,5,451,1227,133.0,90.2,339.0,245.4,368.33648776042133,2.195092298929805,0.5061796771155463,0.7817995842494022,2.0582118034362793,0.0026891231536865234,1.1382319927215576,0.8568438619573842,1.1325114965438843,0.8443021787597192,1.0975461494649026,1.0975461494649026,72.0,339.0,167.8,94.05934297027595,8847.16,0,0,0
53,0.7826578617095947,1,1,133,195,133.0,133.0,195.0,195.0,419.0847828239211,2.5553950172190314,0.7826578617095947,0.0,0.7826578617095947,0.7826578617095947,0.0,0.0,0.0,0.0,1.2776975086095157,1.2776975086095157,133.0,195.0,164.0,31.0,961.0,0,0,0
53,0.7851641178131104,1,1,133,195,133.0,133.0,195.0,195.0,417.7470576642839,2.547238156489536,0.7851641178131104,0.0,0.7851641178131104,0.7851641178131104,0.0,0.0,0.0,0.0,1.273619078244768,1.273619078244768,133.0,195.0,164.0,31.0,961.0,0,0,0
53,0.9204649925231934,1,1,133,195,133.0,133.0,195.0,195.0,356.3416345698071,2.1728148449378484,0.9204649925231934,0.0,0.9204649925231934,0.9204649925231934,0.0,0.0,0.0,0.0,1.0864074224689242,1.0864074224689242,133.0,195.0,164.0,31.0,961.0,0,0,0
53,0.048478126525878906,1,1,78,124,78.0,78.0,124.0,124.0,4166.827690673382,41.25571970963744,0.048478126525878906,0.0,0.048478126525878906,0.048478126525878906,0.0,0.0,0.0,0.0,20.62785985481872,20.62785985481872,78.0,124.0,101.0,23.0,529.0,0,0,0
53,0.04780006408691406,1,1,78,158,78.0,78.0,158.0,158.0,4937.231874226886,41.840948086668526,0.04780006408691406,0.0,0.04780006408691406,0.04780006408691406,0.0,0.0,0.0,0.0,20.920474043334263,20.920474043334263,78.0,158.0,118.0,40.0,1600.0,0,0,0
53,0.047746896743774414,1,1,78,218,78.0,78.0,218.0,218.0,6199.35577359998,41.88753901081068,0.047746896743774414,0.0,0.047746896743774414,0.047746896743774414,0.0,0.0,0.0,0.0,20.94376950540534,20.94376950540534,78.0,218.0,148.0,70.0,4900.0,0,0,0
53,0.05458188056945801,1,1,79,153,79.0,79.0,153.0,153.0,4250.494808524765,36.642196625213494,0.05458188056945801,0.0,0.05458188056945801,0.05458188056945801,0.0,0.0,0.0,0.0,18.321098312606747,18.321098312606747,79.0,153.0,116.0,37.0,1369.0,0,0,0
53,0.04973196983337402,1,1,79,119,79.0,79.0,119.0,119.0,3981.342397322991,40.2155797709393,0.04973196983337402,0.0,0.04973196983337402,0.04973196983337402,0.0,0.0,0.0,0.0,20.10778988546965,20.10778988546965,79.0,119.0,99.0,20.0,400.0,0,0,0
53,0.053154945373535156,1,1,79,131,79.0,79.0,131.0,131.0,3950.7142472684213,37.62584997398496,0.053154945373535156,0.0,0.053154945373535156,0.053154945373535156,0.0,0.0,0.0,0.0,18.81292498699248,18.81292498699248,79.0,131.0,105.0,26.0,676.0,0,0,0
53,0.022489070892333984,1,1,133,195,133.0,133.0,195.0,195.0,14584.862201301868,88.93208659330408,0.022489070892333984,0.0,0.022489070892333984,0.022489070892333984,0.0,0.0,0.0,0.0,44.46604329665204,44.46604329665204,133.0,195.0,164.0,31.0,961.0,0,0,0
53,0.00454401969909668,1,1,133,133,133.0,133.0,133.0,133.0,58538.47861902513,440.13893698515136,0.00454401969909668,0.0,0.00454401969909668,0.00454401969909668,0.0,0.0,0.0,0.0,220.06946849257568,220.06946849257568,133.0,133.0,133.0,0.0,0.0,0,0,0
53,0.004355907440185547,1,1,133,133,133.0,133.0,133.0,133.0,61066.49501915709,459.1465790914067,0.004355907440185547,0.0,0.004355907440185547,0.004355907440185547,0.0,0.0,0.0,0.0,229.57328954570335,229.57328954570335,133.0,133.0,133.0,0.0,0.0,0,0,0
53,0.016308069229125977,1,1,74,258,74.0,74.0,258.0,258.0,20358.020028946947,122.63867487317437,0.016308069229125977,0.0,0.016308069229125977,0.016308069229125977,0.0,0.0,0.0,0.0,61.31933743658718,61.31933743658718,74.0,258.0,166.0,92.0,8464.0,0,0,0
53,0.04081082344055176,1,1,74,216,74.0,74.0,216.0,216.0,7105.958065816455,49.00660735045831,0.04081082344055176,0.0,0.04081082344055176,0.04081082344055176,0.0,0.0,0.0,0.0,24.503303675229155,24.503303675229155,74.0,216.0,145.0,71.0,5041.0,0,0,0
53,0.04052996635437012,1,1,74,204,74.0,74.0,204.0,204.0,6859.12239771758,49.34620430012647,0.04052996635437012,0.0,0.04052996635437012,0.04052996635437012,0.0,0.0,0.0,0.0,24.673102150063237,24.673102150063237,74.0,204.0,139.0,65.0,4225.0,0,0,0
27020,0.07380795478820801,1,1,108,56,108.0,108.0,56.0,56.0,2221.982718131103,27.097350221111014,0.07380795478820801,0.0,0.07380795478820801,0.07380795478820801,0.0,0.0,0.0,0.0,13.548675110555507,13.548675110555507,56.0,108.0,82.0,26.0,676.0,0,0,0
53,0.052329063415527344,1,1,75,198,75.0,75.0,198.0,198.0,5216.986167556633,38.219678883198775,0.052329063415527344,0.0,0.052329063415527344,0.052329063415527344,0.0,0.0,0.0,0.0,19.109839441599387,19.109839441599387,75.0,198.0,136.5,61.5,3782.25,0,0,0
53,0.05044388771057129,1,1,75,124,75.0,75.0,124.0,124.0,3944.9774597427886,39.6480146707818,0.05044388771057129,0.0,0.05044388771057129,0.05044388771057129,0.0,0.0,0.0,0.0,19.8240073353909,19.8240073353909,75.0,124.0,99.5,24.5,600.25,0,0,0
53,0.052021026611328125,1,1,75,136,75.0,75.0,136.0,136.0,4056.052210896825,38.44599252034905,0.052021026611328125,0.0,0.052021026611328125,0.052021026611328125,0.0,0.0,0.0,0.0,19.222996260174526,19.222996260174526,75.0,136.0,105.5,30.5,930.25,0,0,0
53,0.0365598201751709,1,1,78,127,78.0,78.0,127.0,127.0,5607.248586502155,54.70486425855761,0.0365598201751709,0.0,0.0365598201751709,0.0365598201751709,0.0,0.0,0.0,0.0,27.352432129278807,27.352432129278807,78.0,127.0,102.5,24.5,600.25,0,0,0
53,0.03531503677368164,1,1,78,158,78.0,78.0,158.0,158.0,6682.705769568329,56.633099742104484,0.03531503677368164,0.0,0.03531503677368164,0.03531503677368164,0.0,0.0,0.0,0.0,28.316549871052242,28.316549871052242,78.0,158.0,118.0,40.0,1600.0,0,0,0
53,0.035305023193359375,1,1,78,218,78.0,78.0,218.0,218.0,8384.076066990816,56.64916261480281,0.035305023193359375,0.0,0.035305023193359375,0.035305023193359375,0.0,0.0,0.0,0.0,28.324581307401406,28.324581307401406,78.0,218.0,148.0,70.0,4900.0,0,0,0
53,0.034651994705200195,1,1,78,202,78.0,78.0,202.0,202.0,8080.342917690122,57.71673512635801,0.034651994705200195,0.0,0.034651994705200195,0.034651994705200195,0.0,0.0,0.0,0.0,28.858367563179005,28.858367563179005,78.0,202.0,140.0,62.0,3844.0,0,0,0
53,0.03207898139953613,1,1,78,158,78.0,78.0,158.0,158.0,7356.842072404849,62.34611925766821,0.03207898139953613,0.0,0.03207898139953613,0.03207898139953613,0.0,0.0,0.0,0.0,31.173059628834103,31.173059628834103,78.0,158.0,118.0,40.0,1600.0,0,0,0
53,0.033926963806152344,1,1,78,218,78.0,78.0,218.0,218.0,8724.623921293043,58.950161630358394,0.033926963806152344,0.0,0.033926963806152344,0.033926963806152344,0.0,0.0,0.0,0.0,29.475080815179197,29.475080815179197,78.0,218.0,148.0,70.0,4900.0,0,0,0
53,0.02348017692565918,1,1,78,200,78.0,78.0,200.0,200.0,11839.774499152138,85.17823380684992,0.02348017692565918,0.0,0.02348017692565918,0.02348017692565918,0.0,0.0,0.0,0.0,42.58911690342496,42.58911690342496,78.0,200.0,139.0,61.0,3721.0,0,0,0
53,0.02780318260192871,1,1,78,138,78.0,78.0,138.0,138.0,7768.894773399648,71.93421086481156,0.02780318260192871,0.0,0.02780318260192871,0.02780318260192871,0.0,0.0,0.0,0.0,35.96710543240578,35.96710543240578,78.0,138.0,108.0,30.0,900.0,0,0,0
53,0.027747154235839844,1,1,78,126,78.0,78.0,126.0,126.0,7352.105310190755,72.07946382539956,0.027747154235839844,0.0,0.027747154235839844,0.027747154235839844,0.0,0.0,0.0,0.0,36.03973191269978,36.03973191269978,78.0,126.0,102.0,24.0,576.0,0,0,0
53,0.03302001953125,1,1,71,251,71.0,71.0,251.0,251.0,9751.65988909427,60.56931608133087,0.03302001953125,0.0,0.03302001953125,0.03302001953125,0.0,0.0,0.0,0.0,30.284658040665434,30.284658040665434,71.0,251.0,161.0,90.0,8100.0,0,0,0
53,0.032855987548828125,1,1,71,330,71.0,71.0,330.0,330.0,12204.776965052828,60.871705561360734,0.032855987548828125,0.0,0.032855987548828125,0.032855987548828125,0.0,0.0,0.0,0.0,30.435852780680367,30.435852780680367,71.0,330.0,200.5,129.5,16770.25,0,0,0
53,0.03543210029602051,1,1,71,222,71.0,71.0,222.0,222.0,8269.337621876955,56.44599059301676,0.03543210029602051,0.0,0.03543210029602051,0.03543210029602051,0.0,0.0,0.0,0.0,28.22299529650838,28.22299529650838,71.0,222.0,146.5,75.5,5700.25,0,0,0
53,0.025827884674072266,1,1,73,133,73.0,73.0,133.0,133.0,7975.875786947291,77.43568725191544,0.025827884674072266,0.0,0.025827884674072266,0.025827884674072266,0.0,0.0,0.0,0.0,38.71784362595772,38.71784362595772,73.0,133.0,103.0,30.0,900.0,0,0,0
53,0.025522947311401367,1,1,73,217,73.0,73.0,217.0,217.0,11362.324125883924,78.3608560405788,0.025522947311401367,0.0,0.025522947311401367,0.025522947311401367,0.0,0.0,0.0,0.0,39.1804280202894,39.1804280202894,73.0,217.0,145.0,72.0,5184.0,0,0,0
53,0.02521681785583496,1,1,73,205,73.0,73.0,205.0,205.0,11024.388627832877,79.31214840167539,0.02521681785583496,0.0,0.02521681785583496,0.02521681785583496,0.0,0.0,0.0,0.0,39.65607420083769,39.65607420083769,73.0,205.0,139.0,66.0,4356.0,0,0,0
53,0.04065394401550293,1,1,81,271,81.0,81.0,271.0,271.0,8658.446517901652,49.19571885171393,0.04065394401550293,0.0,0.04065394401550293,0.04065394401550293,0.0,0.0,0.0,0.0,24.597859425856964,24.597859425856964,81.0,271.0,176.0,95.0,9025.0,0,0,0
53,0.03848099708557129,1,1,81,244,81.0,81.0,244.0,244.0,8445.727102062565,51.973705243461936,0.03848099708557129,0.0,0.03848099708557129,0.03848099708557129,0.0,0.0,0.0,0.0,25.986852621730968,25.986852621730968,81.0,244.0,162.5,81.5,6642.25,0,0,0
53,0.04295182228088379,1,1,81,256,81.0,81.0,256.0,256.0,7846.000055508373,46.56379854901112,0.04295182228088379,0.0,0.04295182228088379,0.04295182228088379,0.0,0.0,0.0,0.0,23.28189927450556,23.28189927450556,81.0,256.0,168.5,87.5,7656.25,0,0,0
53,0.06052899360656738,1,1,76,158,76.0,76.0,158.0,158.0,3865.915919913974,33.042016409521146,0.06052899360656738,0.0,0.06052899360656738,0.06052899360656738,0.0,0.0,0.0,0.0,16.521008204760573,16.521008204760573,76.0,158.0,117.0,41.0,1681.0,0,0,0
53,0.05906796455383301,1,1,76,129,76.0,76.0,129.0,129.0,3470.578367622069,33.859301147532385,0.05906796455383301,0.0,0.05906796455383301,0.05906796455383301,0.0,0.0,0.0,0.0,16.929650573766192,16.929650573766192,76.0,129.0,102.5,26.5,702.25,0,0,0
53,0.05903792381286621,1,1,76,141,76.0,76.0,141.0,141.0,3675.6035101747416,33.87653004769347,0.05903792381286621,0.0,0.05903792381286621,0.05903792381286621,0.0,0.0,0.0,0.0,16.938265023846736,16.938265023846736,76.0,141.0,108.5,32.5,1056.25,0,0,0
53,0.033514976501464844,1,1,79,149,79.0,79.0,149.0,149.0,6802.928833622627,59.67481433002305,0.033514976501464844,0.0,0.033514976501464844,0.033514976501464844,0.0,0.0,0.0,0.0,29.837407165011523,29.837407165011523,79.0,149.0,114.0,35.0,1225.0,0,0,0
53,0.03436398506164551,1,1,79,120,79.0,79.0,120.0,120.0,5790.946528553489,58.200467623653154,0.03436398506164551,0.0,0.03436398506164551,0.03436398506164551,0.0,0.0,0.0,0.0,29.100233811826577,29.100233811826577,79.0,120.0,99.5,20.5,420.25,0,0,0
53,0.03431296348571777,1,1,79,132,79.0,79.0,132.0,132.0,6149.279414114884,58.28700866459606,0.03431296348571777,0.0,0.03431296348571777,0.03431296348571777,0.0,0.0,0.0,0.0,29.14350433229803,29.14350433229803,79.0,132.0,105.5,26.5,702.25,0,0,0
53,0.03595590591430664,1,1,79,139,79.0,79.0,139.0,139.0,6062.981712088058,55.62368543200053,0.03595590591430664,0.0,0.03595590591430664,0.03595590591430664,0.0,0.0,0.0,0.0,27.811842716000264,27.811842716000264,79.0,139.0,109.0,30.0,900.0,0,0,0
53,0.03445100784301758,1,1,79,192,79.0,79.0,192.0,192.0,7866.243020664646,58.053454027045355,0.03445100784301758,0.0,0.03445100784301758,0.03445100784301758,0.0,0.0,0.0,0.0,29.026727013522677,29.026727013522677,79.0,192.0,135.5,56.5,3192.25,0,0,0
53,0.03406095504760742,1,1,79,168,79.0,79.0,168.0,168.0,7251.705058028027,58.71825957917431,0.03406095504760742,0.0,0.03406095504760742,0.03406095504760742,0.0,0.0,0.0,0.0,29.359129789587154,29.359129789587154,79.0,168.0,123.5,44.5,1980.25,0,0,0
53,0.02925395965576172,1,1,77,137,77.0,77.0,137.0,137.0,7315.24903015485,68.36681336593317,0.02925395965576172,0.0,0.02925395965576172,0.02925395965576172,0.0,0.0,0.0,0.0,34.183406682966584,34.183406682966584,77.0,137.0,107.0,30.0,900.0,0,0,0
53,0.02903604507446289,1,1,77,156,77.0,77.0,156.0,156.0,8024.508826958764,68.87990409406665,0.02903604507446289,0.0,0.02903604507446289,0.02903604507446289,0.0,0.0,0.0,0.0,34.43995204703332,34.43995204703332,77.0,156.0,116.5,39.5,1560.25,0,0,0
53,0.030493974685668945,1,1,77,144,77.0,77.0,144.0,144.0,7247.3333593951575,65.58672723434532,0.030493974685668945,0.0,0.030493974685668945,0.030493974685668945,0.0,0.0,0.0,0.0,32.79336361717266,32.79336361717266,77.0,144.0,110.5,33.5,1122.25,0,0,0
53,0.09913992881774902,1,1,113,170,113.0,113.0,170.0,170.0,2854.551172013092,20.173506515993584,0.09913992881774902,0.0,0.09913992881774902,0.09913992881774902,0.0,0.0,0.0,0.0,10.086753257996792,10.086753257996792,113.0,170.0,141.5,28.5,812.25,0,0,0
53,0.09279203414916992,1,1,113,217,113.0,113.0,217.0,217.0,3556.3397550861,21.55357427324909,0.09279203414916992,0.0,0.09279203414916992,0.09279203414916992,0.0,0.0,0.0,0.0,10.776787136624545,10.776787136624545,113.0,217.0,165.0,52.0,2704.0,0,0,0
53,0.09866809844970703,1,1,113,205,113.0,113.0,205.0,205.0,3222.9262040768986,20.269976126269803,0.09866809844970703,0.0,0.09866809844970703,0.09866809844970703,0.0,0.0,0.0,0.0,10.134988063134902,10.134988063134902,113.0,205.0,159.0,46.0,2116.0,0,0,0
53,0.10210299491882324,1,1,82,152,82.0,82.0,152.0,152.0,2291.803489075332,19.588064009190873,0.10210299491882324,0.0,0.10210299491882324,0.10210299491882324,0.0,0.0,0.0,0.0,9.794032004595437,9.794032004595437,82.0,152.0,117.0,35.0,1225.0,0,0,0
53,0.10058403015136719,1,1,82,135,82.0,82.0,135.0,135.0,2157.4001327391675,19.883872191144402,0.10058403015136719,0.0,0.10058403015136719,0.10058403015136719,0.0,0.0,0.0,0.0,9.941936095572201,9.941936095572201,82.0,135.0,108.5,26.5,702.25,0,0,0
53,0.10434603691101074,1,1,82,123,82.0,82.0,123.0,123.0,1964.61701918617,19.166995309133366,0.10434603691101074,0.0,0.10434603691101074,0.10434603691101074,0.0,0.0,0.0,0.0,9.583497654566683,9.583497654566683,82.0,123.0,102.5,20.5,420.25,0,0,0
53,4.0972888469696045,5,5,426,1525,93.0,85.2,455.0,305.0,476.168528231291,2.440638278991753,0.45525431632995605,0.9690207190704169,3.174238920211792,0.023246049880981445,1.0178222060203552,1.2625898928566732,1.01519775390625,1.2656187560225147,1.2203191394958766,1.2203191394958766,74.0,455.0,195.1,123.87449293539005,15344.89,0,0,0
53,3.7202320098876953,4,4,352,1208,93.0,88.0,401.0,302.0,419.328685913622,2.1504035175057536,0.5314617156982422,1.0813224213589783,3.1686198711395264,0.02566695213317871,1.2305483023325603,1.3943881795748627,1.2263473669687908,1.3966871751085692,1.0752017587528768,1.0752017587528768,80.0,401.0,195.0,115.93748315363759,13441.5,0,0,0
53,0.03159785270690918,1,1,89,146,89.0,89.0,146.0,146.0,7437.214236669157,63.29544031207793,0.03159785270690918,0.0,0.03159785270690918,0.03159785270690918,0.0,0.0,0.0,0.0,31.647720156038964,31.647720156038964,89.0,146.0,117.5,28.5,812.25,0,0,0
53,0.03204202651977539,1,1,76,141,76.0,76.0,141.0,141.0,6772.355670640059,62.41802461419409,0.03204202651977539,0.0,0.03204202651977539,0.03204202651977539,0.0,0.0,0.0,0.0,31.209012307097044,31.209012307097044,76.0,141.0,108.5,32.5,1056.25,0,0,0
53,0.03150296211242676,1,1,76,129,76.0,76.0,129.0,129.0,6507.324589618036,63.486093557249134,0.03150296211242676,0.0,0.03150296211242676,0.03150296211242676,0.0,0.0,0.0,0.0,31.743046778624567,31.743046778624567,76.0,129.0,102.5,26.5,702.25,0,0,0
53,0.024292945861816406,1,1,79,215,79.0,79.0,215.0,215.0,12102.278647980214,82.32842617673616,0.024292945861816406,0.0,0.024292945861816406,0.024292945861816406,0.0,0.0,0.0,0.0,41.16421308836808,41.16421308836808,79.0,215.0,147.0,68.0,4624.0,0,0,0
53,0.023022890090942383,1,1,79,164,79.0,79.0,164.0,164.0,10554.713115518045,86.8700667943872,0.023022890090942383,0.0,0.023022890090942383,0.023022890090942383,0.0,0.0,0.0,0.0,43.4350333971936,43.4350333971936,79.0,164.0,121.5,42.5,1806.25,0,0,0
53,0.031887054443359375,1,1,79,176,79.0,79.0,176.0,176.0,7996.975714798421,62.721378155281734,0.031887054443359375,0.0,0.031887054443359375,0.031887054443359375,0.0,0.0,0.0,0.0,31.360689077640867,31.360689077640867,79.0,176.0,127.5,48.5,2352.25,0,0,0
53,0.0427858829498291,1,1,89,226,89.0,89.0,226.0,226.0,7362.241428308731,46.74439002100782,0.0427858829498291,0.0,0.0427858829498291,0.0427858829498291,0.0,0.0,0.0,0.0,23.37219501050391,23.37219501050391,89.0,226.0,157.5,68.5,4692.25,0,0,0
53,0.04268598556518555,1,1,89,238,89.0,89.0,238.0,238.0,7660.593885097019,46.853785229951185,0.04268598556518555,0.0,0.04268598556518555,0.04268598556518555,0.0,0.0,0.0,0.0,23.426892614975593,23.426892614975593,89.0,238.0,163.5,74.5,5550.25,0,0,0
53,0.03850388526916504,1,1,81,211,81.0,81.0,211.0,211.0,7583.650272141278,51.942810083159436,0.03850388526916504,0.0,0.03850388526916504,0.03850388526916504,0.0,0.0,0.0,0.0,25.971405041579718,25.971405041579718,81.0,211.0,146.0,65.0,4225.0,0,0,0
53,0.039093971252441406,1,1,81,161,81.0,81.0,161.0,161.0,6190.212768033567,51.158783206888984,0.039093971252441406,0.0,0.039093971252441406,0.039093971252441406,0.0,0.0,0.0,0.0,25.579391603444492,25.579391603444492,81.0,161.0,121.0,40.0,1600.0,0,0,0
19329,0.06221485137939453,1,1,50,50,50.0,50.0,50.0,50.0,1607.3332617992858,32.146665235985715,0.06221485137939453,0.0,0.06221485137939453,0.06221485137939453,0.0,0.0,0.0,0.0,16.073332617992858,16.073332617992858,50.0,50.0,50.0,0.0,0.0,0,0,0
19303,0.062100887298583984,1,1,50,50,50.0,50.0,50.0,50.0,1610.2829500518294,32.20565900103659,0.062100887298583984,0.0,0.062100887298583984,0.062100887298583984,0.0,0.0,0.0,0.0,16.102829500518293,16.102829500518293,50.0,50.0,50.0,0.0,0.0,0,0,0
19313,0.062039852142333984,1,1,50,50,50.0,50.0,50.0,50.0,1611.8671554950924,32.23734310990185,0.062039852142333984,0.0,0.062039852142333984,0.062039852142333984,0.0,0.0,0.0,0.0,16.118671554950925,16.118671554950925,50.0,50.0,50.0,0.0,0.0,0,0,0
19326,0.061981916427612305,1,1,50,50,50.0,50.0,50.0,50.0,1613.373799385316,32.26747598770632,0.061981916427612305,0.0,0.061981916427612305,0.061981916427612305,0.0,0.0,0.0,0.0,16.13373799385316,16.13373799385316,50.0,50.0,50.0,0.0,0.0,0,0,0
19320,0.06192278861999512,1,1,50,50,50.0,50.0,50.0,50.0,1614.9143510586277,32.298287021172555,0.06192278861999512,0.0,0.06192278861999512,0.06192278861999512,0.0,0.0,0.0,0.0,16.149143510586278,16.149143510586278,50.0,50.0,50.0,0.0,0.0,0,0,0
19326,0.07222104072570801,1,1,50,50,50.0,50.0,50.0,50.0,1384.638036161721,27.692760723234418,0.07222104072570801,0.0,0.07222104072570801,0.07222104072570801,0.0,0.0,0.0,0.0,13.846380361617209,13.846380361617209,50.0,50.0,50.0,0.0,0.0,0,0,0
19337,0.07216787338256836,1,1,50,50,50.0,50.0,50.0,50.0,1385.658123385333,27.71316246770666,0.07216787338256836,0.0,0.07216787338256836,0.07216787338256836,0.0,0.0,0.0,0.0,13.85658123385333,13.85658123385333,50.0,50.0,50.0,0.0,0.0,0,0,0
19298,0.07211709022521973,1,1,50,50,50.0,50.0,50.0,50.0,1386.6338712183576,27.73267742436715,0.07211709022521973,0.0,0.07211709022521973,0.07211709022521973,0.0,0.0,0.0,0.0,13.866338712183575,13.866338712183575,50.0,50.0,50.0,0.0,0.0,0,0,0
19315,0.07206487655639648,1,1,50,50,50.0,50.0,50.0,50.0,1387.6385387511496,27.752770775022995,0.07206487655639648,0.0,0.07206487655639648,0.07206487655639648,0.0,0.0,0.0,0.0,13.876385387511498,13.876385387511498,50.0,50.0,50.0,0.0,0.0,0,0,0
19303,0.07201099395751953,1,1,50,50,50.0,50.0,50.0,50.0,1388.676846468633,27.773536929372657,0.07201099395751953,0.0,0.07201099395751953,0.07201099395751953,0.0,0.0,0.0,0.0,13.886768464686329,13.886768464686329,50.0,50.0,50.0,0.0,0.0,0,0,0
19300,0.2604968547821045,1,1,50,50,50.0,50.0,50.0,50.0,383.881794210706,7.67763588421412,0.2604968547821045,0.0,0.2604968547821045,0.2604968547821045,0.0,0.0,0.0,0.0,3.83881794210706,3.83881794210706,50.0,50.0,50.0,0.0,0.0,0,0,0
19298,0.16939210891723633,1,1,50,50,50.0,50.0,50.0,50.0,590.3462719674812,11.806925439349625,0.16939210891723633,0.0,0.16939210891723633,0.16939210891723633,0.0,0.0,0.0,0.0,5.903462719674812,5.903462719674812,50.0,50.0,50.0,0.0,0.0,0,0,0
19333,0.19460606575012207,1,1,50,50,50.0,50.0,50.0,50.0,513.8585974416744,10.27717194883349,0.19460606575012207,0.0,0.19460606575012207,0.19460606575012207,0.0,0.0,0.0,0.0,5.138585974416745,5.138585974416745,50.0,50.0,50.0,0.0,0.0,0,0,0
19341,0.25592803955078125,1,1,50,50,50.0,50.0,50.0,50.0,390.7348338053361,7.814696676106722,0.25592803955078125,0.0,0.25592803955078125,0.25592803955078125,0.0,0.0,0.0,0.0,3.907348338053361,3.907348338053361,50.0,50.0,50.0,0.0,0.0,0,0,0
19332,0.2558619976043701,1,1,50,50,50.0,50.0,50.0,50.0,390.8356885207559,7.816713770415118,0.2558619976043701,0.0,0.2558619976043701,0.2558619976043701,0.0,0.0,0.0,0.0,3.908356885207559,3.908356885207559,50.0,50.0,50.0,0.0,0.0,0,0,0
19337,0.16106390953063965,1,1,50,50,50.0,50.0,50.0,50.0,620.871555219369,12.417431104387381,0.16106390953063965,0.0,0.16106390953063965,0.16106390953063965,0.0,0.0,0.0,0.0,6.2087155521936905,6.2087155521936905,50.0,50.0,50.0,0.0,0.0,0,0,0
19326,0.10001301765441895,1,1,50,50,50.0,50.0,50.0,50.0,999.8698403995376,19.99739680799075,0.10001301765441895,0.0,0.10001301765441895,0.10001301765441895,0.0,0.0,0.0,0.0,9.998698403995375,9.998698403995375,50.0,50.0,50.0,0.0,0.0,0,0,0
19328,0.10698509216308594,1,1,50,50,50.0,50.0,50.0,50.0,934.7096682177176,18.69419336435435,0.10698509216308594,0.0,0.10698509216308594,0.10698509216308594,0.0,0.0,0.0,0.0,9.347096682177176,9.347096682177176,50.0,50.0,50.0,0.0,0.0,0,0,0
19314,0.10436606407165527,1,1,50,50,50.0,50.0,50.0,50.0,958.1658644455765,19.16331728891153,0.10436606407165527,0.0,0.10436606407165527,0.10436606407165527,0.0,0.0,0.0,0.0,9.581658644455764,9.581658644455764,50.0,50.0,50.0,0.0,0.0,0,0,0
19304,0.1024482250213623,1,1,50,50,50.0,50.0,50.0,50.0,976.1028068485149,19.5220561369703,0.1024482250213623,0.0,0.1024482250213623,0.1024482250213623,0.0,0.0,0.0,0.0,9.76102806848515,9.76102806848515,50.0,50.0,50.0,0.0,0.0,0,0,0
19321,0.23115086555480957,1,1,50,54,50.0,50.0,54.0,54.0,449.9226068238102,8.652357823534812,0.23115086555480957,0.0,0.23115086555480957,0.23115086555480957,0.0,0.0,0.0,0.0,4.326178911767406,4.326178911767406,50.0,54.0,52.0,2.0,4.0,0,0,0
19310,0.2495129108428955,1,1,50,54,50.0,50.0,54.0,54.0,416.8120986151416,8.015617281060416,0.2495129108428955,0.0,0.2495129108428955,0.2495129108428955,0.0,0.0,0.0,0.0,4.007808640530208,4.007808640530208,50.0,54.0,52.0,2.0,4.0,0,0,0
19295,0.20577597618103027,1,1,50,54,50.0,50.0,54.0,54.0,505.403992876732,9.71930755532177,0.20577597618103027,0.0,0.20577597618103027,0.20577597618103027,0.0,0.0,0.0,0.0,4.859653777660885,4.859653777660885,50.0,54.0,52.0,2.0,4.0,0,0,0
50002,0.24941205978393555,1,1,50,54,50.0,50.0,54.0,54.0,416.98063874735925,8.018858437449216,0.24941205978393555,0.0,0.24941205978393555,0.24941205978393555,0.0,0.0,0.0,0.0,4.009429218724608,4.009429218724608,50.0,54.0,52.0,2.0,4.0,0,0,0
19297,0.0,1,0,50,0,50.0,50.0,0.0,0.0,0.0,0.0,0.0,0.0,0.0,0.0,0.0,0.0,0.0,0.0,0.0,0.0,50.0,50.0,50.0,0.0,0.0,0,0,0
53,1.7747490406036377,2,2,170,335,89.0,85.0,221.0,167.5,284.547273133466,2.25383978719577,0.5915830135345459,0.7856351781314105,1.7026340961456299,0.03321695327758789,1.7415320873260498,0.0,1.7358510494232178,0.0,1.126919893597885,1.126919893597885,81.0,221.0,126.25,56.04183705054644,3140.6875,0,0,0
53,0.03287696838378906,1,1,90,115,90.0,90.0,115.0,115.0,6235.368103498288,60.83285954632477,0.03287696838378906,0.0,0.03287696838378906,0.03287696838378906,0.0,0.0,0.0,0.0,30.416429773162385,30.416429773162385,90.0,115.0,102.5,12.5,156.25,0,0,0
53,0.0331270694732666,1,1,90,106,90.0,90.0,106.0,106.0,5916.611493756523,60.37358667098492,0.0331270694732666,0.0,0.0331270694732666,0.0331270694732666,0.0,0.0,0.0,0.0,30.18679333549246,30.18679333549246,90.0,106.0,98.0,8.0,64.0,0,0,0
53,0.03474879264831543,1,1,90,118,90.0,90.0,118.0,118.0,5985.819481704598,57.5559565548519,0.03474879264831543,0.0,0.03474879264831543,0.03474879264831543,0.0,0.0,0.0,0.0,28.77797827742595,28.77797827742595,90.0,118.0,104.0,14.0,196.0,0,0,0
53,0.030931949615478516,1,1,89,105,89.0,89.0,105.0,105.0,6271.832277358985,64.65806471504108,0.030931949615478516,0.0,0.030931949615478516,0.030931949615478516,0.0,0.0,0.0,0.0,32.32903235752054,32.32903235752054,89.0,105.0,97.0,8.0,64.0,0,0,0
53,0.03093409538269043,1,1,89,117,89.0,89.0,117.0,117.0,6659.318704864082,64.65357965887458,0.03093409538269043,0.0,0.03093409538269043,0.03093409538269043,0.0,0.0,0.0,0.0,32.32678982943729,32.32678982943729,89.0,117.0,103.0,14.0,196.0,0,0,0
27020,0.07975101470947266,1,1,108,56,108.0,108.0,56.0,56.0,2056.400167414051,25.07805082212257,0.07975101470947266,0.0,0.07975101470947266,0.07975101470947266,0.0,0.0,0.0,0.0,12.539025411061285,12.539025411061285,56.0,108.0,82.0,26.0,676.0,0,0,0
53,3.184636116027832,3,3,260,458,94.0,86.66666666666667,183.0,152.66666666666666,225.4574695006458,1.8840457061335303,0.6369272232055664,0.9081397916155499,2.3561108112335205,0.004218101501464844,1.5797765254974365,0.8013224601745605,1.5798239707946777,0.7805049419403076,0.9420228530667651,0.9420228530667651,77.0,183.0,119.66666666666667,38.529930645610506,1484.5555555555554,0,0,0
53,0.8033671379089355,2,2,166,312,89.0,83.0,207.0,156.0,594.9957092397062,4.979043591964069,0.2677890459696452,0.3584060900712774,0.774507999420166,0.003974199295043945,0.77848219871521,0.0,0.7993929386138916,0.0,2.4895217959820344,2.4895217959820344,77.0,207.0,119.5,51.48543483355268,2650.75,0,0,0
53,0.12487006187438965,1,1,90,115,90.0,90.0,115.0,115.0,1641.7065621879433,16.016649387199447,0.12487006187438965,0.0,0.12487006187438965,0.12487006187438965,0.0,0.0,0.0,0.0,8.008324693599723,8.008324693599723,90.0,115.0,102.5,12.5,156.25,0,0,0
53,0.12388300895690918,1,1,90,115,90.0,90.0,115.0,115.0,1654.787058581263,16.144263986158663,0.12388300895690918,0.0,0.12388300895690918,0.12388300895690918,0.0,0.0,0.0,0.0,8.072131993079331,8.072131993079331,90.0,115.0,102.5,12.5,156.25,0,0,0
53,0.15669989585876465,1,1,90,118,90.0,90.0,118.0,118.0,1327.378035959084,12.763250345760422,0.15669989585876465,0.0,0.15669989585876465,0.15669989585876465,0.0,0.0,0.0,0.0,6.381625172880211,6.381625172880211,90.0,118.0,104.0,14.0,196.0,0,0,0
53,0.12575912475585938,1,1,90,106,90.0,90.0,106.0,106.0,1558.5350198683532,15.903418570085236,0.12575912475585938,0.0,0.12575912475585938,0.12575912475585938,0.0,0.0,0.0,0.0,7.951709285042618,7.951709285042618,90.0,106.0,98.0,8.0,64.0,0,0,0
53,0.1556398868560791,1,1,90,118,90.0,90.0,118.0,118.0,1336.4183449473883,12.850176393724887,0.1556398868560791,0.0,0.1556398868560791,0.1556398868560791,0.0,0.0,0.0,0.0,6.425088196862443,6.425088196862443,90.0,118.0,104.0,14.0,196.0,0,0,0
53,0.15538477897644043,1,1,90,106,90.0,90.0,106.0,106.0,1261.3848106043752,12.871273577595664,0.15538477897644043,0.0,0.15538477897644043,0.15538477897644043,0.0,0.0,0.0,0.0,6.435636788797832,6.435636788797832,90.0,106.0,98.0,8.0,64.0,0,0,0
53,0.05474209785461426,1,1,78,148,78.0,78.0,148.0,148.0,4128.449746303434,36.53495350711004,0.05474209785461426,0.0,0.05474209785461426,0.05474209785461426,0.0,0.0,0.0,0.0,18.26747675355502,18.26747675355502,78.0,148.0,113.0,35.0,1225.0,0,0,0
53,0.05470895767211914,1,1,78,131,78.0,78.0,131.0,131.0,3820.2153521654623,36.557084709717344,0.05470895767211914,0.0,0.05470895767211914,0.05470895767211914,0.0,0.0,0.0,0.0,18.278542354858672,18.278542354858672,78.0,131.0,104.5,26.5,702.25,0,0,0
53,0.05440688133239746,1,1,78,119,78.0,78.0,119.0,119.0,3620.8655077366684,36.76005591610831,0.05440688133239746,0.0,0.05440688133239746,0.05440688133239746,0.0,0.0,0.0,0.0,18.380027958054153,18.380027958054153,78.0,119.0,98.5,20.5,420.25,0,0,0
53,0.08924412727355957,1,1,79,149,79.0,79.0,149.0,149.0,2554.7899561067225,22.410438211462477,0.08924412727355957,0.0,0.08924412727355957,0.08924412727355957,0.0,0.0,0.0,0.0,11.205219105731238,11.205219105731238,79.0,149.0,114.0,35.0,1225.0,0,0,0
53,0.08853507041931152,1,1,79,132,79.0,79.0,132.0,132.0,2383.23637176411,22.589918215773558,0.08853507041931152,0.0,0.08853507041931152,0.08853507041931152,0.0,0.0,0.0,0.0,11.294959107886779,11.294959107886779,79.0,132.0,105.5,26.5,702.25,0,0,0
53,0.09097480773925781,1,1,79,120,79.0,79.0,120.0,120.0,2187.4187475103254,21.984108015179153,0.09097480773925781,0.0,0.09097480773925781,0.09097480773925781,0.0,0.0,0.0,0.0,10.992054007589577,10.992054007589577,79.0,120.0,99.5,20.5,420.25,0,0,0
53,0.04523491859436035,1,1,76,169,76.0,76.0,169.0,169.0,5416.169800083277,44.21363102108797,0.04523491859436035,0.0,0.04523491859436035,0.04523491859436035,0.0,0.0,0.0,0.0,22.106815510543985,22.106815510543985,76.0,169.0,122.5,46.5,2162.25,0,0,0
53,0.04632282257080078,1,1,76,140,76.0,76.0,140.0,140.0,4662.928293496387,43.1752619768184,0.04632282257080078,0.0,0.04632282257080078,0.04632282257080078,0.0,0.0,0.0,0.0,21.5876309884092,21.5876309884092,76.0,140.0,108.0,32.0,1024.0,0,0,0
53,0.03960895538330078,1,1,76,152,76.0,76.0,152.0,152.0,5756.273998988756,50.49363157007681,0.03960895538330078,0.0,0.03960895538330078,0.03960895538330078,0.0,0.0,0.0,0.0,25.246815785038404,25.246815785038404,76.0,152.0,114.0,38.0,1444.0,0,0,0
27020,0.06442999839782715,1,1,108,56,108.0,108.0,56.0,56.0,2545.398169768242,31.04144109473466,0.06442999839782715,0.0,0.06442999839782715,0.06442999839782715,0.0,0.0,0.0,0.0,15.52072054736733,15.52072054736733,56.0,108.0,82.0,26.0,676.0,0,0,0
443,0.026981115341186523,3,3,186,188,78.0,62.0,78.0,62.666666666666664,13861.54705877155,222.37776030114787,0.005396223068237305,0.010484958389573251,0.026362895965576172,0.0,0.013490557670593262,0.012988448143005371,0.0,0.0,111.18888015057394,111.18888015057394,54.0,78.0,62.333333333333336,11.100550536897808,123.22222222222223,1,0,2
53,0.034256935119628906,1,1,87,315,87.0,87.0,315.0,315.0,11734.850143370173,58.382339021742155,0.034256935119628906,0.0,0.034256935119628906,0.034256935119628906,0.0,0.0,0.0,0.0,29.191169510871077,29.191169510871077,87.0,315.0,201.0,114.0,12996.0,0,0,0
443,0.1611161231994629,7,7,1382,3460,866.0,197.42857142857142,1334.0,494.2857142857143,30052.85817363896,86.89384849874958,0.012393547938420223,0.01809577193508392,0.04871010780334473,0.0,0.02685268719991048,0.019390360160611048,0.01548147201538086,0.02105042567628499,43.44692424937479,43.44692424937479,54.0,1334.0,345.85714285714283,439.6168554455535,193262.9795918367,0,2,0
53,0.024044036865234375,1,1,78,179,78.0,78.0,179.0,179.0,10688.720926542916,83.18070759955577,0.024044036865234375,0.0,0.024044036865234375,0.024044036865234375,0.0,0.0,0.0,0.0,41.59035379977789,41.59035379977789,78.0,179.0,128.5,50.5,2550.25,0,0,0
53,0.03447389602661133,1,1,78,178,78.0,78.0,178.0,178.0,7425.9085715866495,58.0149107155207,0.03447389602661133,0.0,0.03447389602661133,0.03447389602661133,0.0,0.0,0.0,0.0,29.00745535776035,29.00745535776035,78.0,178.0,128.0,50.0,2500.0,0,0,0
53,0.03433084487915039,1,1,78,202,78.0,78.0,202.0,202.0,8155.9309415670095,58.2566495826215,0.03433084487915039,0.0,0.03433084487915039,0.03433084487915039,0.0,0.0,0.0,0.0,29.12832479131075,29.12832479131075,78.0,202.0,140.0,62.0,3844.0,0,0,0
53,0.034323930740356445,1,1,76,158,76.0,76.0,158.0,158.0,6817.401007189247,58.268384676831175,0.034323930740356445,0.0,0.034323930740356445,0.034323930740356445,0.0,0.0,0.0,0.0,29.134192338415588,29.134192338415588,76.0,158.0,117.0,41.0,1681.0,0,0,0
53,0.08874201774597168,1,1,76,129,76.0,76.0,129.0,129.0,2310.066924405781,22.537238286885664,0.08874201774597168,0.0,0.08874201774597168,0.08874201774597168,0.0,0.0,0.0,0.0,11.268619143442832,11.268619143442832,76.0,129.0,102.5,26.5,702.25,0,0,0
53,0.0887000560760498,1,1,76,141,76.0,76.0,141.0,141.0,2446.447156853522,22.5479000631661,0.0887000560760498,0.0,0.0887000560760498,0.0887000560760498,0.0,0.0,0.0,0.0,11.27395003158305,11.27395003158305,76.0,141.0,108.5,32.5,1056.25,0,0,0
27020,0.06628298759460449,1,1,108,56,108.0,108.0,56.0,56.0,2474.239709939535,30.17365499926262,0.06628298759460449,0.0,0.06628298759460449,0.06628298759460449,0.0,0.0,0.0,0.0,15.08682749963131,15.08682749963131,56.0,108.0,82.0,26.0,676.0,0,0,0
53,0.041993141174316406,1,1,94,158,94.0,94.0,158.0,158.0,6000.979992278519,47.6268253355438,0.041993141174316406,0.0,0.041993141174316406,0.041993141174316406,0.0,0.0,0.0,0.0,23.8134126677719,23.8134126677719,94.0,158.0,126.0,32.0,1024.0,0,0,0
53,0.03924393653869629,1,1,80,193,80.0,80.0,193.0,193.0,6956.488672608308,50.96328697881544,0.03924393653869629,0.0,0.03924393653869629,0.03924393653869629,0.0,0.0,0.0,0.0,25.48164348940772,25.48164348940772,80.0,193.0,136.5,56.5,3192.25,0,0,0
53,0.03819417953491211,1,1,80,152,80.0,80.0,152.0,152.0,6074.223947864518,52.36399955055619,0.03819417953491211,0.0,0.03819417953491211,0.03819417953491211,0.0,0.0,0.0,0.0,26.181999775278094,26.181999775278094,80.0,152.0,116.0,36.0,1296.0,0,0,0
53,0.03716397285461426,1,1,80,138,80.0,80.0,138.0,138.0,5865.8960077497,53.81555970412569,0.03716397285461426,0.0,0.03716397285461426,0.03716397285461426,0.0,0.0,0.0,0.0,26.907779852062845,26.907779852062845,80.0,138.0,109.0,29.0,841.0,0,0,0
53,0.022095918655395508,1,1,78,135,78.0,78.0,135.0,135.0,9639.789289683524,90.51445342425845,0.022095918655395508,0.0,0.022095918655395508,0.022095918655395508,0.0,0.0,0.0,0.0,45.257226712129224,45.257226712129224,78.0,135.0,106.5,28.5,812.25,0,0,0
53,0.02652597427368164,1,1,78,94,78.0,78.0,94.0,94.0,6484.210465764259,75.39779611353791,0.02652597427368164,0.0,0.02652597427368164,0.02652597427368164,0.0,0.0,0.0,0.0,37.698898056768954,37.698898056768954,78.0,94.0,86.0,8.0,64.0,0,0,0
53,0.026433944702148438,1,1,78,106,78.0,78.0,106.0,106.0,6960.746951439498,75.66029295042932,0.026433944702148438,0.0,0.026433944702148438,0.026433944702148438,0.0,0.0,0.0,0.0,37.83014647521466,37.83014647521466,78.0,106.0,92.0,14.0,196.0,0,0,0
27020,0.055001020431518555,1,1,108,56,108.0,108.0,56.0,56.0,2981.7628602763,36.36296171068659,0.055001020431518555,0.0,0.055001020431518555,0.055001020431518555,0.0,0.0,0.0,0.0,18.181480855343295,18.181480855343295,56.0,108.0,82.0,26.0,676.0,0,0,0
53,0.04127812385559082,1,1,92,120,92.0,92.0,120.0,120.0,5135.8923371050005,48.451814500990565,0.04127812385559082,0.0,0.04127812385559082,0.04127812385559082,0.0,0.0,0.0,0.0,24.225907250495283,24.225907250495283,92.0,120.0,106.0,14.0,196.0,0,0,0
53,0.03634905815124512,1,1,92,108,92.0,92.0,108.0,108.0,5502.205838946865,55.02205838946865,0.03634905815124512,0.0,0.03634905815124512,0.03634905815124512,0.0,0.0,0.0,0.0,27.511029194734324,27.511029194734324,92.0,108.0,100.0,8.0,64.0,0,0,0
53,0.03399491310119629,1,1,87,135,87.0,87.0,135.0,135.0,6530.3888066767195,58.832331591682156,0.03399491310119629,0.0,0.03399491310119629,0.03399491310119629,0.0,0.0,0.0,0.0,29.416165795841078,29.416165795841078,87.0,135.0,111.0,24.0,576.0,0,0,0
53,0.03943800926208496,1,1,87,171,87.0,87.0,171.0,171.0,6541.912353776865,50.71249886648732,0.03943800926208496,0.0,0.03943800926208496,0.03943800926208496,0.0,0.0,0.0,0.0,25.35624943324366,25.35624943324366,87.0,171.0,129.0,42.0,1764.0,0,0,0
27020,0.06004500389099121,1,1,108,56,108.0,108.0,56.0,56.0,2731.2846926904035,33.308349910858574,0.06004500389099121,0.0,0.06004500389099121,0.06004500389099121,0.0,0.0,0.0,0.0,16.654174955429287,16.654174955429287,56.0,108.0,82.0,26.0,676.0,0,0,0
53,0.033701181411743164,1,1,94,158,94.0,94.0,158.0,158.0,7477.482671043416,59.34510056383664,0.033701181411743164,0.0,0.033701181411743164,0.033701181411743164,0.0,0.0,0.0,0.0,29.67255028191832,29.67255028191832,94.0,158.0,126.0,32.0,1024.0,0,0,0
53,0.04929304122924805,1,1,95,152,95.0,95.0,152.0,152.0,5010.849276904474,40.57367835550181,0.04929304122924805,0.0,0.04929304122924805,0.04929304122924805,0.0,0.0,0.0,0.0,20.286839177750906,20.286839177750906,95.0,152.0,123.5,28.5,812.25,0,0,0
53,0.061129093170166016,1,1,95,319,95.0,95.0,319.0,319.0,6772.552618235996,32.71764549872462,0.061129093170166016,0.0,0.061129093170166016,0.061129093170166016,0.0,0.0,0.0,0.0,16.35882274936231,16.35882274936231,95.0,319.0,207.0,112.0,12544.0,0,0,0
53,0.05554604530334473,1,1,95,223,95.0,95.0,223.0,223.0,5724.980028071441,36.00616369856252,0.05554604530334473,0.0,0.05554604530334473,0.05554604530334473,0.0,0.0,0.0,0.0,18.00308184928126,18.00308184928126,95.0,223.0,159.0,64.0,4096.0,0,0,0
27020,0.0747079849243164,1,1,108,56,108.0,108.0,56.0,56.0,2195.2138070132887,26.770900085527913,0.0747079849243164,0.0,0.0747079849243164,0.0747079849243164,0.0,0.0,0.0,0.0,13.385450042763956,13.385450042763956,56.0,108.0,82.0,26.0,676.0,0,0,0
53,0.05009794235229492,1,1,76,169,76.0,76.0,169.0,169.0,4890.420414418016,39.92179930137156,0.05009794235229492,0.0,0.05009794235229492,0.05009794235229492,0.0,0.0,0.0,0.0,19.96089965068578,19.96089965068578,76.0,169.0,122.5,46.5,2162.25,0,0,0
53,0.04905986785888672,1,1,76,152,76.0,76.0,152.0,152.0,4647.383084190269,40.76651828237078,0.04905986785888672,0.0,0.04905986785888672,0.04905986785888672,0.0,0.0,0.0,0.0,20.38325914118539,20.38325914118539,76.0,152.0,114.0,38.0,1444.0,0,0,0
53,0.05005693435668945,1,1,76,140,76.0,76.0,140.0,140.0,4315.086466559342,39.9545043199939,0.05005693435668945,0.0,0.05005693435668945,0.05005693435668945,0.0,0.0,0.0,0.0,19.97725215999695,19.97725215999695,76.0,140.0,108.0,32.0,1024.0,0,0,0
53,0.05721712112426758,1,1,79,129,79.0,79.0,129.0,129.0,3635.27552440559,34.95457235005375,0.05721712112426758,0.0,0.05721712112426758,0.05721712112426758,0.0,0.0,0.0,0.0,17.477286175026876,17.477286175026876,79.0,129.0,104.0,25.0,625.0,0,0,0
53,0.04789400100708008,1,1,79,107,79.0,79.0,107.0,107.0,3883.5761491821067,41.758883324538786,0.04789400100708008,0.0,0.04789400100708008,0.04789400100708008,0.0,0.0,0.0,0.0,20.879441662269393,20.879441662269393,79.0,107.0,93.0,14.0,196.0,0,0,0
53,0.055332183837890625,1,1,79,95,79.0,79.0,95.0,95.0,3144.6436401240953,36.145329196828676,0.055332183837890625,0.0,0.055332183837890625,0.055332183837890625,0.0,0.0,0.0,0.0,18.072664598414338,18.072664598414338,79.0,95.0,87.0,8.0,64.0,0,0,0
53,0.03903317451477051,1,1,76,133,76.0,76.0,133.0,133.0,5354.419736496516,51.23846637795708,0.03903317451477051,0.0,0.03903317451477051,0.03903317451477051,0.0,0.0,0.0,0.0,25.61923318897854,25.61923318897854,76.0,133.0,104.5,28.5,812.25,0,0,0
53,0.038208961486816406,1,1,76,92,76.0,76.0,92.0,92.0,4396.874279296144,52.34374142019219,0.038208961486816406,0.0,0.038208961486816406,0.038208961486816406,0.0,0.0,0.0,0.0,26.171870710096094,26.171870710096094,76.0,92.0,84.0,8.0,64.0,0,0,0
53,0.03805208206176758,1,1,76,104,76.0,76.0,104.0,104.0,4730.358767433992,52.55954186037769,0.03805208206176758,0.0,0.03805208206176758,0.03805208206176758,0.0,0.0,0.0,0.0,26.279770930188846,26.279770930188846,76.0,104.0,90.0,14.0,196.0,0,0,0
53,0.03879904747009277,1,1,79,136,79.0,79.0,136.0,136.0,5541.373152671521,51.54765723415368,0.03879904747009277,0.0,0.03879904747009277,0.03879904747009277,0.0,0.0,0.0,0.0,25.77382861707684,25.77382861707684,79.0,136.0,107.5,28.5,812.25,0,0,0
53,0.037251949310302734,1,1,79,95,79.0,79.0,95.0,95.0,4670.8965093506395,53.688465624719996,0.037251949310302734,0.0,0.037251949310302734,0.037251949310302734,0.0,0.0,0.0,0.0,26.844232812359998,26.844232812359998,79.0,95.0,87.0,8.0,64.0,0,0,0
53,0.038574934005737305,1,1,79,107,79.0,79.0,107.0,107.0,4821.784010630737,51.84713989925523,0.038574934005737305,0.0,0.038574934005737305,0.038574934005737305,0.0,0.0,0.0,0.0,25.923569949627616,25.923569949627616,79.0,107.0,93.0,14.0,196.0,0,0,0
27020,0.07559394836425781,1,1,108,56,108.0,108.0,56.0,56.0,2169.4858325133096,26.4571442989428,0.07559394836425781,0.0,0.07559394836425781,0.07559394836425781,0.0,0.0,0.0,0.0,13.2285721494714,13.2285721494714,56.0,108.0,82.0,26.0,676.0,0,0,0
53,0.06008100509643555,1,1,73,178,73.0,73.0,178.0,178.0,4177.693092802324,33.28839117770776,0.06008100509643555,0.0,0.06008100509643555,0.06008100509643555,0.0,0.0,0.0,0.0,16.64419558885388,16.64419558885388,73.0,178.0,125.5,52.5,2756.25,0,0,0
53,0.059864044189453125,1,1,73,202,73.0,73.0,202.0,202.0,4593.74243293188,33.40903587586822,0.059864044189453125,0.0,0.059864044189453125,0.059864044189453125,0.0,0.0,0.0,0.0,16.70451793793411,16.70451793793411,73.0,202.0,137.5,64.5,4160.25,0,0,0
80,0.1950829029083252,6,3,418,325,136.0,69.66666666666667,205.0,108.33333333333333,3808.637194358114,46.13423250231901,0.02438536286354065,0.0209814083639874,0.05324196815490723,9.989738464355469e-05,0.03901658058166504,0.032915996833544146,0.07919549942016602,0.025568485260009766,30.756155001546006,15.378077500773003,54.0,205.0,82.55555555555556,49.971349816361126,2497.1358024691353,2,2,0
53,0.049340009689331055,1,1,94,158,94.0,94.0,158.0,158.0,5107.416913509256,40.535054869121076,0.049340009689331055,0.0,0.049340009689331055,0.049340009689331055,0.0,0.0,0.0,0.0,20.267527434560538,20.267527434560538,94.0,158.0,126.0,32.0,1024.0,0,0,0
53,0.037930965423583984,1,1,73,178,73.0,73.0,178.0,178.0,6617.284775038656,52.72736872540762,0.037930965423583984,0.0,0.037930965423583984,0.037930965423583984,0.0,0.0,0.0,0.0,26.36368436270381,26.36368436270381,73.0,178.0,125.5,52.5,2756.25,0,0,0
53,0.037663936614990234,1,1,73,202,73.0,73.0,202.0,202.0,7301.414156759974,53.10119386734526,0.037663936614990234,0.0,0.037663936614990234,0.037663936614990234,0.0,0.0,0.0,0.0,26.55059693367263,26.55059693367263,73.0,202.0,137.5,64.5,4160.25,0,0,0
80,0.16575312614440918,6,4,418,381,136.0,69.66666666666667,205.0,95.25,4820.421904464636,60.33068716476391,0.018417014016045466,0.016623513984280896,0.05099892616271973,8.20159912109375e-05,0.03315062522888183,0.03237711160405578,0.045739332834879555,0.034064098320209034,36.198412298858344,24.132274865905565,54.0,205.0,79.9,48.07171725661566,2310.8900000000003,2,2,0
27020,0.057118892669677734,1,1,108,56,108.0,108.0,56.0,56.0,2871.204120647483,35.014684398140034,0.057118892669677734,0.0,0.057118892669677734,0.057118892669677734,0.0,0.0,0.0,0.0,17.507342199070017,17.507342199070017,56.0,108.0,82.0,26.0,676.0,0,0,0
27020,0.10949397087097168,1,1,108,56,108.0,108.0,56.0,56.0,1497.7993646176055,18.2658459099708,0.10949397087097168,0.0,0.10949397087097168,0.10949397087097168,0.0,0.0,0.0,0.0,9.1329229549854,9.1329229549854,56.0,108.0,82.0,26.0,676.0,0,0,0
443,0.03695797920227051,3,3,186,188,78.0,62.0,78.0,62.666666666666664,10119.600910891344,162.34653867740124,0.007391595840454101,0.014484507416202717,0.03635883331298828,0.0,0.018478989601135254,0.018039822578430176,0.0,0.0,81.17326933870062,81.17326933870062,54.0,78.0,62.333333333333336,11.100550536897808,123.22222222222223,1,0,2
53,0.026851892471313477,1,1,87,315,87.0,87.0,315.0,315.0,14971.011835738069,74.48264594894562,0.026851892471313477,0.0,0.026851892471313477,0.026851892471313477,0.0,0.0,0.0,0.0,37.24132297447281,37.24132297447281,87.0,315.0,201.0,114.0,12996.0,0,0,0
443,0.15240693092346191,7,7,1382,2731,866.0,197.42857142857142,1334.0,390.14285714285717,26986.961649831595,91.85933943536162,0.011723610071035532,0.014482556411065965,0.04616689682006836,7.605552673339844e-05,0.02540115515391032,0.02074911317493923,0.01500264803568522,0.012263042787227375,45.92966971768081,45.92966971768081,54.0,1334.0,293.7857142857143,368.70084245155965,135940.3112244898,0,2,0
53,0.035040855407714844,1,1,76,158,76.0,76.0,158.0,158.0,6677.919168276951,57.0762322074953,0.035040855407714844,0.0,0.035040855407714844,0.035040855407714844,0.0,0.0,0.0,0.0,28.53811610374765,28.53811610374765,76.0,158.0,117.0,41.0,1681.0,0,0,0
53,0.04177403450012207,1,1,76,141,76.0,76.0,141.0,141.0,5194.614372221239,47.8766301587211,0.04177403450012207,0.0,0.04177403450012207,0.04177403450012207,0.0,0.0,0.0,0.0,23.93831507936055,23.93831507936055,76.0,141.0,108.5,32.5,1056.25,0,0,0
53,0.04034900665283203,1,1,76,129,76.0,76.0,129.0,129.0,5080.6703065541615,49.56751518589425,0.04034900665283203,0.0,0.04034900665283203,0.04034900665283203,0.0,0.0,0.0,0.0,24.783757592947126,24.783757592947126,76.0,129.0,102.5,26.5,702.25,0,0,0
53,0.031510114669799805,1,1,90,122,90.0,90.0,122.0,122.0,6727.998365654533,63.47168269485408,0.031510114669799805,0.0,0.031510114669799805,0.031510114669799805,0.0,0.0,0.0,0.0,31.73584134742704,31.73584134742704,90.0,122.0,106.0,16.0,256.0,0,0,0
443,0.35778307914733887,16,16,2826,9023,571.0,176.625,2614.0,563.9375,33117.832258133305,89.43966851719686,0.011541389649914156,0.022431552929092553,0.08270883560180664,0.0,0.023852205276489256,0.02816818407017917,0.021972195307413737,0.03524446201949657,44.71983425859843,44.71983425859843,54.0,2614.0,370.28125,553.3960626426949,306247.2021484375,0,2,0
53,0.023572921752929688,1,1,79,163,79.0,79.0,163.0,163.0,10266.01634436443,84.84311028400356,0.023572921752929688,0.0,0.023572921752929688,0.023572921752929688,0.0,0.0,0.0,0.0,42.42155514200178,42.42155514200178,79.0,163.0,121.0,42.0,1764.0,0,0,0
443,0.7353999614715576,9,9,1750,6275,745.0,194.44444444444446,1338.0,697.2222222222222,10912.429181994696,24.476476669894645,0.0432588212630328,0.10377835379594683,0.44353795051574707,0.0,0.0919249951839447,0.16160777450440167,0.08512851595878601,0.13998376595914336,12.238238334947322,12.238238334947322,54.0,1338.0,445.8333333333333,511.35411192027954,261483.02777777778,2,2,0
443,0.4612400531768799,9,9,1764,6289,759.0,196.0,3898.0,698.7777777777778,17459.45510268115,39.0252318202236,0.02713176783393411,0.05423453688765219,0.22510099411010742,0.0,0.05672252178192139,0.08593379161268368,0.048450738191604614,0.07050148817396522,19.5126159101118,19.5126159101118,54.0,3898.0,447.3888888888889,898.6073261125852,807495.12654321,2,2,0
443,0.7431261539459229,10,11,3013,6546,1115.0,301.3,3898.0,595.0909090909091,12863.226451178849,28.25899732971606,0.037156307697296144,0.06845769677882274,0.2479557991027832,0.0,0.08115389611985949,0.11021053563392304,0.06662790775299073,0.0853241605453515,13.456665395102887,14.802331934613175,54.0,3898.0,455.1904761904762,851.4822716633131,725022.0589569162,2,2,0
443,0.5190460681915283,10,7,1964,6105,905.0,196.4,3898.0,872.1428571428571,15545.826265699665,32.75239143845511,0.03244037926197052,0.059239036307167744,0.21470904350280762,0.0,0.05767178535461426,0.08481661951059498,0.07952133814493816,0.07709257046877531,19.26611261085595,13.486278827599163,54.0,3898.0,474.6470588235294,921.9240712117158,849943.9930795849,2,2,0
53,0.02658700942993164,1,1,94,158,94.0,94.0,158.0,158.0,9478.31310866797,75.22470721165055,0.02658700942993164,0.0,0.02658700942993164,0.02658700942993164,0.0,0.0,0.0,0.0,37.61235360582528,37.61235360582528,94.0,158.0,126.0,32.0,1024.0,0,0,0
27020,0.07054281234741211,1,1,108,56,108.0,108.0,56.0,56.0,2324.8293418233193,28.35157733930877,0.07054281234741211,0.0,0.07054281234741211,0.07054281234741211,0.0,0.0,0.0,0.0,14.175788669654384,14.175788669654384,56.0,108.0,82.0,26.0,676.0,0,0,0
53,3.0077009201049805,2,2,162,366,86.0,81.0,208.0,183.0,175.54936944381117,1.3299194654834179,1.002566973368327,1.3611204608604122,2.9274771213531494,0.03636288642883301,2.9713380336761475,0.0,2.9638400077819824,0.0,0.6649597327417089,0.6649597327417089,76.0,208.0,132.0,54.092513345194085,2926.0,0,0,0
53,1.75468111038208,2,2,155,289,79.0,77.5,154.0,144.5,253.0374307747118,2.279616493465872,0.5848937034606934,0.7762385563900387,1.6826601028442383,0.03494095802307129,1.7197401523590088,0.0,1.7176010608673096,0.0,1.139808246732936,1.139808246732936,76.0,154.0,111.0,34.18332927027442,1168.5,0,0,0
443,3.626650094985962,12,14,1350,10020,395.0,112.5,3894.0,715.7142857142857,3135.124619747473,7.169150405754995,0.1450660037994385,0.485094830886043,2.466557025909424,0.0,0.329695463180542,0.6957361311944863,0.08704046102670523,0.13260996998399663,3.308838648809998,3.860311756944997,54.0,3894.0,437.3076923076923,801.4729598217546,642358.9053254437,0,2,1
443,3.1192641258239746,27,25,2019,13765,229.0,74.77777777777777,2494.0,550.6,5060.167835524525,16.67059854582332,0.061162041682823035,0.12635908665881176,0.6225161552429199,0.0,0.10825854081373948,0.1538605385853861,0.11714908480644226,0.21113586910504134,8.655887706485185,8.014710839338134,54.0,2494.0,303.53846153846155,513.112765441644,263284.7100591716,4,2,2
53,0.03871583938598633,1,1,76,158,76.0,76.0,158.0,158.0,6044.037885039351,51.65844346187479,0.03871583938598633,0.0,0.03871583938598633,0.03871583938598633,0.0,0.0,0.0,0.0,25.829221730937395,25.829221730937395,76.0,158.0,117.0,41.0,1681.0,0,0,0
53,0.0426180362701416,1,1,76,129,76.0,76.0,129.0,129.0,4810.17001113268,46.92848791348956,0.0426180362701416,0.0,0.0426180362701416,0.0426180362701416,0.0,0.0,0.0,0.0,23.46424395674478,23.46424395674478,76.0,129.0,102.5,26.5,702.25,0,0,0
53,0.04258608818054199,1,1,76,141,76.0,76.0,141.0,141.0,5095.560763412627,46.963693672005775,0.04258608818054199,0.0,0.04258608818054199,0.04258608818054199,0.0,0.0,0.0,0.0,23.481846836002887,23.481846836002887,76.0,141.0,108.5,32.5,1056.25,0,0,0
53,0.8436760902404785,4,4,350,980,92.0,87.5,269.0,245.0,1576.4343868283638,9.48231210122324,0.12052515574863978,0.1403035799542831,0.44277501106262207,0.024550914764404297,0.27205363909403485,0.1500842300839324,0.2730417251586914,0.14166150604207317,4.74115605061162,4.74115605061162,83.0,269.0,166.25,79.9917964543865,6398.6875,0,0,0
53,0.8484370708465576,4,4,350,1016,92.0,87.5,317.0,254.0,1610.01923058009,9.429102375286032,0.12120529583522252,0.13851467173550117,0.44271111488342285,0.024478912353515625,0.27200833956400555,0.1499051389552095,0.27465271949768066,0.14260797785752774,4.714551187643016,4.714551187643016,83.0,317.0,170.75,89.16943142131164,7951.1875,0,0,0
53,0.041934967041015625,1,1,81,271,81.0,81.0,271.0,271.0,8393.94960429364,47.692895478941146,0.041934967041015625,0.0,0.041934967041015625,0.041934967041015625,0.0,0.0,0.0,0.0,23.846447739470573,23.846447739470573,81.0,271.0,176.0,95.0,9025.0,0,0,0
53,0.044541120529174805,1,1,81,256,81.0,81.0,256.0,256.0,7566.042254802777,44.9023279216782,0.044541120529174805,0.0,0.044541120529174805,0.044541120529174805,0.0,0.0,0.0,0.0,22.4511639608391,22.4511639608391,81.0,256.0,168.5,87.5,7656.25,0,0,0
53,0.03752303123474121,1,1,81,244,81.0,81.0,244.0,244.0,8661.347159477198,53.30059790447507,0.03752303123474121,0.0,0.03752303123474121,0.03752303123474121,0.0,0.0,0.0,0.0,26.650298952237534,26.650298952237534,81.0,244.0,162.5,81.5,6642.25,0,0,0
443,1.781938076019287,14,20,16780,5118,13054.0,1198.5714285714287,1334.0,255.9,12288.866989653452,19.080348782912473,0.05399812351573597,0.10677732309030673,0.3240170478820801,0.0,0.13707215969379133,0.14108109918505016,0.07672774164300215,0.12267310458707456,7.856614204728666,11.223734578183809,54.0,13054.0,644.0588235294117,2219.217574641706,4924926.643598615,2,2,0
80,0.4859910011291504,9,16,1076,21693,516.0,119.55555555555556,5138.0,1355.8125,46850.66173467936,51.44128171491871,0.020249625047047932,0.022598197027793414,0.05612611770629883,0.0,0.0607488751411438,0.03604208125803451,0.025220537185668947,0.03492989506621019,18.518861417370733,32.92242029754797,66.0,5138.0,910.76,1164.2637254505528,1355510.0224000001,0,2,0
443,1.8967950344085693,14,17,14966,5819,13054.0,1069.0,1334.0,342.29411764705884,10957.957830420444,16.343357841858733,0.06322650114695232,0.12418235766950005,0.3803679943084717,0.0,0.14590731033912072,0.15506796431795117,0.10217112302780151,0.15157250504497297,7.380871283420074,8.96248655843866,54.0,13054.0,670.483870967742,2294.578306482166,5265089.604578566,2,2,0
27020,0.056043148040771484,1,1,108,56,108.0,108.0,56.0,56.0,2926.316699423982,35.68678901736563,0.056043148040771484,0.0,0.056043148040771484,0.056043148040771484,0.0,0.0,0.0,0.0,17.843394508682817,17.843394508682817,56.0,108.0,82.0,26.0,676.0,0,0,0
80,0.10113191604614258,5,7,590,7381,350.0,118.0,2614.0,1054.4285714285713,78817.84812979457,118.65690346976977,0.009193810549649324,0.018894802663093315,0.05572700500488281,0.0,0.025282979011535645,0.024241590552274088,0.007510662078857422,0.01679435096435508,49.4403764457374,69.21652702403236,54.0,2614.0,664.25,787.131514318499,619576.0208333334,0,2,0
80,0.14858603477478027,5,5,578,6890,350.0,115.6,5174.0,1378.0,50260.44346172669,67.30107587269241,0.01650955941942003,0.022175769337122748,0.05731797218322754,0.0,0.03714650869369507,0.020781876336712992,0.012665748596191406,0.019546770400257873,33.650537936346204,33.650537936346204,54.0,5174.0,746.8,1522.6104426280544,2318342.5599999996,0,2,0
80,0.2328171730041504,6,7,644,16076,350.0,107.33333333333333,10294.0,2296.5714285714284,71816.00817608903,55.83780540006923,0.0194014310836792,0.022492690184871784,0.05368208885192871,0.0,0.04656343460083008,0.031543589622049846,0.03157782554626465,0.03431276466659776,25.77129480003195,30.066510600037276,54.0,10294.0,1286.1538461538462,2698.8233859663833,7283647.668639054,0,2,0
53,8.218946933746338,10,10,933,2470,95.0,93.3,311.0,247.0,414.0433108318968,2.4334017680393583,0.432576154407702,0.8878008576107714,3.5141611099243164,0.005120992660522461,0.9125910864935981,1.1349712039542783,0.9085807800292969,1.1298280621703682,1.2167008840196791,1.2167008840196791,89.0,311.0,170.15,83.85241499205614,7031.227500000001,0,0,0
53,10.861288785934448,11,11,1022,2603,95.0,92.9090909090909,295.0,236.63636363636363,333.75413097333677,2.025542312114044,0.5172042279016404,0.9691415034502521,3.517098903656006,0.0034220218658447266,1.081811499595642,1.1904527936694032,1.0824944972991943,1.1929447458204885,1.012771156057022,1.012771156057022,89.0,295.0,164.77272727272728,77.90024612995416,6068.448347107438,0,0,0
80,5.393224000930786,174,575,13081,2630791,533.0,75.17816091954023,40642.0,4575.288695652174,490221.0624931783,138.8779698137393,0.00721019251461335,0.03090213095014582,0.4923429489135742,0.0,0.031174705207692405,0.06078985995776328,0.009313482856085907,0.040219784473397704,32.26270593803824,106.61526387570106,66.0,40642.0,3529.8691588785045,5711.023908811751,32615794.087019455,2,2,0
80,5.391716957092285,119,431,9371,2350237,533.0,78.74789915966386,64734.0,5452.986078886311,437635.73250931926,102.00832209423157,0.009820978063920374,0.08664492778051128,1.9400718212127686,0.0,0.04569251658552784,0.18323275062085828,0.012432416649751884,0.10118317715177562,22.070891507661013,79.93743058657056,66.0,64734.0,4290.1963636363635,7957.337026554084,63319212.55416859,2,2,0
80,5.323451042175293,116,357,8650,2123564,535.0,74.56896551724138,52054.0,5948.358543417367,400532.2831199975,88.8521367535148,0.011278497970710366,0.08804563606280551,1.6867170333862305,0.0,0.04629087862761124,0.17494116062705267,0.014820752518900325,0.10869134344198715,21.790376032574454,67.06176072094034,66.0,52054.0,4507.85200845666,7421.715831888444,55081865.88930358,2,2,0
80,5.298555135726929,55,219,4648,1161450,535.0,84.50909090909092,64734.0,5303.424657534247,220078.48746109512,51.71221077845949,0.019408626870794612,0.17084107329908996,2.021155834197998,0.0,0.09812139140235053,0.37421897507487023,0.02404072087839109,0.19554275761889703,10.38018829494625,41.33202248351325,66.0,64734.0,4255.832116788321,8362.735579101842,69935346.36597581,2,2,0
80,0.0507659912109375,2,1,132,66,66.0,66.0,66.0,66.0,3900.2488728584312,59.09467989179441,0.02538299560546875,0.024856090545654297,0.05023908615112305,0.0005269050598144531,0.0507659912109375,0.0,0.0,0.0,39.39645326119627,19.698226630598136,66.0,66.0,66.0,0.0,0.0,2,0,0
27020,0.8448028564453125,4,5,506,2535,271.0,126.5,1334.0,507.0,3599.6563894156957,10.653373069628827,0.10560035705566406,0.1183190462610714,0.35152697563171387,0.0,0.2816009521484375,0.16325050248396455,0.18242746591567993,0.13179643756681364,4.73483247539059,5.918540594238237,54.0,1334.0,337.8888888888889,401.13490234152306,160909.20987654323,0,0,0
53,0.02867293357849121,1,1,95,127,95.0,95.0,127.0,127.0,7742.49343522114,69.75219311010036,0.02867293357849121,0.0,0.02867293357849121,0.02867293357849121,0.0,0.0,0.0,0.0,34.87609655505018,34.87609655505018,95.0,127.0,111.0,16.0,256.0,0,0,0
80,0.15161800384521484,4,3,506,1339,332.0,126.5,1217.0,446.3333333333333,12168.739550769578,46.1686595422152,0.02526966730753581,0.020024425216971266,0.05530214309692383,0.0,0.05053933461507162,0.02044252093756919,0.029531002044677734,0.029531002044677734,26.382091166980118,19.78656837523509,54.0,1217.0,263.57142857142856,400.4825150964261,160386.24489795914,0,2,0
28174,0.056429147720336914,2,4,110,216,56.0,55.0,54.0,54.0,5777.156189132207,106.32802802083818,0.011285829544067382,0.02207856868033809,0.05544114112854004,2.8848648071289062e-05,0.05637717247009277,0.0,0.01861731211344401,0.02607542104328219,35.44267600694606,70.88535201389212,54.0,56.0,54.333333333333336,0.7453559924999298,0.5555555555555554,2,0,2
28173,0.0564570426940918,2,4,110,216,56.0,55.0,54.0,54.0,5774.301742413365,106.27549219165702,0.011291408538818359,0.02210035392523744,0.05549001693725586,3.0040740966796875e-05,0.05637717247009277,0.0,0.01860499382019043,0.026138235878024264,35.425164063885674,70.85032812777135,54.0,56.0,54.333333333333336,0.7453559924999298,0.5555555555555554,2,0,2
28172,0.05370020866394043,2,4,110,216,56.0,55.0,54.0,54.0,6070.739911647835,111.73140941683131,0.010740041732788086,0.020956880668972146,0.05265212059020996,6.699562072753906e-05,0.053623199462890625,0.0,0.017707347869873047,0.024764365082877788,37.24380313894377,74.48760627788754,54.0,56.0,54.333333333333336,0.7453559924999298,0.5555555555555554,2,0,2
53,0.15178418159484863,1,1,86,257,86.0,86.0,257.0,257.0,2259.787524602241,13.176603641995573,0.15178418159484863,0.0,0.15178418159484863,0.15178418159484863,0.0,0.0,0.0,0.0,6.588301820997787,6.588301820997787,86.0,257.0,171.5,85.5,7310.25,0,0,0
53,0.1414780616760254,1,1,86,281,86.0,86.0,281.0,281.0,2594.041759212136,14.136467352654693,0.1414780616760254,0.0,0.1414780616760254,0.1414780616760254,0.0,0.0,0.0,0.0,7.068233676327346,7.068233676327346,86.0,281.0,183.5,97.5,9506.25,0,0,0
80,0.16544198989868164,4,7,524,7381,350.0,131.0,2614.0,1054.4285714285713,47781.09840700721,66.48856198318524,0.016544198989868163,0.03270937865948403,0.09757113456726074,0.0,0.05514732996622721,0.03979455307732844,0.01129150390625,0.023858992561101817,24.17765890297645,42.31090308020879,54.0,2614.0,718.6363636363636,800.2540815524294,640406.5950413223,0,2,0
53,0.027100801467895508,1,1,79,215,79.0,79.0,215.0,215.0,10848.387651866384,73.79855545487337,0.027100801467895508,0.0,0.027100801467895508,0.027100801467895508,0.0,0.0,0.0,0.0,36.89927772743668,36.89927772743668,79.0,215.0,147.0,68.0,4624.0,0,0,0
53,0.025776147842407227,1,1,79,164,79.0,79.0,164.0,164.0,9427.320229759604,77.59111300213665,0.025776147842407227,0.0,0.025776147842407227,0.025776147842407227,0.0,0.0,0.0,0.0,38.795556501068326,38.795556501068326,79.0,164.0,121.5,42.5,1806.25,0,0,0
53,0.025822877883911133,1,1,79,176,79.0,79.0,176.0,176.0,9874.964407389967,77.45070123443112,0.025822877883911133,0.0,0.025822877883911133,0.025822877883911133,0.0,0.0,0.0,0.0,38.72535061721556,38.72535061721556,79.0,176.0,127.5,48.5,2352.25,0,0,0
80,0.11677193641662598,6,7,656,6998,350.0,109.33333333333333,2614.0,999.7142857142857,65546.57081896455,111.32811871525205,0.009730994701385498,0.01957128942063652,0.05518388748168945,0.0,0.023354387283325194,0.025347939710661342,0.010862151781717936,0.02223099843478371,51.38220863780864,59.94591007744341,54.0,2614.0,588.7692307692307,778.6436089909718,606285.8698224853,0,2,0
53,2.6813299655914307,3,3,246,571,94.0,82.0,204.0,190.33333333333334,304.6995373505966,2.2376955007387753,0.5362659931182862,0.8446369145208361,2.208966016769409,0.03415489196777344,1.3235875368118286,0.9430004358291626,1.3118540048599243,0.9316450357437134,1.1188477503693877,1.1188477503693877,74.0,204.0,136.16666666666666,56.1973210116718,3158.1388888888887,0,0,0
53,3.164191961288452,3,3,244,583,94.0,81.33333333333333,216.0,194.33333333333334,261.36214557072805,1.8962187103075798,0.6328383922576905,0.8256411799993436,2.2089600563049316,0.05363106727600098,1.5552804470062256,0.7108795642852783,1.55349600315094,0.7872511148452759,0.9481093551537899,0.9481093551537899,74.0,216.0,137.83333333333334,57.914928031457386,3354.1388888888887,0,0,0
443,0.47365307807922363,16,18,2126,7797,575.0,132.875,2618.0,433.1666666666667,20949.932470068885,71.78249561446559,0.014353123578158293,0.03143945426119349,0.14194703102111816,0.0,0.03157687187194824,0.055312689056176,0.025372883852790382,0.04135751859165119,33.779997936219104,38.00249767824649,54.0,2618.0,291.8529411764706,501.55928230650863,251561.71366782003,2,2,0
443,0.16348910331726074,14,14,1553,11744,511.0,110.92857142857143,2614.0,838.8571428571429,81332.63765106318,171.2652368376152,0.006055151974713361,0.010829063426055406,0.03974580764770508,0.0,0.012576084870558519,0.013137751446859766,0.011107848240778996,0.014864840453910245,85.6326184188076,85.6326184188076,54.0,2614.0,474.89285714285717,798.3628936448509,637383.3099489795,2,2,2
80,0.22906494140625,5,5,578,15166,350.0,115.6,12854.0,3033.2,68731.6003197442,43.65574207300826,0.02545166015625,0.027696590130536665,0.06246495246887207,0.0,0.0572662353515625,0.03941026954251401,0.043796002864837646,0.046311842224769896,21.82787103650413,21.82787103650413,54.0,12854.0,1574.4,3782.7681715907465,14309335.040000001,0,2,0
443,0.5563571453094482,15,18,1991,7202,533.0,132.73333333333332,1334.0,400.1111111111111,16523.558792233744,59.314417507202606,0.017386160790920258,0.03913841165278026,0.16695117950439453,0.0,0.039739796093532016,0.06492905448321756,0.029064402860753676,0.04987140899769782,26.961098866910273,32.35331864029233,54.0,1334.0,278.57575757575756,391.98554629375553,153652.66850321396,2,2,0
443,0.5329380035400391,17,17,1728,11171,511.0,101.6470588235294,2614.0,657.1176470588235,24203.565732446237,63.79728931724723,0.016149636470910275,0.043561350745819585,0.22659993171691895,0.0,0.03330862522125244,0.05808061575779382,0.025718435645103455,0.05379971335007004,31.898644658623613,31.898644658623613,54.0,2614.0,379.38235294117646,661.2997013326853,437317.29498269886,4,2,5
443,0.02512812614440918,1,1,55,66,55.0,55.0,66.0,66.0,4815.3212581242,79.5920869111438,0.02512812614440918,0.0,0.02512812614440918,0.02512812614440918,0.0,0.0,0.0,0.0,39.7960434555719,39.7960434555719,55.0,66.0,60.5,5.5,30.25,0,0,0
53,0.032887935638427734,1,1,76,169,76.0,76.0,169.0,169.0,7449.540241550797,60.812573400414664,0.032887935638427734,0.0,0.032887935638427734,0.032887935638427734,0.0,0.0,0.0,0.0,30.406286700207332,30.406286700207332,76.0,169.0,122.5,46.5,2162.25,0,0,0
53,0.032150983810424805,1,1,76,152,76.0,76.0,152.0,152.0,7091.540381606365,62.20649457549443,0.032150983810424805,0.0,0.032150983810424805,0.032150983810424805,0.0,0.0,0.0,0.0,31.103247287747216,31.103247287747216,76.0,152.0,114.0,38.0,1444.0,0,0,0
53,0.03190493583679199,1,1,76,140,76.0,76.0,140.0,140.0,6770.112345780494,62.68622542389347,0.03190493583679199,0.0,0.03190493583679199,0.03190493583679199,0.0,0.0,0.0,0.0,31.343112711946734,31.343112711946734,76.0,140.0,108.0,32.0,1024.0,0,0,0
53,0.033023834228515625,1,1,94,158,94.0,94.0,158.0,158.0,7630.8522582880905,60.56231951022294,0.033023834228515625,0.0,0.033023834228515625,0.033023834228515625,0.0,0.0,0.0,0.0,30.28115975511147,30.28115975511147,94.0,158.0,126.0,32.0,1024.0,0,0,0
80,6.828487873077393,263,724,20011,5302215,535.0,76.08745247148289,64734.0,7323.501381215469,779415.0182185846,144.54151758714173,0.006925444090342183,0.017625829081753117,0.14667105674743652,0.0,0.02606293081327249,0.030811000440968322,0.009321306750982134,0.02201126357230722,38.515115628589946,106.02640195855179,66.0,64734.0,5392.326241134751,9554.767151750193,91293575.32416448,0,2,0
28183,0.058853864669799805,2,4,110,216,56.0,55.0,54.0,54.0,5539.1434671117395,101.94742577506268,0.01177077293395996,0.022970461283347357,0.057710886001586914,6.699562072753906e-05,0.058786869049072266,0.0,0.0194552739461263,0.027098200737700175,33.98247525835423,67.96495051670846,54.0,56.0,54.333333333333336,0.7453559924999298,0.5555555555555554,2,0,2
1312,0.05695486068725586,2,4,110,216,56.0,55.0,54.0,54.0,5723.8310491196635,105.34658372612878,0.011390972137451171,0.022143125234683456,0.05567312240600586,5.0067901611328125e-05,0.0568850040435791,0.0,0.01869066556294759,0.026200108749941865,35.115527908709595,70.23105581741919,54.0,56.0,54.333333333333336,0.7453559924999298,0.5555555555555554,2,0,2
80,9.04051399230957,278,750,20400,4253300,535.0,73.38129496402878,52054.0,5671.066666666667,472727.5466456308,113.71034886672167,0.008802837382969397,0.018430965107715316,0.13057208061218262,0.0,0.032637234629276424,0.030723554470437023,0.012022385769119568,0.024868402240949196,30.750463993140688,82.95988487358099,66.0,52054.0,4157.295719844358,6610.672050498526,43700984.95924238,0,2,0
1319,0.0521240234375,2,4,110,216,56.0,55.0,54.0,54.0,6254.31381733021,115.11007025761124,0.0104248046875,0.020217553951419304,0.050856828689575195,3.314018249511719e-05,0.052073001861572266,0.0,0.01715429623921712,0.0238682009958995,38.37002341920375,76.7400468384075,54.0,56.0,54.333333333333336,0.7453559924999298,0.5555555555555554,2,0,2
53,0.02895379066467285,1,1,95,319,95.0,95.0,319.0,319.0,14298.64589389086,69.07558402845827,0.02895379066467285,0.0,0.02895379066467285,0.02895379066467285,0.0,0.0,0.0,0.0,34.53779201422913,34.53779201422913,95.0,319.0,207.0,112.0,12544.0,0,0,0
53,0.051045894622802734,1,1,95,152,95.0,95.0,152.0,152.0,4838.78286050574,39.1804280202894,0.051045894622802734,0.0,0.051045894622802734,0.051045894622802734,0.0,0.0,0.0,0.0,19.5902140101447,19.5902140101447,95.0,152.0,123.5,28.5,812.25,0,0,0
53,0.05053305625915527,1,1,95,223,95.0,95.0,223.0,223.0,6292.910493463111,39.578053418006995,0.05053305625915527,0.0,0.05053305625915527,0.05053305625915527,0.0,0.0,0.0,0.0,19.789026709003497,19.789026709003497,95.0,223.0,159.0,64.0,4096.0,0,0,0
27020,0.06846499443054199,1,1,108,56,108.0,108.0,56.0,56.0,2395.384697889352,29.212008510845756,0.06846499443054199,0.0,0.06846499443054199,0.06846499443054199,0.0,0.0,0.0,0.0,14.606004255422878,14.606004255422878,56.0,108.0,82.0,26.0,676.0,0,0,0
53,0.05203700065612793,1,1,89,238,89.0,89.0,238.0,238.0,6283.990158481437,38.43419057175191,0.05203700065612793,0.0,0.05203700065612793,0.05203700065612793,0.0,0.0,0.0,0.0,19.217095285875956,19.217095285875956,89.0,238.0,163.5,74.5,5550.25,0,0,0
53,0.051885128021240234,1,1,89,226,89.0,89.0,226.0,226.0,6071.103840604351,38.54669105145619,0.051885128021240234,0.0,0.051885128021240234,0.051885128021240234,0.0,0.0,0.0,0.0,19.273345525728097,19.273345525728097,89.0,226.0,157.5,68.5,4692.25,0,0,0
80,0.029912948608398438,2,1,108,54,54.0,54.0,54.0,54.0,5415.714850475037,100.29101574953772,0.014956474304199219,0.01492166519165039,0.02987813949584961,3.4809112548828125e-05,0.029912948608398438,0.0,0.0,0.0,66.86067716635847,33.430338583179235,54.0,54.0,54.0,0.0,0.0,2,0,0
1321,0.05221390724182129,2,4,132,240,66.0,66.0,66.0,60.0,7124.538645942256,114.91191364422994,0.010442781448364257,0.02042133046738634,0.051284074783325195,3.0994415283203125e-06,0.05211997032165527,0.0,0.017262697219848633,0.02412373370381205,38.303971214743314,76.60794242948663,54.0,66.0,62.0,5.656854249492381,32.0,2,0,2
443,0.09437203407287598,2,2,208,647,154.0,104.0,591.0,323.5,9059.887374471042,42.38543800922125,0.03145734469095866,0.021607178379257668,0.052455902099609375,0.0017330646514892578,0.09437203407287598,0.0,0.0017330646514892578,0.0,21.192719004610623,21.192719004610623,54.0,591.0,213.75,221.52468824038553,49073.1875,0,0,0
1322,0.0561370849609375,2,4,132,240,66.0,66.0,66.0,60.0,6626.635498776842,106.88121772220713,0.0112274169921875,0.021923776382502744,0.05507302284240723,3.504753112792969e-05,0.05605506896972656,0.0,0.01850732167561849,0.025914132654462737,35.62707257406904,71.25414514813808,54.0,66.0,62.0,5.656854249492381,32.0,2,0,2
53,0.04456496238708496,1,1,89,250,89.0,89.0,250.0,250.0,7606.87279516796,44.878305576212156,0.04456496238708496,0.0,0.04456496238708496,0.04456496238708496,0.0,0.0,0.0,0.0,22.439152788106078,22.439152788106078,89.0,250.0,169.5,80.5,6480.25,0,0,0
443,0.5103230476379395,10,8,5090,6952,4025.0,509.0,3894.0,869.0,23596.817850452007,35.271775561213765,0.030019002802231732,0.05773895116010361,0.23031902313232422,0.0,0.05670256084865994,0.07804147668854736,0.06594501222882952,0.07715061212596815,19.59543086734098,15.676344693872784,54.0,4025.0,669.0,1211.306365504248,1467263.111111111,2,2,0
80,0.2552521228790283,7,7,722,7386,350.0,103.14285714285714,2614.0,1055.142857142857,31764.67215452945,54.847731889912716,0.019634778683002178,0.030082672464774328,0.09463310241699219,0.0,0.04254202047983805,0.03297075710430001,0.03477883338928223,0.05487278056905085,27.423865944956358,27.423865944956358,54.0,2614.0,579.1428571428571,758.2463656493239,574937.5510204082,0,2,0
53,7.079816102981567,7,7,599,1442,95.0,85.57142857142857,271.0,206.0,288.28432409995236,1.9774524926013393,0.5446012386908898,0.9732051623041927,3.6753058433532715,0.01653599739074707,1.1737411816914876,1.1883809537519479,1.1728441715240479,1.1832988725986773,0.9887262463006696,0.9887262463006696,70.0,271.0,145.78571428571428,69.33992724400626,4808.025510204082,0,0,0
53,2.1810340881347656,5,5,437,1152,95.0,87.4,346.0,230.4,728.5534915040796,4.584981066734296,0.24233712090386283,0.2931844226013239,0.8021659851074219,0.017940044403076172,0.5359077453613281,0.30516839525571976,0.5390055179595947,0.3200570919240138,2.292490533367148,2.292490533367148,70.0,346.0,158.9,86.99476995773941,7568.089999999999,0,0,0
27020,0.5243818759918213,2,2,170,315,116.0,85.0,259.0,157.5,924.8984799153594,7.628028700332861,0.17479395866394043,0.09807924962601854,0.279832124710083,0.043823957443237305,0.5243818759918213,0.0,0.279832124710083,0.0,3.8140143501664303,3.8140143501664303,54.0,259.0,121.25,83.34079133293612,6945.6875,0,0,0
13876,0.06244707107543945,2,4,110,216,56.0,55.0,54.0,54.0,5220.420980291842,96.08136773543269,0.012489414215087891,0.024267680119692388,0.06102180480957031,5.316734313964844e-05,0.06236600875854492,0.0,0.02056296666463216,0.028666707457463924,32.02712257847756,64.05424515695512,54.0,56.0,54.333333333333336,0.7453559924999298,0.5555555555555554,2,0,2
80,16.462555170059204,381,875,28167,3811559,531.0,73.92913385826772,36838.0,4356.0674285714285,233239.97765446463,76.29435327781398,0.013117573840684625,0.03650672744524551,0.7061159610748291,0.0,0.04332251360541896,0.05995320144116425,0.018725305454681887,0.04907252437815226,23.143430413094848,53.150922864719135,66.0,36838.0,3057.106687898089,4754.778051751758,22607914.321420237,0,2,0
27020,0.06755495071411133,1,1,108,56,108.0,108.0,56.0,56.0,2427.6533143224187,29.60552822344413,0.06755495071411133,0.0,0.06755495071411133,0.06755495071411133,0.0,0.0,0.0,0.0,14.802764111722064,14.802764111722064,56.0,108.0,82.0,26.0,676.0,0,0,0
53,0.7539448738098145,2,2,165,580,91.0,82.5,344.0,290.0,988.1359047318481,5.305427676412607,0.2513149579366048,0.2927409557557605,0.6652719974517822,0.03927898406982422,0.7146658897399902,0.0,0.7045509815216064,0.0,2.6527138382063034,2.6527138382063034,74.0,344.0,186.25,110.7166992824479,12258.1875,0,0,0
53,0.7490520477294922,2,2,165,703,91.0,82.5,455.0,351.5,1158.7979802352318,5.340082858226875,0.24968401590983072,0.29288217968019503,0.6637852191925049,0.034880876541137695,0.7141711711883545,0.0,0.6986660957336426,0.0,2.6700414291134376,2.6700414291134376,74.0,455.0,217.0,153.24000783085336,23482.5,0,0,0
13877,0.0706939697265625,2,4,132,240,66.0,66.0,66.0,60.0,5262.117850205051,84.87286855169437,0.0141387939453125,0.027753675429466693,0.06964516639709473,5.4836273193359375e-05,0.07059001922607422,0.0,0.02342335383097331,0.03275769150344497,28.29095618389812,56.58191236779624,54.0,66.0,62.0,5.656854249492381,32.0,2,0,2
80,51.01964592933655,1667,4787,123247,26582179,532.0,73.93341331733653,64734.0,5552.993315228745,523434.1695939573,126.50028988713382,0.00790634525481738,0.018888893381003583,0.3110160827636719,0.0,0.030624037172470916,0.031157104554815487,0.010647665692132933,0.02378007084455632,32.673688137876056,93.82660174925776,66.0,64734.0,4137.810040285094,7218.978202685221,52113646.29084434,2,2,0
80,51.002504110336304,1368,3749,100050,18105021,532.0,73.1359649122807,49518.0,4829.29341157642,356944.6504159099,100.32840718820657,0.00996921503329482,0.026911935276450964,1.1716268062591553,0.0,0.03730980549402802,0.04640756668563831,0.013595987727573358,0.033858971237436364,26.822212435697985,73.50619475250859,66.0,49518.0,3557.7625561852647,5711.746927649041,32624052.96550826,2,2,0
53,0.02533698081970215,1,1,89,229,89.0,89.0,229.0,229.0,12550.824514684156,78.93600323700727,0.02533698081970215,0.0,0.02533698081970215,0.02533698081970215,0.0,0.0,0.0,0.0,39.468001618503635,39.468001618503635,89.0,229.0,159.0,70.0,4900.0,0,0,0
53,0.049497127532958984,1,1,89,238,89.0,89.0,238.0,238.0,6606.443975607642,40.40638517191218,0.049497127532958984,0.0,0.049497127532958984,0.049497127532958984,0.0,0.0,0.0,0.0,20.20319258595609,20.20319258595609,89.0,238.0,163.5,74.5,5550.25,0,0,0
443,0.9519109725952148,10,10,1702,6204,622.0,170.2,2618.0,620.4,8305.39853789657,21.01036817074771,0.05010057750501131,0.09422252980803389,0.3438878059387207,0.0,0.10576788584391277,0.15093504481497355,0.09774144490559895,0.12052193137768129,10.505184085373855,10.505184085373855,54.0,2618.0,395.3,634.8798390246772,403072.41,3,2,0
53,3.7693588733673096,2,2,184,439,95.0,92.0,233.0,219.5,165.28009694217593,1.0611884233847573,1.2564529577891033,1.707555701870688,3.6712660789489746,0.03773689270019531,3.7316219806671143,0.0,3.70900297164917,0.0,0.5305942116923786,0.5305942116923786,89.0,233.0,155.75,64.49563938748108,4159.6875,0,0,0
53,3.613895893096924,2,2,183,360,95.0,91.5,218.0,180.0,150.25335982622255,1.1068387464178457,1.2046319643656414,1.6534146032962318,3.542912006378174,0.03334498405456543,3.5762569904327393,0.0,3.5805509090423584,0.0,0.5534193732089229,0.5534193732089229,88.0,218.0,135.75,51.8284429632996,2686.1875,0,0,0
53,0.01987910270690918,1,1,94,204,94.0,94.0,204.0,204.0,14990.61624629703,100.6081627268257,0.01987910270690918,0.0,0.01987910270690918,0.01987910270690918,0.0,0.0,0.0,0.0,50.30408136341285,50.30408136341285,94.0,204.0,149.0,55.0,3025.0,0,0,0
443,0.05009102821350098,1,1,55,66,55.0,55.0,66.0,66.0,2415.6022408696936,39.92730976644121,0.05009102821350098,0.0,0.05009102821350098,0.05009102821350098,0.0,0.0,0.0,0.0,19.963654883220606,19.963654883220606,55.0,66.0,60.5,5.5,30.25,0,0,0
53,0.636275053024292,2,2,189,511,95.0,94.5,295.0,255.5,1100.1531439474418,6.286589393985381,0.21209168434143066,0.24817771957072732,0.562586784362793,0.020933151245117188,0.5835199356079102,0.0,0.6153419017791748,0.0,3.1432946969926907,3.1432946969926907,94.0,295.0,175.0,85.20856764433961,7260.5,0,0,0
80,0.10166692733764648,4,4,524,5101,350.0,131.0,3894.0,1275.25,55327.7269934478,78.68832283512577,0.014523846762520927,0.022438386876109155,0.05621504783630371,0.0,0.03388897577921549,0.02297916765967486,0.01954968770345052,0.027647433490378254,39.34416141756289,39.34416141756289,54.0,3894.0,703.125,1251.2774909567422,1565695.359375,0,2,0
80,4.452747106552124,108,302,8178,1349188,539.0,75.72222222222223,41910.0,4467.509933774834,304837.8826640894,92.07798920282124,0.010886912240958738,0.02354949194812049,0.25551700592041016,0.0,0.041614458939739474,0.039104663081991405,0.01458828552220747,0.03141393066004537,24.254689838791936,67.82329936402931,66.0,41910.0,3310.6487804878047,5666.154290389427,32105304.44249851,2,2,0
53,0.03837895393371582,1,1,94,158,94.0,94.0,158.0,158.0,6566.098712206395,52.111894541320595,0.03837895393371582,0.0,0.03837895393371582,0.03837895393371582,0.0,0.0,0.0,0.0,26.055947270660297,26.055947270660297,94.0,158.0,126.0,32.0,1024.0,0,0,0
53,0.059719085693359375,1,1,94,204,94.0,94.0,204.0,204.0,4990.029511338231,33.49013094857873,0.059719085693359375,0.0,0.059719085693359375,0.059719085693359375,0.0,0.0,0.0,0.0,16.745065474289365,16.745065474289365,94.0,204.0,149.0,55.0,3025.0,0,0,0
53,0.2332139015197754,1,1,94,216,94.0,94.0,216.0,216.0,1329.251806945623,8.5758181093266,0.2332139015197754,0.0,0.2332139015197754,0.2332139015197754,0.0,0.0,0.0,0.0,4.2879090546633,4.2879090546633,94.0,216.0,155.0,61.0,3721.0,0,0,0
80,0.21699309349060059,5,5,590,6186,350.0,118.0,3894.0,1237.2,31226.800314239095,46.08441604816868,0.024110343721177842,0.027787149939444755,0.07710695266723633,0.0,0.054248273372650146,0.04503316992297922,0.04323846101760864,0.043435348702735146,23.04220802408434,23.04220802408434,54.0,3894.0,677.6,1143.2761871044108,1307080.44,0,2,0
13891,0.08045101165771484,2,4,110,216,56.0,55.0,54.0,54.0,4052.155383539397,74.57954693630792,0.016090202331542968,0.031573650047043746,0.07923603057861328,5.793571472167969e-05,0.08031010627746582,0.0,0.026588996251424152,0.03732687796367344,24.859848978769307,49.719697957538614,54.0,56.0,54.333333333333336,0.7453559924999298,0.5555555555555554,2,0,2
80,26.143270015716553,1140,3194,84268,18080545,532.0,73.91929824561403,64734.0,5660.784283030683,694817.9393427011,165.77880262853608,0.0060335264287367995,0.018432834998324127,0.7671880722045898,0.0,0.02295282705506282,0.032675081721489,0.008171378950172182,0.023755490122888037,43.605868711705384,122.1729339168307,66.0,64734.0,4191.235117674204,7103.606762343594,50461229.03401364,2,2,0
80,26.160187005996704,949,2850,70649,15429020,532.0,74.44573234984193,64734.0,5413.691228070175,592490.7569065546,145.22067442136995,0.006887884941020723,0.016755133251042904,0.1546030044555664,0.0,0.027595133972570362,0.027652878269428718,0.009167535968645283,0.020979609943085755,36.276499085517266,108.94417533585269,66.0,64734.0,4079.9339299815742,6799.83849080483,46237803.501030914,2,2,0
27020,0.06155896186828613,1,1,108,56,108.0,108.0,56.0,56.0,2664.112503243647,32.48917686882497,0.06155896186828613,0.0,0.06155896186828613,0.06155896186828613,0.0,0.0,0.0,0.0,16.244588434412485,16.244588434412485,56.0,108.0,82.0,26.0,676.0,0,0,0
53,0.026629924774169922,1,1,71,132,71.0,71.0,132.0,132.0,7623.003133561338,75.10347914838756,0.026629924774169922,0.0,0.026629924774169922,0.026629924774169922,0.0,0.0,0.0,0.0,37.55173957419378,37.55173957419378,71.0,132.0,101.5,30.5,930.25,0,0,0
53,0.025975942611694336,1,1,71,99,71.0,71.0,99.0,99.0,6544.517076483924,76.99431854686969,0.025975942611694336,0.0,0.025975942611694336,0.025975942611694336,0.0,0.0,0.0,0.0,38.497159273434846,38.497159273434846,71.0,99.0,85.0,14.0,196.0,0,0,0
53,0.028270959854125977,1,1,71,103,71.0,71.0,103.0,103.0,6154.725587592872,70.74397227118244,0.028270959854125977,0.0,0.028270959854125977,0.028270959854125977,0.0,0.0,0.0,0.0,35.37198613559122,35.37198613559122,71.0,103.0,87.0,16.0,256.0,0,0,0
53,0.021995067596435547,1,1,79,129,79.0,79.0,129.0,129.0,9456.665640514233,90.92947731263685,0.021995067596435547,0.0,0.021995067596435547,0.021995067596435547,0.0,0.0,0.0,0.0,45.464738656318424,45.464738656318424,79.0,129.0,104.0,25.0,625.0,0,0,0
53,0.025352001190185547,1,1,79,107,79.0,79.0,107.0,107.0,7336.698929787274,78.88923580416424,0.025352001190185547,0.0,0.025352001190185547,0.025352001190185547,0.0,0.0,0.0,0.0,39.44461790208212,39.44461790208212,79.0,107.0,93.0,14.0,196.0,0,0,0
53,0.02264094352722168,1,1,79,95,79.0,79.0,95.0,95.0,7685.1920853385,88.33554121078735,0.02264094352722168,0.0,0.02264094352722168,0.02264094352722168,0.0,0.0,0.0,0.0,44.16777060539368,44.16777060539368,79.0,95.0,87.0,8.0,64.0,0,0,0
80,5.211510896682739,132,344,9802,2126842,529.0,74.25757575757575,57126.0,6182.680232558139,409985.51904785016,91.33627645353025,0.010971601887753136,0.022224829356927097,0.18697094917297363,0.0,0.03978252592887587,0.034884407618851206,0.0150348076667452,0.031008930114728696,25.328547251819312,66.00772920171094,66.0,57126.0,4488.747899159664,7293.611456562675,53196768.0793023,0,2,0
13894,0.0624690055847168,2,4,110,216,56.0,55.0,54.0,54.0,5218.587953315472,96.04763104261605,0.01249380111694336,0.024456488451111886,0.061405181884765625,2.9802322387695312e-05,0.06240701675415039,0.0,0.020653724670410156,0.028860009345035863,32.01587701420535,64.0317540284107,54.0,56.0,54.333333333333336,0.7453559924999298,0.5555555555555554,2,0,2
53,0.03508901596069336,1,1,89,238,89.0,89.0,238.0,238.0,9319.155611724897,56.99789364969356,0.03508901596069336,0.0,0.03508901596069336,0.03508901596069336,0.0,0.0,0.0,0.0,28.49894682484678,28.49894682484678,89.0,238.0,163.5,74.5,5550.25,0,0,0
53,0.03844714164733887,1,1,89,250,89.0,89.0,250.0,250.0,8817.300466950683,52.01947178141995,0.03844714164733887,0.0,0.03844714164733887,0.03844714164733887,0.0,0.0,0.0,0.0,26.009735890709976,26.009735890709976,89.0,250.0,169.5,80.5,6480.25,0,0,0
13897,0.06924891471862793,2,4,132,240,66.0,66.0,66.0,60.0,5371.9253436896415,86.64395715628454,0.013849782943725585,0.02721803657271148,0.06828498840332031,7.295608520507812e-05,0.06916499137878418,0.0,0.022974650065104168,0.0320990248143744,28.881319052094845,57.76263810418969,54.0,66.0,62.0,5.656854249492381,32.0,2,0,2
53,0.05382800102233887,1,1,92,218,92.0,92.0,218.0,218.0,5759.084381962254,37.1553831094339,0.05382800102233887,0.0,0.05382800102233887,0.05382800102233887,0.0,0.0,0.0,0.0,18.57769155471695,18.57769155471695,92.0,218.0,155.0,63.0,3969.0,0,0,0
53,0.052056074142456055,1,1,92,230,92.0,92.0,230.0,230.0,6185.637417044138,38.42010818039837,0.052056074142456055,0.0,0.052056074142456055,0.052056074142456055,0.0,0.0,0.0,0.0,19.210054090199186,19.210054090199186,92.0,230.0,161.0,69.0,4761.0,0,0,0
80,98.81606197357178,2783,7861,203314,39364012,534.0,73.05569529284945,55858.0,5007.506932960183,400413.91257407353,107.71528218607541,0.009284606029650642,0.023727950859695472,1.344048023223877,0.0,0.03551979222630186,0.040989647585461315,0.01256423791249593,0.029984052270239717,28.163437647862445,79.55184453821296,66.0,55858.0,3717.336151822623,5862.936947490469,34374029.650248855,2,2,0
80,98.79914808273315,3529,10088,262917,53934718,534.0,74.50184188155285,64734.0,5346.42327517843,548563.7887749354,137.82507505628791,0.007256106645324115,0.017022772449329204,0.4114251136779785,0.0,0.02800429367424409,0.027892336696006825,0.009789592460797967,0.021258220801399105,35.71893147342587,102.10614358286203,66.0,64734.0,3980.145039289124,6752.25125585126,45592897.02214492,2,2,0
27020,0.08768796920776367,1,1,108,56,108.0,108.0,56.0,56.0,1870.2679681339896,22.80814595285353,0.08768796920776367,0.0,0.08768796920776367,0.08768796920776367,0.0,0.0,0.0,0.0,11.404072976426765,11.404072976426765,56.0,108.0,82.0,26.0,676.0,0,0,0
53,0.049224138259887695,1,1,89,229,89.0,89.0,229.0,229.0,6460.245140728757,40.63047258319973,0.049224138259887695,0.0,0.049224138259887695,0.049224138259887695,0.0,0.0,0.0,0.0,20.315236291599867,20.315236291599867,89.0,229.0,159.0,70.0,4900.0,0,0,0
53,0.048979997634887695,1,1,89,241,89.0,89.0,241.0,241.0,6737.4441799675815,40.83299503010655,0.048979997634887695,0.0,0.048979997634887695,0.048979997634887695,0.0,0.0,0.0,0.0,20.416497515053276,20.416497515053276,89.0,241.0,165.0,76.0,5776.0,0,0,0
53,1.3406338691711426,2,2,175,539,92.0,87.5,321.0,269.5,532.5838891728404,2.9836632446657725,0.44687795639038086,0.5672721406458437,1.249121904373169,0.04566502571105957,1.294968843460083,0.0,1.2947869300842285,0.0,1.4918316223328862,1.4918316223328862,83.0,321.0,178.5,98.06757874037677,9617.25,0,0,0
53,2.30669903755188,2,2,179,433,92.0,89.5,230.0,216.5,265.31419575633976,1.7340797108257502,0.76889967918396,1.0271816816345825,2.2215490341186523,0.03930401802062988,2.26739501953125,0.0,2.2608530521392822,0.0,0.8670398554128751,0.8670398554128751,87.0,230.0,153.0,64.23783931609157,4126.5,0,0,0
53,1.0118260383605957,2,2,170,466,87.0,85.0,251.0,233.0,628.5665478924368,3.9532487288832505,0.33727534612019855,0.4185509516194653,0.9291911125183105,0.03928208351135254,0.9725439548492432,0.0,0.9684731960296631,0.0,1.9766243644416253,1.9766243644416253,83.0,251.0,159.0,75.09993342207434,5640.0,0,0,0
53,0.0236971378326416,1,1,80,131,80.0,80.0,131.0,131.0,8904.028895395048,84.3983781554033,0.0236971378326416,0.0,0.0236971378326416,0.0236971378326416,0.0,0.0,0.0,0.0,42.19918907770165,42.19918907770165,80.0,131.0,105.5,25.5,650.25,0,0,0
53,0.028723955154418945,1,1,80,96,80.0,80.0,96.0,96.0,6127.289889356474,69.62829419723266,0.028723955154418945,0.0,0.028723955154418945,0.028723955154418945,0.0,0.0,0.0,0.0,34.81414709861633,34.81414709861633,80.0,96.0,88.0,8.0,64.0,0,0,0
53,0.03511786460876465,1,1,80,108,80.0,80.0,108.0,108.0,5353.400672120574,56.95107098000611,0.03511786460876465,0.0,0.03511786460876465,0.03511786460876465,0.0,0.0,0.0,0.0,28.475535490003054,28.475535490003054,80.0,108.0,94.0,14.0,196.0,0,0,0
443,0.0325930118560791,2,2,208,1581,154.0,104.0,1334.0,790.5,54889.06664715994,122.72569401265498,0.010864337285359701,0.01530720919466307,0.03251194953918457,0.0,0.0325930118560791,0.0,0.0,0.0,61.36284700632749,61.36284700632749,54.0,1334.0,447.25,516.494615170381,266766.6875,0,0,0
443,0.01604294776916504,1,1,55,66,55.0,55.0,66.0,66.0,7542.254811336177,124.66536878241615,0.01604294776916504,0.0,0.01604294776916504,0.01604294776916504,0.0,0.0,0.0,0.0,62.332684391208076,62.332684391208076,55.0,66.0,60.5,5.5,30.25,0,0,0
53,0.03128790855407715,1,1,94,158,94.0,94.0,158.0,158.0,8054.229625621995,63.92245734620631,0.03128790855407715,0.0,0.03128790855407715,0.03128790855407715,0.0,0.0,0.0,0.0,31.961228673103154,31.961228673103154,94.0,158.0,126.0,32.0,1024.0,0,0,0
67,0.01663684844970703,1,1,342,352,342.0,342.0,352.0,352.0,41714.63135568931,120.21507595299512,0.01663684844970703,0.0,0.01663684844970703,0.01663684844970703,0.0,0.0,0.0,0.0,60.10753797649756,60.10753797649756,342.0,352.0,347.0,5.0,25.0,0,0,0
27020,0.05884385108947754,1,1,108,56,108.0,108.0,56.0,56.0,2787.0371663918254,33.988258126729576,0.05884385108947754,0.0,0.05884385108947754,0.05884385108947754,0.0,0.0,0.0,0.0,16.994129063364788,16.994129063364788,56.0,108.0,82.0,26.0,676.0,0,0,0
80,70.44503092765808,2470,7394,181336,37252457,540.0,73.41538461538461,63466.0,5038.200838517717,531390.1137816488,140.02407082665079,0.007142353333433852,0.01807575576892072,0.8931879997253418,0.0,0.02853180677507415,0.03103120886029323,0.00952077005449045,0.022815382859445767,35.06279956831178,104.961271258339,66.0,63466.0,3794.9911800486616,5722.058748190601,32741956.317744594,2,2,0
80,70.42945408821106,3117,9548,230272,51733723,540.0,73.87616297722168,64734.0,5418.278487641391,737816.2399912464,179.82533251127316,0.0055613908787279735,0.013971558961264044,0.27160000801086426,0.0,0.02260252056746183,0.02348294163607034,0.007371754899528921,0.017496519714924313,44.257051830843935,135.5682806804292,66.0,64734.0,4102.9605211212,6373.657471351975,40623509.562120855,2,2,0
53,0.04350090026855469,1,1,89,226,89.0,89.0,226.0,226.0,7241.229447099575,45.9760599815846,0.04350090026855469,0.0,0.04350090026855469,0.04350090026855469,0.0,0.0,0.0,0.0,22.9880299907923,22.9880299907923,89.0,226.0,157.5,68.5,4692.25,0,0,0
53,0.05474710464477539,1,1,89,238,89.0,89.0,238.0,238.0,5972.918606777978,36.531612273871424,0.05474710464477539,0.0,0.05474710464477539,0.05474710464477539,0.0,0.0,0.0,0.0,18.265806136935712,18.265806136935712,89.0,238.0,163.5,74.5,5550.25,0,0,0
443,1.7732861042022705,14,14,5968,5551,3220.0,426.2857142857143,1334.0,396.5,6495.849695490582,15.78989421596808,0.06567726311860261,0.11888007423441553,0.407459020614624,0.0,0.13640662340017465,0.14905698238785234,0.11845761079054612,0.14908347109336206,7.89494710798404,7.89494710798404,54.0,3220.0,411.39285714285717,709.7828309362216,503791.6670918368,2,2,1
443,1.7928800582885742,13,10,5581,5291,2887.0,429.3076923076923,3894.0,529.1,6063.9862380855875,12.828521291019914,0.08149454810402611,0.1275888454342054,0.3194539546966553,0.0,0.14940667152404785,0.1490967040647101,0.17146820492214626,0.15491593563503894,7.25090333840256,5.577617952617354,54.0,3894.0,472.69565217391306,966.4260215859711,933979.2551984878,2,2,0
53,0.9875059127807617,4,4,305,754,83.0,76.25,219.0,188.5,1072.398642169053,8.101217315724668,0.14107227325439453,0.164571555024314,0.5169930458068848,0.023350000381469727,0.3187832832336426,0.1761325758706397,0.32138530413309735,0.16726398721600533,4.050608657862334,4.050608657862334,74.0,219.0,132.375,61.577060460856686,3791.734375,0,0,0
53,0.8984568119049072,3,3,231,638,83.0,77.0,275.0,212.66666666666666,967.2139923537861,6.6781173235014,0.17969136238098143,0.18029118433153205,0.4931180477142334,0.042204856872558594,0.42797350883483887,0.11184358596801758,0.4281259775161743,0.10750186443328857,3.3390586617507,3.3390586617507,74.0,275.0,144.83333333333334,74.72486571119117,5583.805555555555,0,0,0
53,0.8319618701934814,4,4,305,739,83.0,76.25,208.0,184.75,1254.8652016434442,9.615825299949764,0.11885169574192592,0.11444422517936634,0.36483001708984375,0.03235602378845215,0.26653528213500977,0.10230701771591966,0.262442668279012,0.10579579716217413,4.807912649974882,4.807912649974882,74.0,208.0,130.5,57.42386263566741,3297.5,0,0,0
27020,0.05957913398742676,1,1,108,56,108.0,108.0,56.0,56.0,2752.6415545853624,33.568799446162956,0.05957913398742676,0.0,0.05957913398742676,0.05957913398742676,0.0,0.0,0.0,0.0,16.784399723081478,16.784399723081478,56.0,108.0,82.0,26.0,676.0,0,0,0
53,0.040444135665893555,1,1,95,152,95.0,95.0,152.0,152.0,6107.189483302384,49.45092699030271,0.040444135665893555,0.0,0.040444135665893555,0.040444135665893555,0.0,0.0,0.0,0.0,24.725463495151356,24.725463495151356,95.0,152.0,123.5,28.5,812.25,0,0,0
53,0.009999990463256836,1,1,95,319,95.0,95.0,319.0,319.0,41400.03948215435,200.00019073504518,0.009999990463256836,0.0,0.009999990463256836,0.009999990463256836,0.0,0.0,0.0,0.0,100.00009536752259,100.00009536752259,95.0,319.0,207.0,112.0,12544.0,0,0,0
53,0.009428977966308594,1,1,95,223,95.0,95.0,223.0,223.0,33725.8185496106,212.1120663497522,0.009428977966308594,0.0,0.009428977966308594,0.009428977966308594,0.0,0.0,0.0,0.0,106.0560331748761,106.0560331748761,95.0,223.0,159.0,64.0,4096.0,0,0,0
53,0.12920093536376953,1,1,71,132,71.0,71.0,132.0,132.0,1571.196055419001,15.479764092798039,0.12920093536376953,0.0,0.12920093536376953,0.12920093536376953,0.0,0.0,0.0,0.0,7.739882046399019,7.739882046399019,71.0,132.0,101.5,30.5,930.25,0,0,0
53,0.10838890075683594,1,1,71,103,71.0,71.0,103.0,103.0,1605.330423918208,18.452073838140322,0.10838890075683594,0.0,0.10838890075683594,0.10838890075683594,0.0,0.0,0.0,0.0,9.226036919070161,9.226036919070161,71.0,103.0,87.0,16.0,256.0,0,0,0
53,0.12787985801696777,1,1,71,99,71.0,71.0,99.0,99.0,1329.3727615606479,15.639679547772328,0.12787985801696777,0.0,0.12787985801696777,0.12787985801696777,0.0,0.0,0.0,0.0,7.819839773886164,7.819839773886164,71.0,99.0,85.0,14.0,196.0,0,0,0
53,0.08354997634887695,1,1,76,158,76.0,76.0,158.0,158.0,2800.7189256750203,23.937768595512992,0.08354997634887695,0.0,0.08354997634887695,0.08354997634887695,0.0,0.0,0.0,0.0,11.968884297756496,11.968884297756496,76.0,158.0,117.0,41.0,1681.0,0,0,0
53,0.08554315567016602,1,1,76,141,76.0,76.0,141.0,141.0,2536.7312942802832,23.38001192885054,0.08554315567016602,0.0,0.08554315567016602,0.08554315567016602,0.0,0.0,0.0,0.0,11.69000596442527,11.69000596442527,76.0,141.0,108.5,32.5,1056.25,0,0,0
53,0.08542323112487793,1,1,76,129,76.0,76.0,129.0,129.0,2399.8155689090713,23.412834818625083,0.08542323112487793,0.0,0.08542323112487793,0.08542323112487793,0.0,0.0,0.0,0.0,11.706417409312541,11.706417409312541,76.0,129.0,102.5,26.5,702.25,0,0,0
27020,0.06618690490722656,1,1,108,56,108.0,108.0,56.0,56.0,2477.8315322325006,30.217457710152445,0.06618690490722656,0.0,0.06618690490722656,0.06618690490722656,0.0,0.0,0.0,0.0,15.108728855076222,15.108728855076222,56.0,108.0,82.0,26.0,676.0,0,0,0
443,0.01876997947692871,1,1,55,66,55.0,55.0,66.0,66.0,6446.464160961296,106.55312662745945,0.01876997947692871,0.0,0.01876997947692871,0.01876997947692871,0.0,0.0,0.0,0.0,53.276563313729724,53.276563313729724,55.0,66.0,60.5,5.5,30.25,0,0,0
53,0.145460844039917,1,1,94,158,94.0,94.0,158.0,158.0,1732.4249811918237,13.749404612633521,0.145460844039917,0.0,0.145460844039917,0.145460844039917,0.0,0.0,0.0,0.0,6.8747023063167605,6.8747023063167605,94.0,158.0,126.0,32.0,1024.0,0,0,0
53,0.05243992805480957,1,1,89,146,89.0,89.0,146.0,146.0,4481.318123746869,38.13887764890952,0.05243992805480957,0.0,0.05243992805480957,0.05243992805480957,0.0,0.0,0.0,0.0,19.06943882445476,19.06943882445476,89.0,146.0,117.5,28.5,812.25,0,0,0
53,0.050488948822021484,1,1,89,185,89.0,89.0,185.0,185.0,5426.930177648915,39.61262903393368,0.050488948822021484,0.0,0.050488948822021484,0.050488948822021484,0.0,0.0,0.0,0.0,19.80631451696684,19.80631451696684,89.0,185.0,137.0,48.0,2304.0,0,0,0
53,0.04695296287536621,1,1,89,201,89.0,89.0,201.0,201.0,6176.394038642192,42.59582095615305,0.04695296287536621,0.0,0.04695296287536621,0.04695296287536621,0.0,0.0,0.0,0.0,21.297910478076524,21.297910478076524,89.0,201.0,145.0,56.0,3136.0,0,0,0
27020,0.12103486061096191,1,1,108,56,108.0,108.0,56.0,56.0,1354.981524927264,16.524164938137364,0.12103486061096191,0.0,0.12103486061096191,0.12103486061096191,0.0,0.0,0.0,0.0,8.262082469068682,8.262082469068682,56.0,108.0,82.0,26.0,676.0,0,0,0
27020,0.07306194305419922,1,1,108,56,108.0,108.0,56.0,56.0,2244.6706608711543,27.374032449648222,0.07306194305419922,0.0,0.07306194305419922,0.07306194305419922,0.0,0.0,0.0,0.0,13.687016224824111,13.687016224824111,56.0,108.0,82.0,26.0,676.0,0,0,0
53,0.051152944564819336,1,1,80,216,80.0,80.0,216.0,216.0,5786.568153958732,39.09843347269414,0.051152944564819336,0.0,0.051152944564819336,0.051152944564819336,0.0,0.0,0.0,0.0,19.54921673634707,19.54921673634707,80.0,216.0,148.0,68.0,4624.0,0,0,0
53,0.05109405517578125,1,1,80,192,80.0,80.0,192.0,192.0,5323.515604001792,39.143497088248466,0.05109405517578125,0.0,0.05109405517578125,0.05109405517578125,0.0,0.0,0.0,0.0,19.571748544124233,19.571748544124233,80.0,192.0,136.0,56.0,3136.0,0,0,0
443,0.034510135650634766,1,1,55,66,55.0,55.0,66.0,66.0,3506.2162961325357,57.95398836582704,0.034510135650634766,0.0,0.034510135650634766,0.034510135650634766,0.0,0.0,0.0,0.0,28.97699418291352,28.97699418291352,55.0,66.0,60.5,5.5,30.25,0,0,0
53,0.04224801063537598,1,1,94,158,94.0,94.0,158.0,158.0,5964.777896287267,47.33950711339101,0.04224801063537598,0.0,0.04224801063537598,0.04224801063537598,0.0,0.0,0.0,0.0,23.669753556695504,23.669753556695504,94.0,158.0,126.0,32.0,1024.0,0,0,0
53,0.05610394477844238,1,1,89,146,89.0,89.0,146.0,146.0,4188.653773420535,35.6481172206003,0.05610394477844238,0.0,0.05610394477844238,0.05610394477844238,0.0,0.0,0.0,0.0,17.82405861030015,17.82405861030015,89.0,146.0,117.5,28.5,812.25,0,0,0
53,0.009936094284057617,1,1,89,201,89.0,89.0,201.0,201.0,29186.51853629274,201.2863347330534,0.009936094284057617,0.0,0.009936094284057617,0.009936094284057617,0.0,0.0,0.0,0.0,100.6431673665267,100.6431673665267,89.0,201.0,145.0,56.0,3136.0,0,0,0
53,0.01335597038269043,1,1,89,185,89.0,89.0,185.0,185.0,20515.169781681216,149.7457648297899,0.01335597038269043,0.0,0.01335597038269043,0.01335597038269043,0.0,0.0,0.0,0.0,74.87288241489495,74.87288241489495,89.0,185.0,137.0,48.0,2304.0,0,0,0
53,0.11887001991271973,1,1,79,153,79.0,79.0,153.0,153.0,1951.711627291271,16.825100235269577,0.11887001991271973,0.0,0.11887001991271973,0.11887001991271973,0.0,0.0,0.0,0.0,8.412550117634789,8.412550117634789,79.0,153.0,116.0,37.0,1369.0,0,0,0
53,0.12067508697509766,1,1,79,131,79.0,79.0,131.0,131.0,1740.210057137438,16.57342911559465,0.12067508697509766,0.0,0.12067508697509766,0.12067508697509766,0.0,0.0,0.0,0.0,8.286714557797325,8.286714557797325,79.0,131.0,105.0,26.0,676.0,0,0,0
53,0.1222989559173584,1,1,79,199,79.0,79.0,199.0,199.0,2273.1183427915294,16.35336937260093,0.1222989559173584,0.0,0.1222989559173584,0.1222989559173584,0.0,0.0,0.0,0.0,8.176684686300465,8.176684686300465,79.0,199.0,139.0,60.0,3600.0,0,0,0
27020,0.11974287033081055,1,1,108,56,108.0,108.0,56.0,56.0,1369.60137623995,16.702455807804267,0.11974287033081055,0.0,0.11974287033081055,0.11974287033081055,0.0,0.0,0.0,0.0,8.351227903902133,8.351227903902133,56.0,108.0,82.0,26.0,676.0,0,0,0
53,0.051589012145996094,1,1,76,158,76.0,76.0,158.0,158.0,4535.8495979295685,38.7679452814493,0.051589012145996094,0.0,0.051589012145996094,0.051589012145996094,0.0,0.0,0.0,0.0,19.38397264072465,19.38397264072465,76.0,158.0,117.0,41.0,1681.0,0,0,0
53,0.05032515525817871,1,1,76,129,76.0,76.0,129.0,129.0,4073.5095390825236,39.74155647885389,0.05032515525817871,0.0,0.05032515525817871,0.05032515525817871,0.0,0.0,0.0,0.0,19.870778239426944,19.870778239426944,76.0,129.0,102.5,26.5,702.25,0,0,0
53,0.04244804382324219,1,1,76,141,76.0,76.0,141.0,141.0,5112.13192541002,47.11642327566839,0.04244804382324219,0.0,0.04244804382324219,0.04244804382324219,0.0,0.0,0.0,0.0,23.558211637834194,23.558211637834194,76.0,141.0,108.5,32.5,1056.25,0,0,0
53,0.06542587280273438,1,1,92,212,92.0,92.0,212.0,212.0,4646.479855402017,30.568946417118536,0.06542587280273438,0.0,0.06542587280273438,0.06542587280273438,0.0,0.0,0.0,0.0,15.284473208559268,15.284473208559268,92.0,212.0,152.0,60.0,3600.0,0,0,0
53,0.0824289321899414,1,1,92,229,92.0,92.0,229.0,229.0,3894.263718718545,24.26332535027131,0.0824289321899414,0.0,0.0824289321899414,0.0824289321899414,0.0,0.0,0.0,0.0,12.131662675135654,12.131662675135654,92.0,229.0,160.5,68.5,4692.25,0,0,0
53,0.03429818153381348,1,1,80,158,80.0,80.0,158.0,158.0,6939.143399347963,58.31212940628541,0.03429818153381348,0.0,0.03429818153381348,0.03429818153381348,0.0,0.0,0.0,0.0,29.156064703142704,29.156064703142704,80.0,158.0,119.0,39.0,1521.0,0,0,0
53,0.034742116928100586,1,1,80,136,80.0,80.0,136.0,136.0,6217.237724661849,57.567015969091194,0.034742116928100586,0.0,0.034742116928100586,0.034742116928100586,0.0,0.0,0.0,0.0,28.783507984545597,28.783507984545597,80.0,136.0,108.0,28.0,784.0,0,0,0
53,0.03699898719787598,1,1,80,204,80.0,80.0,204.0,204.0,7675.885787930534,54.055533717820666,0.03699898719787598,0.0,0.03699898719787598,0.03699898719787598,0.0,0.0,0.0,0.0,27.027766858910333,27.027766858910333,80.0,204.0,142.0,62.0,3844.0,0,0,0
27020,0.11141180992126465,1,1,108,56,108.0,108.0,56.0,56.0,1472.016298055832,17.951418268973562,0.11141180992126465,0.0,0.11141180992126465,0.11141180992126465,0.0,0.0,0.0,0.0,8.975709134486781,8.975709134486781,56.0,108.0,82.0,26.0,676.0,0,0,0
53,0.035655975341796875,1,1,79,215,79.0,79.0,215.0,215.0,8245.46228736493,56.09158018615599,0.035655975341796875,0.0,0.035655975341796875,0.035655975341796875,0.0,0.0,0.0,0.0,28.045790093077994,28.045790093077994,79.0,215.0,147.0,68.0,4624.0,0,0,0
53,0.04242587089538574,1,1,79,176,79.0,79.0,176.0,176.0,6010.483570950901,47.14104761530118,0.04242587089538574,0.0,0.04242587089538574,0.04242587089538574,0.0,0.0,0.0,0.0,23.57052380765059,23.57052380765059,79.0,176.0,127.5,48.5,2352.25,0,0,0
53,0.04241490364074707,1,1,79,164,79.0,79.0,164.0,164.0,5729.118284888787,47.15323691266491,0.04241490364074707,0.0,0.04241490364074707,0.04241490364074707,0.0,0.0,0.0,0.0,23.576618456332454,23.576618456332454,79.0,164.0,121.5,42.5,1806.25,0,0,0
443,0.04962301254272461,1,1,55,66,55.0,55.0,66.0,66.0,2438.384809786003,40.30388115348766,0.04962301254272461,0.0,0.04962301254272461,0.04962301254272461,0.0,0.0,0.0,0.0,20.15194057674383,20.15194057674383,55.0,66.0,60.5,5.5,30.25,0,0,0
53,0.052607059478759766,1,1,94,158,94.0,94.0,158.0,158.0,4790.231624745072,38.01771130750057,0.052607059478759766,0.0,0.052607059478759766,0.052607059478759766,0.0,0.0,0.0,0.0,19.008855653750285,19.008855653750285,94.0,158.0,126.0,32.0,1024.0,0,0,0
27020,0.058281898498535156,1,1,108,56,108.0,108.0,56.0,56.0,2813.9097082453814,34.315972051772945,0.058281898498535156,0.0,0.058281898498535156,0.058281898498535156,0.0,0.0,0.0,0.0,17.157986025886473,17.157986025886473,56.0,108.0,82.0,26.0,676.0,0,0,0
443,0.023890018463134766,5,3,294,188,78.0,58.8,78.0,62.666666666666664,20175.790183828667,334.8678868685256,0.003412859780447824,0.005363302904903072,0.014343023300170898,0.0,0.005972504615783691,0.006026433301291436,0.004496932029724121,0.004496932029724121,209.29242929282847,125.57545757569709,54.0,78.0,60.25,10.268276388956425,105.4375,2,0,2
53,0.022951126098632812,1,1,87,315,87.0,87.0,315.0,315.0,17515.48042882074,87.1416936757251,0.022951126098632812,0.0,0.022951126098632812,0.022951126098632812,0.0,0.0,0.0,0.0,43.57084683786255,43.57084683786255,87.0,315.0,201.0,114.0,12996.0,0,0,0
443,0.09169197082519531,7,9,1382,6071,866.0,197.42857142857142,1334.0,674.5555555555555,81283.01674536642,174.49728537848688,0.006112798055013021,0.009103376421111203,0.028409957885742188,0.0,0.015281995137532553,0.012246217667348168,0.008424997329711914,0.012217696892410868,76.34256235308801,98.15472302539887,54.0,1334.0,465.8125,521.5402931162174,272004.27734375,0,2,0
53,0.04151797294616699,1,1,79,129,79.0,79.0,129.0,129.0,5009.878499359707,48.17190864768949,0.04151797294616699,0.0,0.04151797294616699,0.04151797294616699,0.0,0.0,0.0,0.0,24.085954323844746,24.085954323844746,79.0,129.0,104.0,25.0,625.0,0,0,0
53,0.04042696952819824,1,1,79,95,79.0,79.0,95.0,95.0,4304.057465366855,49.47192488927419,0.04042696952819824,0.0,0.04042696952819824,0.04042696952819824,0.0,0.0,0.0,0.0,24.735962444637096,24.735962444637096,79.0,95.0,87.0,8.0,64.0,0,0,0
53,0.048120975494384766,1,1,79,107,79.0,79.0,107.0,107.0,3865.2583013763788,41.56191721910085,0.048120975494384766,0.0,0.048120975494384766,0.048120975494384766,0.0,0.0,0.0,0.0,20.780958609550424,20.780958609550424,79.0,107.0,93.0,14.0,196.0,0,0,0
53,0.040895938873291016,1,1,95,152,95.0,95.0,152.0,152.0,6039.719512621698,48.90461143823238,0.040895938873291016,0.0,0.040895938873291016,0.040895938873291016,0.0,0.0,0.0,0.0,24.45230571911619,24.45230571911619,95.0,152.0,123.5,28.5,812.25,0,0,0
53,0.04759407043457031,1,1,95,319,95.0,95.0,319.0,319.0,8698.562577645975,42.022041437903255,0.04759407043457031,0.0,0.04759407043457031,0.04759407043457031,0.0,0.0,0.0,0.0,21.011020718951627,21.011020718951627,95.0,319.0,207.0,112.0,12544.0,0,0,0
53,0.04262590408325195,1,1,95,223,95.0,95.0,223.0,223.0,7460.252324007472,46.91982593715392,0.04262590408325195,0.0,0.04262590408325195,0.04262590408325195,0.0,0.0,0.0,0.0,23.45991296857696,23.45991296857696,95.0,223.0,159.0,64.0,4096.0,0,0,0
23841,0.00020599365234375,2,1,132,54,78.0,66.0,54.0,54.0,902940.4444444445,14563.555555555555,0.000102996826171875,0.000102996826171875,0.00020599365234375,0.0,0.0,0.0,0.0,0.0,9709.037037037036,4854.518518518518,54.0,78.0,62.0,11.313708498984761,128.0,1,0,0
27020,0.07520604133605957,1,1,108,56,108.0,108.0,56.0,56.0,2180.6758750558747,26.593608232388718,0.07520604133605957,0.0,0.07520604133605957,0.07520604133605957,0.0,0.0,0.0,0.0,13.296804116194359,13.296804116194359,56.0,108.0,82.0,26.0,676.0,0,0,0
53,0.04623699188232422,1,1,86,294,86.0,86.0,294.0,294.0,8218.527731369759,43.255409112472414,0.04623699188232422,0.0,0.04623699188232422,0.04623699188232422,0.0,0.0,0.0,0.0,21.627704556236207,21.627704556236207,86.0,294.0,190.0,104.0,10816.0,0,0,0
53,2.4754650592803955,2,2,180,428,94.0,90.0,270.0,214.0,245.6104147867643,1.6158579920181861,0.8251550197601318,1.1022505045716442,2.383955955505371,0.03951001167297363,2.4234659671783447,0.0,2.435955047607422,0.0,0.8079289960090931,0.8079289960090931,86.0,270.0,152.0,73.62064927722385,5420.0,0,0,0
27020,0.10640311241149902,1,1,108,56,108.0,108.0,56.0,56.0,1541.308297127185,18.7964426478925,0.10640311241149902,0.0,0.10640311241149902,0.10640311241149902,0.0,0.0,0.0,0.0,9.39822132394625,9.39822132394625,56.0,108.0,82.0,26.0,676.0,0,0,0
53,2.5733699798583984,2,2,165,386,85.0,82.5,212.0,193.0,214.11612178297003,1.554382009313757,0.8577899932861328,1.160244334176658,2.4986231327056885,0.03679990768432617,2.5354230403900146,0.0,2.5365700721740723,0.0,0.7771910046568785,0.7771910046568785,80.0,212.0,137.75,56.88749862667544,3236.1875,0,0,0
53,2.5791709423065186,2,2,165,386,85.0,82.5,200.0,193.0,213.63454083708308,1.5508859588898953,0.8597236474355062,1.1557110491070286,2.494145154953003,0.04117298126220703,2.53531813621521,0.0,2.5379979610443115,0.0,0.7754429794449477,0.7754429794449477,80.0,200.0,137.75,55.49943693408069,3080.1875,0,0,0
27020,0.08066296577453613,1,1,108,56,108.0,108.0,56.0,56.0,2033.151129830784,24.794525973546147,0.08066296577453613,0.0,0.08066296577453613,0.08066296577453613,0.0,0.0,0.0,0.0,12.397262986773073,12.397262986773073,56.0,108.0,82.0,26.0,676.0,0,0,0
443,0.03010392189025879,1,1,55,54,55.0,55.0,54.0,54.0,3620.7906862550985,66.43652635330456,0.03010392189025879,0.0,0.03010392189025879,0.03010392189025879,0.0,0.0,0.0,0.0,33.21826317665228,33.21826317665228,54.0,55.0,54.5,0.5,0.25,0,0,1
27020,0.10274982452392578,1,1,108,56,108.0,108.0,56.0,56.0,1596.1097817915186,19.464753436481935,0.10274982452392578,0.0,0.10274982452392578,0.10274982452392578,0.0,0.0,0.0,0.0,9.732376718240968,9.732376718240968,56.0,108.0,82.0,26.0,676.0,0,0,0
53,0.03885507583618164,1,1,94,158,94.0,94.0,158.0,158.0,6485.6391237651105,51.47332637908818,0.03885507583618164,0.0,0.03885507583618164,0.03885507583618164,0.0,0.0,0.0,0.0,25.73666318954409,25.73666318954409,94.0,158.0,126.0,32.0,1024.0,0,0,0
27020,0.08036184310913086,1,1,108,56,108.0,108.0,56.0,56.0,2040.7695201476286,24.887433172532056,0.08036184310913086,0.0,0.08036184310913086,0.08036184310913086,0.0,0.0,0.0,0.0,12.443716586266028,12.443716586266028,56.0,108.0,82.0,26.0,676.0,0,0,0
53,0.059001922607421875,1,1,108,205,108.0,108.0,205.0,205.0,5304.911876899205,33.89720049136872,0.059001922607421875,0.0,0.059001922607421875,0.059001922607421875,0.0,0.0,0.0,0.0,16.94860024568436,16.94860024568436,108.0,205.0,156.5,48.5,2352.25,0,0,0
53,0.058920860290527344,1,1,108,193,108.0,108.0,193.0,193.0,5108.547270284706,33.943835682954855,0.058920860290527344,0.0,0.058920860290527344,0.058920860290527344,0.0,0.0,0.0,0.0,16.971917841477428,16.971917841477428,108.0,193.0,150.5,42.5,1806.25,0,0,0
53,0.061270952224731445,1,1,87,144,87.0,87.0,144.0,144.0,3770.138893104374,32.64189517839285,0.061270952224731445,0.0,0.061270952224731445,0.061270952224731445,0.0,0.0,0.0,0.0,16.320947589196425,16.320947589196425,87.0,144.0,115.5,28.5,812.25,0,0,0
53,0.06198620796203613,1,1,87,115,87.0,87.0,115.0,115.0,3258.7894410917384,32.265241991007315,0.06198620796203613,0.0,0.06198620796203613,0.06198620796203613,0.0,0.0,0.0,0.0,16.132620995503657,16.132620995503657,87.0,115.0,101.0,14.0,196.0,0,0,0
53,0.06182098388671875,1,1,87,103,87.0,87.0,103.0,103.0,3073.390102431198,32.35147476243367,0.06182098388671875,0.0,0.06182098388671875,0.06182098388671875,0.0,0.0,0.0,0.0,16.175737381216834,16.175737381216834,87.0,103.0,95.0,8.0,64.0,0,0,0
53,0.03304290771484375,1,1,73,178,73.0,73.0,178.0,178.0,7596.183791272223,60.527360886631264,0.03304290771484375,0.0,0.03304290771484375,0.03304290771484375,0.0,0.0,0.0,0.0,30.263680443315632,30.263680443315632,73.0,178.0,125.5,52.5,2756.25,0,0,0
53,0.034462928771972656,1,1,73,202,73.0,73.0,202.0,202.0,7979.588787115698,58.03337299720508,0.034462928771972656,0.0,0.034462928771972656,0.034462928771972656,0.0,0.0,0.0,0.0,29.01668649860254,29.01668649860254,73.0,202.0,137.5,64.5,4160.25,0,0,0
80,0.16429495811462402,6,4,418,381,136.0,69.66666666666667,205.0,95.25,4863.204623982191,60.86614047537161,0.018254995346069336,0.018808237712636258,0.04513907432556152,5.4836273193359375e-05,0.032858991622924806,0.03338276942880886,0.0446320374806722,0.03272463915432856,36.519684285222965,24.346456190148643,54.0,205.0,79.9,48.07171725661566,2310.8900000000003,2,2,0
27020,0.08868408203125,1,1,108,56,108.0,108.0,56.0,56.0,1849.2608396421197,22.55196145905024,0.08868408203125,0.0,0.08868408203125,0.08868408203125,0.0,0.0,0.0,0.0,11.27598072952512,11.27598072952512,56.0,108.0,82.0,26.0,676.0,0,0,0
53,0.027380943298339844,1,1,94,158,94.0,94.0,158.0,158.0,9203.481313782175,73.04350249033472,0.027380943298339844,0.0,0.027380943298339844,0.027380943298339844,0.0,0.0,0.0,0.0,36.52175124516736,36.52175124516736,94.0,158.0,126.0,32.0,1024.0,0,0,0
53,0.046061038970947266,1,1,73,178,73.0,73.0,178.0,178.0,5449.290888951003,43.420644533474125,0.046061038970947266,0.0,0.046061038970947266,0.046061038970947266,0.0,0.0,0.0,0.0,21.710322266737062,21.710322266737062,73.0,178.0,125.5,52.5,2756.25,0,0,0
80,0.2720298767089844,7,4,484,391,136.0,69.14285714285714,205.0,97.75,3216.5584552172877,40.43673486558876,0.02720298767089844,0.02822282965037115,0.09206891059875488,7.796287536621094e-05,0.04533831278483073,0.03003222324849654,0.0787645975748698,0.07528215530972157,25.7324676417383,14.704267223850458,54.0,205.0,79.54545454545455,45.64958157005014,2083.884297520661,2,3,0
53,2.229193925857544,2,2,160,517,87.0,80.0,315.0,258.5,303.69722084163953,1.7943705810436605,0.7430646419525146,0.9918014746619854,2.14567494392395,0.037457942962646484,2.1917359828948975,0.0,2.1831328868865967,0.0,0.8971852905218303,0.8971852905218303,73.0,315.0,169.25,97.90907772009703,9586.1875,0,0,0
443,0.04247093200683594,5,4,294,244,78.0,58.8,78.0,61.0,12667.487492702205,211.90964207122647,0.005308866500854492,0.010309757637307126,0.030972957611083984,0.0,0.010617733001708984,0.012614694791356835,0.003683964411417643,0.005209912433926648,117.72757892845915,94.18206314276732,54.0,78.0,59.77777777777778,9.772725967687121,95.50617283950618,2,0,3
443,0.1314830780029297,6,7,1328,2363,866.0,221.33333333333334,1334.0,337.57142857142856,28072.053499673606,98.87203887720317,0.010956923166910807,0.015543180642387404,0.04924201965332031,0.0,0.026296615600585938,0.021337721187340765,0.016532182693481445,0.01837630701729743,45.63324871255531,53.23879016464786,54.0,1334.0,283.9230769230769,373.32816282697365,139373.91715976334,0,2,0
53,0.04805183410644531,1,1,76,158,76.0,76.0,158.0,158.0,4869.741277338943,41.621720319136266,0.04805183410644531,0.0,0.04805183410644531,0.04805183410644531,0.0,0.0,0.0,0.0,20.810860159568133,20.810860159568133,76.0,158.0,117.0,41.0,1681.0,0,0,0
53,0.046000003814697266,1,1,76,141,76.0,76.0,141.0,141.0,4717.390913143082,43.478257263991544,0.046000003814697266,0.0,0.046000003814697266,0.046000003814697266,0.0,0.0,0.0,0.0,21.739128631995772,21.739128631995772,76.0,141.0,108.5,32.5,1056.25,0,0,0
53,0.05548501014709473,1,1,76,129,76.0,76.0,129.0,129.0,3694.691583484086,36.0457715461862,0.05548501014709473,0.0,0.05548501014709473,0.05548501014709473,0.0,0.0,0.0,0.0,18.0228857730931,18.0228857730931,76.0,129.0,102.5,26.5,702.25,0,0,0
53,0.02688288688659668,1,1,89,114,89.0,89.0,114.0,114.0,7551.272333821116,74.3967717617844,0.02688288688659668,0.0,0.02688288688659668,0.02688288688659668,0.0,0.0,0.0,0.0,37.1983858808922,37.1983858808922,89.0,114.0,101.5,12.5,156.25,0,0,0
53,0.03258204460144043,1,1,89,117,89.0,89.0,117.0,117.0,6322.500706137173,61.383502001331784,0.03258204460144043,0.0,0.03258204460144043,0.03258204460144043,0.0,0.0,0.0,0.0,30.691751000665892,30.691751000665892,89.0,117.0,103.0,14.0,196.0,0,0,0
53,0.0030469894409179688,1,1,89,105,89.0,89.0,105.0,105.0,63669.4034428795,656.3856025039123,0.0030469894409179688,0.0,0.0030469894409179688,0.0030469894409179688,0.0,0.0,0.0,0.0,328.19280125195615,328.19280125195615,89.0,105.0,97.0,8.0,64.0,0,0,0
27020,0.06152701377868652,1,1,108,56,108.0,108.0,56.0,56.0,2665.495851788129,32.50604697302597,0.06152701377868652,0.0,0.06152701377868652,0.06152701377868652,0.0,0.0,0.0,0.0,16.253023486512983,16.253023486512983,56.0,108.0,82.0,26.0,676.0,0,0,0
53,1.4698820114135742,3,3,258,736,92.0,86.0,269.0,245.33333333333334,676.2447545324253,4.08196028892812,0.2939764022827148,0.4756566889521816,1.2438468933105469,0.03149914741516113,0.7191914319992065,0.5670574903488159,0.7120710611343384,0.5632749795913696,2.04098014446406,2.04098014446406,74.0,269.0,165.66666666666666,81.71223218642902,6676.888888888888,0,0,0
53,1.4812421798706055,3,3,258,823,92.0,86.0,317.0,274.3333333333333,729.792882413348,4.050654296466316,0.2962484359741211,0.47430463379612336,1.2439229488372803,0.042402029037475586,0.7190760374069214,0.5672489404678345,0.7144720554351807,0.5725409984588623,2.025327148233158,2.025327148233158,74.0,317.0,180.16666666666666,97.8969129010489,9583.805555555555,0,0,0
53,0.03838300704956055,1,1,92,212,92.0,92.0,212.0,212.0,7920.171538604883,52.10639170134791,0.03838300704956055,0.0,0.03838300704956055,0.03838300704956055,0.0,0.0,0.0,0.0,26.053195850673955,26.053195850673955,92.0,212.0,152.0,60.0,3600.0,0,0,0
27020,0.0693049430847168,1,1,108,56,108.0,108.0,56.0,56.0,2366.353577399668,28.85797045609352,0.0693049430847168,0.0,0.0693049430847168,0.0693049430847168,0.0,0.0,0.0,0.0,14.42898522804676,14.42898522804676,56.0,108.0,82.0,26.0,676.0,0,0,0
53,0.03500795364379883,1,1,80,192,80.0,80.0,192.0,192.0,7769.662939101298,57.129874552215426,0.03500795364379883,0.0,0.03500795364379883,0.03500795364379883,0.0,0.0,0.0,0.0,28.564937276107713,28.564937276107713,80.0,192.0,136.0,56.0,3136.0,0,0,0
53,0.039322853088378906,1,1,80,216,80.0,80.0,216.0,216.0,7527.429389081561,50.86100938568622,0.039322853088378906,0.0,0.039322853088378906,0.039322853088378906,0.0,0.0,0.0,0.0,25.43050469284311,25.43050469284311,80.0,216.0,148.0,68.0,4624.0,0,0,0
53,3.20346999168396,2,2,183,396,94.0,91.5,238.0,198.0,180.74150889599517,1.2486460027357178,1.06782333056132,1.439567604633151,3.1036760807037354,0.04673194885253906,3.1504080295562744,0.0,3.156738042831421,0.0,0.6243230013678589,0.6243230013678589,89.0,238.0,144.75,60.32153429746296,3638.6875,0,0,0
53,0.05041193962097168,1,1,89,229,89.0,89.0,229.0,229.0,6308.029454746669,39.67314122482182,0.05041193962097168,0.0,0.05041193962097168,0.05041193962097168,0.0,0.0,0.0,0.0,19.83657061241091,19.83657061241091,89.0,229.0,159.0,70.0,4900.0,0,0,0
443,1.804306983947754,15,15,9406,5609,7260.0,627.0666666666667,2614.0,373.93333333333334,8321.754631325408,16.626882380270544,0.06221748220509496,0.11065201147524364,0.3104989528656006,0.0,0.12887907028198242,0.13876458078022857,0.10882127285003662,0.14293315296515174,8.313441190135272,8.313441190135272,54.0,7260.0,500.5,1357.6031022848074,1843086.1833333333,2,2,1
53,0.04544186592102051,1,1,89,229,89.0,89.0,229.0,229.0,6997.952076895229,44.01227721317754,0.04544186592102051,0.0,0.04544186592102051,0.04544186592102051,0.0,0.0,0.0,0.0,22.00613860658877,22.00613860658877,89.0,229.0,159.0,70.0,4900.0,0,0,0
53,0.05069708824157715,1,1,89,241,89.0,89.0,241.0,241.0,6509.249573220341,39.44999741345661,0.05069708824157715,0.0,0.05069708824157715,0.05069708824157715,0.0,0.0,0.0,0.0,19.724998706728304,19.724998706728304,89.0,241.0,165.0,76.0,5776.0,0,0,0
27020,0.07806396484375,1,1,108,56,108.0,108.0,56.0,56.0,2100.8412822517594,25.620015637216575,0.07806396484375,0.0,0.07806396484375,0.07806396484375,0.0,0.0,0.0,0.0,12.810007818608288,12.810007818608288,56.0,108.0,82.0,26.0,676.0,0,0,0
53,0.033490896224975586,1,1,90,208,90.0,90.0,208.0,208.0,8897.940443223157,59.71772109545743,0.033490896224975586,0.0,0.033490896224975586,0.033490896224975586,0.0,0.0,0.0,0.0,29.858860547728714,29.858860547728714,90.0,208.0,149.0,59.0,3481.0,0,0,0
53,0.03851819038391113,1,1,90,220,90.0,90.0,220.0,220.0,8048.145484256331,51.92351925326665,0.03851819038391113,0.0,0.03851819038391113,0.03851819038391113,0.0,0.0,0.0,0.0,25.961759626633324,25.961759626633324,90.0,220.0,155.0,65.0,4225.0,0,0,0
53,0.035112857818603516,1,1,90,220,90.0,90.0,220.0,220.0,8828.674715156783,56.95919171068892,0.035112857818603516,0.0,0.035112857818603516,0.035112857818603516,0.0,0.0,0.0,0.0,28.47959585534446,28.47959585534446,90.0,220.0,155.0,65.0,4225.0,0,0,0
53,0.04125785827636719,1,1,90,220,90.0,90.0,220.0,220.0,7513.72012389626,48.475613702556515,0.04125785827636719,0.0,0.04125785827636719,0.04125785827636719,0.0,0.0,0.0,0.0,24.237806851278258,24.237806851278258,90.0,220.0,155.0,65.0,4225.0,0,0,0
27020,0.06594705581665039,1,1,108,56,108.0,108.0,56.0,56.0,2486.8433923109737,30.327358442816756,0.06594705581665039,0.0,0.06594705581665039,0.06594705581665039,0.0,0.0,0.0,0.0,15.163679221408378,15.163679221408378,56.0,108.0,82.0,26.0,676.0,0,0,0
53,0.053537845611572266,1,1,79,215,79.0,79.0,215.0,215.0,5491.44248599446,37.35675160540449,0.053537845611572266,0.0,0.053537845611572266,0.053537845611572266,0.0,0.0,0.0,0.0,18.678375802702245,18.678375802702245,79.0,215.0,147.0,68.0,4624.0,0,0,0
53,0.05838203430175781,1,1,79,164,79.0,79.0,164.0,164.0,4162.239341370186,34.25711392074226,0.05838203430175781,0.0,0.05838203430175781,0.05838203430175781,0.0,0.0,0.0,0.0,17.12855696037113,17.12855696037113,79.0,164.0,121.5,42.5,1806.25,0,0,0
53,0.05820298194885254,1,1,79,176,79.0,79.0,176.0,176.0,4381.218821813773,34.36250056324528,0.05820298194885254,0.0,0.05820298194885254,0.05820298194885254,0.0,0.0,0.0,0.0,17.18125028162264,17.18125028162264,79.0,176.0,127.5,48.5,2352.25,0,0,0
53,0.026602983474731445,1,1,79,188,79.0,79.0,188.0,188.0,10036.46828761169,75.17953773491902,0.026602983474731445,0.0,0.026602983474731445,0.026602983474731445,0.0,0.0,0.0,0.0,37.58976886745951,37.58976886745951,79.0,188.0,133.5,54.5,2970.25,0,0,0
53,0.02797698974609375,1,1,79,161,79.0,79.0,161.0,161.0,8578.478320152713,71.48731933460594,0.02797698974609375,0.0,0.02797698974609375,0.02797698974609375,0.0,0.0,0.0,0.0,35.74365966730297,35.74365966730297,79.0,161.0,120.0,41.0,1681.0,0,0,0
53,0.027961015701293945,1,1,79,173,79.0,79.0,173.0,173.0,9012.54813816861,71.52815982673499,0.027961015701293945,0.0,0.027961015701293945,0.027961015701293945,0.0,0.0,0.0,0.0,35.764079913367496,35.764079913367496,79.0,173.0,126.0,47.0,2209.0,0,0,0
53,0.004157066345214844,1,1,79,180,79.0,79.0,180.0,180.0,62303.552190869465,481.1085111264051,0.004157066345214844,0.0,0.004157066345214844,0.004157066345214844,0.0,0.0,0.0,0.0,240.55425556320256,240.55425556320256,79.0,180.0,129.5,50.5,2550.25,0,0,0
53,0.004144191741943359,1,1,79,192,79.0,79.0,192.0,192.0,65392.72718904614,482.6031526866874,0.004144191741943359,0.0,0.004144191741943359,0.004144191741943359,0.0,0.0,0.0,0.0,241.3015763433437,241.3015763433437,79.0,192.0,135.5,56.5,3192.25,0,0,0
443,3.3558499813079834,20,36,5168,32122,1597.0,258.4,3192.0,892.2777777777778,11111.938914940938,16.687277533834607,0.0610154542055997,0.2609869791493634,1.695188045501709,0.0,0.17662368322673597,0.42130149497716346,0.09506865910121373,0.3401669350131033,5.959741976369503,10.727535557465105,54.0,3192.0,665.8928571428571,713.3358425276932,508848.0242346939,0,2,0
443,0.2511320114135742,9,11,1967,9958,662.0,218.55555555555554,5174.0,905.2727272727273,47484.985816330016,79.6393892097778,0.013217474284924959,0.018459762374745302,0.04948711395263672,0.0,0.03139150142669678,0.025946781862723433,0.015735387802124023,0.018001234033705477,35.83772514440001,43.80166406537779,54.0,5174.0,596.25,1127.781090238704,1271890.1875,0,2,0
443,0.3162851333618164,8,14,1932,12872,669.0,241.5,5174.0,919.4285714285714,46805.86735976891,69.55748999695462,0.015061196826753161,0.030253489613922577,0.13286805152893066,0.0,0.04518359048025949,0.04372603209492584,0.022425468151385967,0.036317497956919506,25.293632726165313,44.263857270789295,54.0,5174.0,672.9090909090909,1084.2627117535553,1175625.6280991735,0,2,0
53,1.0168797969818115,2,2,181,411,105.0,90.5,250.0,205.5,582.1730373217247,3.933601603525167,0.3389599323272705,0.43460144673739953,0.9535667896270752,0.028275012969970703,0.9818418025970459,0.0,0.9886047840118408,0.0,1.9668008017625835,1.9668008017625835,76.0,250.0,148.0,66.34380151905677,4401.5,0,0,0
53,1.0301451683044434,2,2,181,435,105.0,90.5,262.0,217.5,597.9739739146656,3.8829478825627635,0.34338172276814777,0.42739756047570354,0.9477481842041016,0.0335240364074707,0.9812722206115723,0.0,0.9966211318969727,0.0,1.9414739412813817,1.9414739412813817,76.0,262.0,154.0,71.60656394493455,5127.5,0,0,0
53,0.025716066360473633,1,1,79,215,79.0,79.0,215.0,215.0,11432.541660099572,77.77239224557532,0.025716066360473633,0.0,0.025716066360473633,0.025716066360473633,0.0,0.0,0.0,0.0,38.88619612278766,38.88619612278766,79.0,215.0,147.0,68.0,4624.0,0,0,0
53,0.02941107749938965,1,1,79,176,79.0,79.0,176.0,176.0,8670.202579463194,68.00158885853484,0.02941107749938965,0.0,0.02941107749938965,0.02941107749938965,0.0,0.0,0.0,0.0,34.00079442926742,34.00079442926742,79.0,176.0,127.5,48.5,2352.25,0,0,0
53,0.027637004852294922,1,1,79,164,79.0,79.0,164.0,164.0,8792.559153884642,72.366742007281,0.027637004852294922,0.0,0.027637004852294922,0.027637004852294922,0.0,0.0,0.0,0.0,36.1833710036405,36.1833710036405,79.0,164.0,121.5,42.5,1806.25,0,0,0
443,0.18513107299804688,2,2,108,110,54.0,54.0,56.0,55.0,1177.5440852238776,21.606313490346377,0.061710357666015625,0.08719172653159431,0.18501806259155273,0.0,0.18513107299804688,0.0,0.0,0.0,10.803156745173188,10.803156745173188,54.0,56.0,54.5,0.8660254037844386,0.75,2,0,0
443,0.25113701820373535,2,2,108,110,54.0,54.0,56.0,55.0,868.0520361325111,15.92756029600938,0.08371233940124512,0.11834262143694509,0.25107407569885254,0.0,0.25113701820373535,0.0,0.0,0.0,7.96378014800469,7.96378014800469,54.0,56.0,54.5,0.8660254037844386,0.75,2,0,0
443,1.484184980392456,4,5,216,274,54.0,54.0,56.0,54.8,330.14752640228954,6.0639341584094,0.185523122549057,0.18573208744963404,0.5327811241149902,0.0,0.29045764605204266,0.05198398488124539,0.2400684952735901,0.21236171248538235,2.6950818481819554,3.3688523102274446,54.0,56.0,54.44444444444444,0.8314794192830981,0.691358024691358,4,0,1
53,0.03330516815185547,1,1,94,158,94.0,94.0,158.0,158.0,7566.393265183404,60.05074019986828,0.03330516815185547,0.0,0.03330516815185547,0.03330516815185547,0.0,0.0,0.0,0.0,30.02537009993414,30.02537009993414,94.0,158.0,126.0,32.0,1024.0,0,0,0
